symbol,symId,first_ts,last_ts,n_rec,first_real_h,last_real_h,first_real_ms,last_real_ms,head_stale_h,tail_stale_h,tail_to_dev_end,n_gap24,h_gap24,max_gap_h,n_short0,n_zero_vol,n_unver,missing_h,max_hole_h,n_hole24,tail_flat_closeonly_h,max_flat_run_h,n_flat24_with_vol,n_out50,n_close_mismatch_vision,vis_only,vis_only_real,vis_only_real_after_last,vis_only_real_before_first,last_close,first_real_close,last_real_close,severity_h
SCUSDT,784,2021-04-12 08:00,2024-04-11 12:00,10556,2021-04-12 08:00,2022-06-17 09:00,1618214400000,1655456400000,0,15939,False,0,0,0,0,210,0,15729,14965,10,15939,27,0,0,0,30837,0,0,0,0.003653000108897686,0.02727299928665161,0.003653000108897686,15939
BTSUSDT,767,2021-02-01 08:00,2024-05-28 07:00,29088,2021-02-01 08:00,2022-08-18 09:00,1612166400000,1660813200000,0,15574,False,0,0,0,0,15574,0,0,0,0,15574,15574,0,0,0,1,0,0,0,0.012509999796748161,0.042180001735687256,0.012509999796748161,15574
SRMUSDT,762,2021-01-01 01:00,2024-05-28 07:00,29839,2021-01-01 01:00,2022-11-15 05:00,1609462800000,1668488400000,0,13442,False,0,0,0,0,13442,0,0,0,0,13442,13442,0,0,0,1,0,0,0,0.28700000047683716,1.0454000234603882,0.28700000047683716,13442
OCEANUSDT,70,2021-01-01 01:00,2026-01-01 00:00,43815,2021-01-01 01:00,2024-06-25 10:00,1609462800000,1719309600000,0,13310,True,0,0,0,0,13302,120,9,8,0,13310,12902,0,0,0,9,1,0,0,0.7070000171661377,0.332069993019104,0.7070000171661377,13310
AGIXUSDT,142,2023-02-16 15:00,2026-01-01 00:00,25161,2023-02-16 15:00,2024-06-25 10:00,1676559600000,1719309600000,0,13310,True,0,0,0,0,13286,0,25,24,1,13310,12902,0,0,0,25,1,0,0,0.7009000182151794,0.44859999418258667,0.7009000182151794,13310
FTTUSDT,782,2022-04-15 04:00,2024-04-11 12:00,5323,2022-04-15 04:00,2022-11-14 04:00,1649995200000,1668398400000,0,12344,False,0,0,0,0,210,0,12134,11370,10,973,27,0,0,0,27242,1,0,0,1.590000033378601,42.30099868774414,1.5729999542236328,12344
RAYUSDT,780,2021-08-20 04:00,2024-04-11 12:00,11059,2021-08-20 04:00,2022-11-15 04:00,1629432000000,1668484800000,0,12320,False,0,0,0,0,210,0,12110,11346,10,973,27,0,0,0,27218,1,0,0,0.24799999594688416,7.659999847412109,0.24699999392032623,12320
KLAYUSDT,108,2021-10-12 04:00,2026-01-01 00:00,36988,2021-10-12 04:00,2024-10-22 09:00,1634011200000,1729587600000,0,10455,True,0,0,0,0,10439,0,17,8,0,10455,10047,0,0,0,17,1,0,0,0.12470000237226486,1.5362999439239502,0.12470000237226486,10455
HNTUSDT,764,2021-01-01 01:00,2024-05-28 07:00,29839,2021-01-01 01:00,2023-03-20 10:00,1609462800000,1679306400000,0,10437,False,0,0,0,0,10437,0,0,0,0,10437,10437,0,0,0,1,0,0,0,1.4329999685287476,1.3122999668121338,1.4329999685287476,10437
UNFIUSDT,77,2021-02-19 08:00,2026-01-01 00:00,42616,2021-02-19 08:00,2024-10-30 10:00,1613721600000,1730282400000,0,10262,True,0,0,1,1,10239,120,25,16,0,10262,9854,0,2,0,25,1,0,0,1.7300000190734863,26.790000915527344,1.7300000190734863,10262
KEYUSDT,169,2023-05-24 13:00,2026-01-01 00:00,22844,2023-05-24 13:00,2024-12-03 09:00,1684933200000,1733216400000,0,9447,True,0,0,1,1,9432,0,16,8,0,9447,9039,0,0,0,16,0,0,0,0.0025176999624818563,0.007021999917924404,0.0025176999624818563,9447
RENUSDT,54,2021-01-01 01:00,2026-01-01 00:00,43823,2021-01-01 01:00,2024-12-03 10:00,1609462800000,1733220000000,0,9446,True,0,0,1,1,9447,0,1,1,0,9446,9446,0,0,0,1,1,0,0,0.04800000041723251,0.32666000723838806,0.04800000041723251,9446
LOOMUSDT,188,2023-10-11 15:00,2026-01-01 00:00,19482,2023-10-11 15:00,2024-12-09 09:00,1697036400000,1733734800000,0,9303,True,0,0,1,1,9288,0,16,8,0,9303,8895,0,0,0,16,0,0,0,0.08111999928951263,0.18529999256134033,0.08111999928951263,9303
ORBSUSDT,191,2023-10-17 07:00,2026-01-01 00:00,19346,2023-10-17 07:00,2024-12-09 09:00,1697526000000,1733734800000,0,9303,True,0,0,1,1,9288,0,16,16,0,9303,8895,0,0,0,16,0,0,0,0.03515699878334999,0.05180000141263008,0.03515699878334999,9303
XEMUSDT,81,2021-03-03 08:00,2026-01-01 00:00,42344,2021-03-03 08:00,2024-12-09 10:00,1614758400000,1733738400000,0,9302,True,0,0,1,1,9295,120,9,8,0,9302,8894,0,0,0,9,1,0,0,0.033799998462200165,0.8224999904632568,0.033799998462200165,9302
BONDUSDT,190,2023-10-15 15:00,2026-01-01 00:00,19378,2023-10-15 15:00,2024-12-16 09:00,1697382000000,1734339600000,0,9135,True,0,0,1,1,9112,0,24,24,1,9135,8727,0,0,0,24,0,0,0,1.069000005722046,6.565999984741211,1.069000005722046,9135
BLZUSDT,53,2021-01-01 01:00,2026-01-01 00:00,43807,2021-01-01 01:00,2024-12-23 09:00,1609462800000,1734944400000,0,8967,True,0,0,1,2,8953,0,17,16,0,8967,8559,0,0,0,17,1,0,0,0.06836000084877014,0.06419999897480011,0.06836000084877014,8967
DARUSDT,123,2022-04-29 04:00,2026-01-01 00:00,32212,2022-04-29 04:00,2024-12-26 10:00,1651204800000,1735207200000,0,8894,True,0,0,1,1,8879,0,17,16,0,8894,8486,0,0,0,17,1,0,0,0.14249999821186066,1.8079999685287476,0.14249999821186066,8894
FTMUSDT,55,2021-01-01 01:00,2026-01-01 00:00,43799,2021-01-01 01:00,2025-01-06 10:00,1609462800000,1736157600000,0,8630,True,0,0,1,1,8607,120,25,24,1,8630,8222,0,1,0,25,1,0,0,0.7702000141143799,0.017212999984622,0.7702000141143799,8630
REEFUSDT,78,2021-02-22 08:00,2026-01-01 00:00,42544,2021-02-22 08:00,2025-01-22 10:00,1613980800000,1737540000000,0,8246,True,0,0,1,1,8223,0,25,24,1,8247,7839,1,0,0,25,1,0,0,0.0008800000068731606,0.039521001279354095,0.0008800000068731606,8246
OMGUSDT,51,2021-01-01 01:00,2026-01-01 00:00,43807,2021-01-01 01:00,2025-01-31 10:00,1609462800000,1738317600000,0,8030,True,0,0,1,1,8015,120,17,16,0,8031,7631,1,0,0,17,1,0,0,0.29100000858306885,2.517199993133545,0.29100000858306885,8030
LITUSDT,76,2021-02-18 08:00,2026-01-01 00:00,42527,2021-02-18 08:00,2026-01-01 00:00,1613635200000,1767225600000,0,0,False,1,7719,7719,2,7697,120,138,113,2,0,7623,0,0,0,121,1,0,0,2.500999927520752,12.112000465393066,2.500999927520752,7719
AMBUSDT,157,2023-03-30 13:00,2026-01-01 00:00,24155,2023-03-30 13:00,2025-02-21 09:00,1680181200000,1740128400000,0,7527,True,0,0,1,1,7512,0,25,16,0,7527,7119,0,0,0,25,9,0,0,0.0011879999656230211,0.01360000018030405,0.0011879999656230211,7527
STMXUSDT,89,2021-03-22 08:00,2026-01-01 00:00,41872,2021-03-22 08:00,2025-02-21 10:00,1616400000000,1740132000000,0,7526,True,0,0,1,1,7503,0,25,24,1,7526,7118,0,0,0,25,1,0,0,0.0038799999747425318,0.05996000021696091,0.0038799999747425318,7526
LINAUSDT,88,2021-03-19 08:00,2026-01-01 00:00,41952,2021-03-19 08:00,2025-03-27 10:00,1616140800000,1743069600000,0,6710,True,0,0,1,1,6695,120,17,16,0,6710,6302,0,0,0,17,1,0,0,0.000742000003810972,0.18897999823093414,0.000742000003810972,6710
COMBOUSDT,170,2023-06-02 13:00,2026-01-01 00:00,22628,2023-06-02 13:00,2025-03-27 10:00,1685710800000,1743069600000,0,6710,True,0,0,1,1,6695,0,16,8,0,6710,6302,0,0,0,16,0,0,0,0.06949999928474426,1.6648000478744507,0.06949999928474426,6710
VIDTUSDT,274,2024-08-23 10:00,2026-01-01 00:00,11871,2024-08-23 10:00,2025-04-14 10:00,1724407200000,1744624800000,0,6278,True,0,0,1,1,6255,0,24,24,1,6279,5871,1,1,0,24,0,0,0,0.0029299999587237835,0.03671000152826309,0.0029299999587237835,6278
TROYUSDT,306,2024-10-31 14:00,2026-01-01 00:00,10211,2024-10-31 14:00,2025-04-14 10:00,1730383200000,1744624800000,0,6278,True,0,0,0,0,6254,0,24,24,1,6279,5871,1,0,0,24,0,0,0,0.00018699999782256782,0.0030010000336915255,0.00018699999782256782,6278
BALUSDT,6,2021-01-01 01:00,2026-01-01 00:00,43807,2021-01-01 01:00,2025-04-14 10:00,1609462800000,1744624800000,0,6278,True,0,0,1,1,6263,0,17,16,0,6278,5870,0,0,0,17,1,0,0,0.8289999961853027,13.909000396728516,0.8289999961853027,6278
BADGERUSDT,205,2023-11-09 13:00,2026-01-01 00:00,18780,2023-11-09 13:00,2025-04-14 10:00,1699534800000,1744624800000,0,6278,True,0,0,1,1,6255,0,24,24,1,6278,5870,0,0,0,24,0,0,0,0.8357999920845032,4.2230000495910645,0.8357999920845032,6278
NULSUSDT,275,2024-08-26 09:00,2026-01-01 00:00,11800,2024-08-26 09:00,2025-04-14 10:00,1724662800000,1744624800000,0,6278,True,0,0,1,1,6255,0,24,24,1,6278,5870,0,0,0,24,0,0,0,0.031300000846385956,0.5511000156402588,0.031300000846385956,6278
ALPACAUSDT,271,2024-08-22 11:00,2026-01-01 00:00,11902,2024-08-22 11:00,2025-04-30 10:00,1724324400000,1746007200000,0,5894,True,0,0,1,1,5879,0,16,16,0,5894,5494,0,4,0,16,0,0,0,1.190000057220459,0.21199999749660492,1.190000057220459,5894
TOMOUSDT,769,2021-01-01 01:00,2024-05-28 07:00,29839,2021-01-01 01:00,2023-11-14 09:00,1609462800000,1699952400000,0,4702,False,0,0,0,0,4702,0,0,0,0,4702,4702,0,0,0,1,0,0,0,1.2791999578475952,0.6825000047683716,1.2791999578475952,4702
LOKAUSDT,294,2024-09-24 12:00,2026-01-01 00:00,11109,2024-09-24 12:00,2025-07-21 09:00,1727179200000,1753088400000,0,3927,True,0,0,1,1,3912,0,16,8,0,3927,3519,0,0,0,16,0,0,0,0.11322999745607376,0.27219998836517334,0.11322999745607376,3927
DEFIUSDT,46,2021-01-01 01:00,2026-01-01 00:00,43815,2021-01-01 01:00,2025-08-11 09:00,1609462800000,1754902800000,0,3423,True,0,0,1,1,3416,0,9,8,0,3423,3015,0,0,0,9,1,0,0,930.0,660.2999877929688,930.0,3423
MEMEFIUSDT,421,2025-04-25 08:00,2026-01-01 00:00,5993,2025-04-25 08:00,2025-08-11 10:00,1745568000000,1754906400000,0,3422,True,0,0,0,0,3398,0,24,24,1,3422,3014,0,2,0,24,0,0,0,0.0022009999956935644,0.0018179999897256494,0.0022009999956935644,3422
LEVERUSDT,158,2023-03-30 13:00,2026-01-01 00:00,24163,2023-03-30 13:00,2025-09-03 09:00,1680181200000,1756890000000,0,2871,True,0,0,1,1,2856,0,17,16,0,2871,2463,0,2,0,17,1,0,0,0.00011249999806750566,0.0019859999883919954,0.00011249999806750566,2871
MKRUSDT,38,2021-01-01 01:00,2026-01-01 00:00,43807,2021-01-01 01:00,2025-09-08 09:00,1609462800000,1757322000000,0,2751,True,0,0,1,1,2736,120,17,16,0,2751,2351,0,0,0,17,1,0,0,1650.0999755859375,597.77001953125,1650.0999755859375,2751
BSWUSDT,280,2024-09-05 07:00,2026-01-01 00:00,11586,2024-09-05 07:00,2025-09-15 09:00,1725519600000,1757926800000,0,2583,True,0,0,1,1,2584,0,0,0,0,2583,2583,0,1,0,0,0,0,0,0.012199999764561653,0.08495000004768372,0.012199999764561653,2583
OMNIUSDT,253,2024-04-17 15:00,2026-01-01 00:00,14946,2024-04-17 15:00,2025-09-22 10:00,1713366000000,1758535200000,0,2414,True,0,0,1,1,2399,0,16,16,0,2414,2006,0,1,0,16,0,0,0,4.27400016784668,30.450000762939453,4.27400016784668,2414
ALPHAUSDT,23,2021-01-01 01:00,2026-01-01 00:00,43807,2021-01-01 01:00,2025-09-23 10:00,1609462800000,1758621600000,0,2390,True,0,0,1,1,2375,0,17,8,0,2390,1982,0,3,0,17,1,0,0,0.020269999280571938,0.18774999678134918,0.020269999280571938,2390
NEIROETHUSDT,282,2024-09-06 15:00,2026-01-01 00:00,11530,2024-09-06 15:00,2025-09-26 10:00,1725634800000,1758880800000,0,2318,True,0,0,1,1,2295,0,24,24,1,2318,1910,0,0,0,24,0,0,0,0.008630000054836273,0.14959999918937683,0.008630000054836273,2318
UXLINKUSDT,286,2024-09-15 16:00,2026-01-01 00:00,11313,2024-09-15 16:00,2025-09-26 10:00,1726416000000,1758880800000,0,2318,True,0,0,1,1,2295,0,24,24,1,2318,1910,0,0,0,24,0,0,0,0.07289999723434448,0.39149999618530273,0.07289999723434448,2318
BAKEUSDT,97,2021-05-19 08:00,2026-01-01 00:00,40480,2021-05-19 08:00,2025-10-03 09:00,1621411200000,1759482000000,0,2151,True,0,0,1,1,2128,0,25,24,1,2151,1743,0,2,0,25,1,0,0,0.024900000542402267,5.790299892425537,0.024900000542402267,2151
HIFIUSDT,184,2023-09-16 15:00,2026-01-01 00:00,20082,2023-09-16 15:00,2025-10-03 10:00,1694876400000,1759485600000,0,2150,True,0,0,1,1,2135,0,16,16,0,2150,1742,0,1,0,16,0,0,0,0.09390000253915787,2.3629000186920166,0.09390000253915787,2150
SLERFUSDT,322,2024-11-21 12:00,2026-01-01 00:00,9717,2024-11-21 12:00,2025-10-20 10:00,1732190400000,1760954400000,0,1742,True,0,0,0,0,1726,0,16,16,0,1742,1334,0,4,3,16,0,0,0,0.07058999687433243,0.39899998903274536,0.07058999687433243,1742
FOOTBALLUSDT,776,2022-09-01 04:00,2024-05-28 07:00,15244,2022-09-01 04:00,2024-03-26 09:00,1662004800000,1711443600000,0,1510,False,0,0,0,0,1510,0,0,0,0,1510,1510,0,0,0,1,0,0,0,633.47998046875,1228.739990234375,633.47998046875,1510
BLUEBIRDUSDT,778,2022-11-02 13:00,2024-05-28 07:00,13747,2022-11-02 13:00,2024-03-26 09:00,1667394000000,1711443600000,0,1510,False,0,0,0,0,1510,0,0,0,0,1510,1510,0,0,0,1,0,0,0,16.809999465942383,9.663999557495117,16.809999465942383,1510
ANTUSDT,771,2021-12-27 05:00,2024-05-28 07:00,21195,2021-12-27 05:00,2024-04-01 09:00,1640581200000,1711962000000,0,1366,False,0,0,0,0,1366,0,0,0,0,1366,1366,0,0,0,1,0,0,0,8.914999961853027,10.184000015258789,8.914999961853027,1366
AI16ZUSDT,356,2025-01-02 14:00,2026-01-01 00:00,8707,2025-01-02 14:00,2025-11-06 10:00,1735826400000,1762423200000,0,1334,True,0,0,0,0,1318,0,16,16,0,1335,927,1,0,0,16,0,0,0,0.06168000027537346,2.0810000896453857,0.06168000027537346,1334
KDAUSDT,289,2024-09-18 14:00,2026-01-01 00:00,11251,2024-09-18 14:00,2025-11-06 10:00,1726668000000,1762423200000,0,1334,True,0,0,1,1,1319,0,16,16,0,1334,926,0,0,0,16,0,0,0,0.02476000040769577,0.6209999918937683,0.02476000040769577,1334
MYROUSDT,242,2024-03-05 09:00,2026-01-01 00:00,15976,2024-03-05 09:00,2025-11-14 09:00,1709629200000,1763110800000,0,1143,True,0,0,1,1,1120,0,24,24,1,1143,735,0,0,0,24,0,0,0,0.010010000318288803,0.29627999663352966,0.010010000318288803,1143
1000XUSDT,317,2024-11-13 13:00,2026-01-01 00:00,9908,2024-11-13 13:00,2025-11-14 09:00,1731502800000,1763110800000,0,1143,True,0,0,0,0,1127,0,16,16,0,1143,735,0,0,0,16,0,0,0,0.025550000369548798,0.3146800100803375,0.025550000369548798,1143
FLMUSDT,72,2021-01-01 01:00,2026-01-01 00:00,43800,2021-01-01 01:00,2025-11-21 09:00,1609462800000,1763715600000,0,975,True,0,0,1,1,952,120,24,24,1,975,567,0,0,0,24,0,0,0,0.008200000040233135,0.1266999989748001,0.008200000040233135,975
XCNUSDT,411,2025-04-11 16:00,2026-01-01 00:00,6313,2025-04-11 16:00,2025-11-21 09:00,1744387200000,1763715600000,0,975,True,0,0,0,0,943,0,32,24,1,975,567,0,0,0,32,0,0,0,0.00494999997317791,0.0243500005453825,0.00494999997317791,975
PERPUSDT,151,2023-03-06 13:00,2026-01-01 00:00,24740,2023-03-06 13:00,2025-11-21 10:00,1678107600000,1763719200000,0,974,True,0,0,1,1,959,0,16,8,0,974,566,0,0,0,16,0,0,0,0.07810000330209732,1.0499999523162842,0.07810000330209732,974
PORT3USDT,452,2025-06-04 09:00,2026-01-01 00:00,5048,2025-06-04 09:00,2025-11-23 07:00,1749027600000,1763881200000,0,929,True,0,0,0,0,921,0,8,8,0,929,521,0,1,0,8,0,0,0,0.011819999665021896,0.051899999380111694,0.011819999665021896,929
PONKEUSDT,308,2024-11-04 13:00,2026-01-01 00:00,10116,2024-11-04 13:00,2025-11-28 09:00,1730725200000,1764320400000,0,807,True,0,0,0,0,783,0,24,24,1,807,399,0,0,0,24,0,0,0,0.03807000070810318,0.49783000349998474,0.03807000070810318,807
SWELLUSDT,314,2024-11-08 17:00,2026-01-01 00:00,10024,2024-11-08 17:00,2025-11-28 09:00,1731085200000,1764320400000,0,807,True,0,0,0,0,791,0,16,16,0,807,399,0,0,0,16,0,0,0,0.002520000096410513,0.04864000156521797,0.002520000096410513,807
QUICKUSDT,281,2024-09-06 06:00,2026-01-01 00:00,11539,2024-09-06 06:00,2025-11-28 10:00,1725602400000,1764324000000,0,806,True,0,0,1,1,783,0,24,24,1,807,399,1,0,0,24,0,0,0,0.012849999591708183,0.04349999874830246,0.012849999591708183,806
STRAXUSDT,789,2023-10-11 03:00,2024-04-11 12:00,3899,2023-10-11 03:00,2024-03-15 09:00,1696993200000,1710493200000,0,651,False,0,0,0,0,148,0,503,241,4,651,27,0,0,0,15611,0,0,0,1.4174000024795532,0.7226999998092651,1.4174000024795532,651
MILKUSDT,433,2025-05-06 14:00,2026-01-01 00:00,5731,2025-05-06 14:00,2025-12-05 09:00,1746540000000,1764925200000,0,639,True,0,0,0,0,623,0,16,16,0,639,391,0,0,0,16,0,0,0,0.010080000385642052,0.12471000105142593,0.010080000385642052,639
OBOLUSDT,435,2025-05-07 11:00,2026-01-01 00:00,5710,2025-05-07 11:00,2025-12-05 10:00,1746615600000,1764928800000,0,638,True,0,0,0,0,622,0,16,16,0,638,391,0,0,0,16,0,0,0,0.03319999948143959,0.3803600072860718,0.03319999948143959,638
SXPUSDT,61,2021-01-01 01:00,2026-01-01 00:00,43800,2021-01-01 01:00,2025-12-05 10:00,1609462800000,1764928800000,0,638,True,0,0,1,1,615,0,24,24,1,638,383,0,0,0,24,0,0,0,0.06560000032186508,0.7459999918937683,0.06560000032186508,638
TOKENUSDT,202,2023-11-03 16:00,2026-01-01 00:00,18929,2023-11-03 16:00,2025-12-05 10:00,1699027200000,1764928800000,0,638,True,0,0,1,1,623,0,16,8,0,638,383,0,0,0,16,0,0,0,0.0038169999606907368,0.04834999889135361,0.0038169999606907368,638
FISUSDT,422,2025-04-25 08:00,2026-01-01 00:00,6001,2025-04-25 08:00,2025-12-10 09:00,1745568000000,1765357200000,0,519,True,0,0,0,0,503,0,16,16,0,519,391,0,0,0,16,0,0,0,0.026809999719262123,0.2067900002002716,0.026809999719262123,519
VOXELUSDT,269,2024-08-20 11:00,2026-01-01 00:00,11950,2024-08-20 11:00,2025-12-10 09:00,1724151600000,1765357200000,0,519,True,0,0,1,1,504,0,16,8,0,519,383,0,0,0,16,0,0,0,0.021570000797510147,0.2249000072479248,0.021570000797510147,519
REIUSDT,296,2024-09-27 12:00,2026-01-01 00:00,11029,2024-09-27 12:00,2025-12-10 10:00,1727438400000,1765360800000,0,518,True,0,0,1,1,495,0,24,24,1,518,383,0,0,0,24,0,0,0,0.005640000104904175,0.07197999954223633,0.005640000104904175,518
SKATEUSDT,455,2025-06-09 11:00,2026-01-01 00:00,4902,2025-06-09 11:00,2025-12-10 10:00,1749466800000,1765360800000,0,518,True,0,0,0,0,486,0,32,24,1,519,327,1,1,0,32,0,0,0,0.005030000116676092,0.06614000350236893,0.005030000116676092,518
AIAUSDT,525,2025-09-18 09:00,2026-01-01 00:00,2504,2025-09-18 09:00,2025-12-11 13:00,1758186000000,1765458000000,0,491,True,0,0,0,0,483,0,8,8,0,491,399,0,0,0,8,0,0,0,0.1736000031232834,0.5378699898719788,0.1736000031232834,491
GALUSDT,768,2022-05-05 15:00,2024-07-30 06:00,19600,2022-05-05 15:00,2024-07-11 10:00,1651762800000,1720692000000,0,452,False,0,0,0,0,452,0,0,0,0,452,452,0,1,0,1,0,0,0,2.4749999046325684,15.980799674987793,2.4749999046325684,452
FRONTUSDT,186,2023-09-22 15:00,2024-09-11 00:00,8506,2023-09-22 15:00,2024-08-23 09:00,1695394800000,1724403600000,0,447,False,0,0,0,0,447,0,0,0,0,447,447,0,0,0,10,0,0,0,0.8996000289916992,0.42590001225471497,0.8996000289916992,447
RNDRUSDT,770,2023-02-03 03:00,2024-07-30 06:00,13036,2023-02-03 03:00,2024-07-16 09:00,1675393200000,1721120400000,0,333,False,0,0,0,0,333,0,0,0,0,333,333,0,0,0,1,0,0,0,6.616099834442139,1.5760999917984009,6.616099834442139,333
BTTUSDT,774,2021-04-06 08:00,2022-01-26 11:00,7084,2021-04-06 08:00,2022-01-14 03:00,1617696000000,1642129200000,0,296,False,0,0,0,0,296,0,0,0,0,296,296,0,0,0,1,0,0,0,0.0026199999265372753,0.010389000177383423,0.0026199999265372753,296
AUDIOUSDT,765,2021-08-19 04:00,2024-05-28 07:00,24316,2021-08-19 04:00,2024-05-16 10:00,1629345600000,1715853600000,0,285,False,0,0,0,0,285,0,0,0,0,285,285,0,0,0,1,0,0,0,0.1632000058889389,3.1623001098632812,0.1632000058889389,285
DGBUSDT,783,2021-04-21 04:00,2024-04-11 12:00,25841,2021-04-21 04:00,2024-04-01 09:00,1618977600000,1711962000000,0,243,False,0,0,0,0,11,0,232,232,1,10,10,0,0,0,15340,1,0,0,0.019220000132918358,0.13183000683784485,0.019600000232458115,243
MATICUSDT,35,2021-01-01 01:00,2024-09-11 00:00,32375,2021-01-01 01:00,2024-09-04 09:00,1609462800000,1725440400000,0,159,False,0,0,0,0,159,0,1,1,0,159,159,0,0,0,11,1,0,0,0.3846000134944916,0.017839999869465828,0.3846000134944916,159
LUNAUSDT,760,2021-01-28 08:00,2022-05-13 06:00,11159,2021-01-28 08:00,2022-05-12 16:00,1611820800000,1652371200000,0,14,False,0,0,0,0,14,0,120,72,2,14,14,0,7,0,1,0,0,0,0.00800000037997961,1.3321000337600708,0.00800000037997961,14
AKROUSDT,766,2021-01-19 08:00,2022-05-27 09:00,11834,2021-01-19 08:00,2022-05-27 07:00,1611043200000,1653634800000,0,2,False,0,0,0,0,2,0,0,0,0,3,3,0,0,0,1,0,0,0,0.0032599999103695154,0.016499999910593033,0.0032599999103695154,2
ANCUSDT,761,2022-03-08 04:00,2022-05-13 06:00,1587,2022-03-08 04:00,2022-05-13 05:00,1646712000000,1652418000000,0,1,False,0,0,0,0,1,0,0,0,0,1,1,0,4,0,1,0,0,0,0.05550000071525574,4.144999980926514,0.05550000071525574,1
DYDXUSDT,103,2021-09-10 04:00,2026-01-01 00:00,37749,2021-09-10 04:00,2026-01-01 00:00,1631246400000,1767225600000,0,0,False,0,0,1,1,1,0,24,24,1,1,10,0,0,0,24,24,0,0,0.16699999570846558,12.822999954223633,0.16699999570846558,0
GTCUSDT,98,2021-06-11 04:00,2026-01-01 00:00,39933,2021-06-11 04:00,2026-01-01 00:00,1623384000000,1767225600000,0,0,False,0,0,1,1,1,120,24,24,1,1,9,0,0,0,24,24,0,0,0.12999999523162842,15.777000427246094,0.12999999523162842,0
1000WHYUSDT,324,2024-11-25 12:00,2026-01-01 00:00,9613,2024-11-25 12:00,2026-01-01 00:00,1732536000000,1767225600000,0,0,False,0,0,0,0,0,0,24,24,1,0,8,0,0,0,24,24,0,0,1.5300000086426735e-05,0.0002479999966453761,1.5300000086426735e-05,0
CELOUSDT,106,2021-09-27 04:00,2026-01-01 00:00,37349,2021-09-27 04:00,2026-01-01 00:00,1632715200000,1767225600000,0,0,False,0,0,1,1,1,0,16,16,0,0,7,0,0,0,16,16,0,0,0.10999999940395355,6.690000057220459,0.10999999940395355,0
FLOWUSDT,116,2022-02-10 04:00,2026-01-01 00:00,34077,2022-02-10 04:00,2026-01-01 00:00,1644465600000,1767225600000,0,0,False,0,0,1,1,1,120,24,24,1,0,7,0,0,0,24,24,0,0,0.09000000357627869,8.034000396728516,0.09000000357627869,0
1000SATSUSDT,217,2023-12-12 15:00,2026-01-01 00:00,17986,2023-12-12 15:00,2026-01-01 00:00,1702393200000,1767225600000,0,0,False,0,0,1,1,1,0,24,24,1,0,7,0,0,0,24,24,0,0,1.4899999769113492e-05,0.0005000000237487257,1.4899999769113492e-05,0
ZKJUSDT,438,2025-05-13 10:00,2026-01-01 00:00,5567,2025-05-13 10:00,2026-01-01 00:00,1747130400000,1767225600000,0,0,False,0,0,0,0,0,0,16,16,0,0,7,0,1,0,16,16,0,0,0.03849999979138374,2.121999979019165,0.03849999979138374,0
XTZUSDT,17,2021-01-01 01:00,2026-01-01 00:00,43800,2021-01-01 01:00,2026-01-01 00:00,1609462800000,1767225600000,0,0,False,0,0,1,1,1,0,24,24,1,0,6,0,0,0,24,24,0,0,0.4950000047683716,2.006999969482422,0.4950000047683716,0
CRVUSDT,60,2021-01-01 01:00,2026-01-01 00:00,43800,2021-01-01 01:00,2026-01-01 00:00,1609462800000,1767225600000,0,0,False,0,0,1,1,1,0,24,24,1,0,6,0,0,0,24,24,0,0,0.3580000102519989,0.6420000195503235,0.3580000102519989,0
DENTUSDT,90,2021-03-24 05:00,2026-01-01 00:00,41836,2021-03-24 05:00,2026-01-01 00:00,1616562000000,1767225600000,0,0,False,0,0,1,1,1,0,16,8,0,2,6,0,0,0,16,16,0,0,0.0002010000025620684,0.01016900036484003,0.0002010000025620684,0
CELRUSDT,91,2021-03-29 08:00,2026-01-01 00:00,41705,2021-03-29 08:00,2026-01-01 00:00,1617004800000,1767225600000,0,0,False,0,0,1,1,1,0,24,24,1,0,6,0,0,0,24,24,0,0,0.0036299999337643385,0.09060999751091003,0.0036299999337643385,0
OGNUSDT,94,2021-04-01 08:00,2026-01-01 00:00,41633,2021-04-01 08:00,2026-01-01 00:00,1617264000000,1767225600000,0,0,False,0,0,1,1,1,120,24,24,1,0,6,0,1,0,24,24,0,0,0.029600000008940697,1.867400050163269,0.029600000008940697,0
ATAUSDT,102,2021-08-31 04:00,2026-01-01 00:00,37989,2021-08-31 04:00,2026-01-01 00:00,1630382400000,1767225600000,0,0,False,0,0,1,1,1,0,24,24,1,0,6,0,0,2,24,24,0,0,0.016899999231100082,1.573799967765808,0.016899999231100082,0
HIPPOUSDT,318,2024-11-13 13:00,2026-01-01 00:00,9892,2024-11-13 13:00,2026-01-01 00:00,1731502800000,1767225600000,0,0,False,0,0,0,0,0,0,32,24,1,0,6,0,3,0,32,32,0,0,0.001044000033289194,0.023019999265670776,0.001044000033289194,0
RVNUSDT,79,2021-02-23 08:00,2026-01-01 00:00,42521,2021-02-23 08:00,2026-01-01 00:00,1614067200000,1767225600000,0,0,False,0,0,1,1,1,120,24,24,1,0,5,0,1,0,24,24,0,0,0.006829999852925539,0.17718000710010529,0.006829999852925539,0
CHRUSDT,83,2021-03-12 08:00,2026-01-01 00:00,42113,2021-03-12 08:00,2026-01-01 00:00,1615536000000,1767225600000,0,0,False,0,0,1,1,1,0,24,24,1,1,5,0,0,0,24,24,0,0,0.04019999876618385,0.4706000089645386,0.04019999876618385,0
C98USDT,100,2021-08-24 04:00,2026-01-01 00:00,38165,2021-08-24 04:00,2026-01-01 00:00,1629777600000,1767225600000,0,0,False,0,0,1,1,1,0,16,8,0,0,5,0,0,0,16,16,0,0,0.021700000390410423,3.140000104904175,0.021700000390410423,0
CTSIUSDT,110,2021-10-26 04:00,2026-01-01 00:00,36645,2021-10-26 04:00,2026-01-01 00:00,1635220800000,1767225600000,0,0,False,0,0,1,1,1,0,24,24,1,0,5,0,0,0,24,24,0,0,0.03150000050663948,0.8569999933242798,0.03150000050663948,0
PEOPLEUSDT,113,2021-12-24 05:00,2026-01-01 00:00,35236,2021-12-24 05:00,2026-01-01 00:00,1640322000000,1767225600000,0,0,False,0,0,1,1,1,120,16,8,0,0,5,0,1,0,16,16,0,0,0.009449999779462814,0.1711300015449524,0.009449999779462814,0
ZEREBROUSDT,357,2025-01-02 15:00,2026-01-01 00:00,8706,2025-01-02 15:00,2026-01-01 00:00,1735830000000,1767225600000,0,0,False,0,0,0,0,0,0,16,16,0,0,5,0,1,0,16,16,0,0,0.02442999929189682,0.6780999898910522,0.02442999929189682,0
ANIMEUSDT,372,2025-01-23 18:00,2026-01-01 00:00,8199,2025-01-23 18:00,2026-01-01 00:00,1737655200000,1767225600000,0,0,False,0,0,0,0,0,0,16,16,0,0,5,0,0,0,16,16,0,0,0.007203000131994486,0.09369999915361404,0.007203000131994486,0
BRUSDT,395,2025-03-21 13:00,2026-01-01 00:00,6828,2025-03-21 13:00,2026-01-01 00:00,1742562000000,1767225600000,0,0,False,0,0,0,0,0,0,24,24,1,0,5,0,1,0,24,24,0,0,0.060679998248815536,0.17219999432563782,0.060679998248815536,0
EOSUSDT,4,2021-01-01 01:00,2024-11-22 00:00,34103,2021-01-01 01:00,2024-11-22 00:00,1609462800000,1732233600000,0,0,False,0,0,1,1,1,0,1,1,0,0,4,0,0,0,4331,4330,4329,0,0.6679999828338623,2.6059999465942383,0.6679999828338623,0
SNXUSDT,32,2021-01-01 01:00,2026-01-01 00:00,43808,2021-01-01 01:00,2026-01-01 00:00,1609462800000,1767225600000,0,0,False,0,0,1,1,1,0,16,8,0,0,4,0,0,0,16,16,0,0,0.41100001335144043,7.482999801635742,0.41100001335144043,0
1INCHUSDT,36,2021-01-01 01:00,2026-01-01 00:00,43808,2021-01-01 01:00,2026-01-01 00:00,1609462800000,1767225600000,0,0,False,0,0,1,1,1,0,16,16,0,1,4,0,1,0,16,16,0,0,0.1412999927997589,1.3245999813079834,0.1412999927997589,0
THETAUSDT,40,2021-01-01 01:00,2026-01-01 00:00,43808,2021-01-01 01:00,2026-01-01 00:00,1609462800000,1767225600000,0,0,False,0,0,1,1,1,0,16,16,0,0,4,0,0,0,16,16,0,0,0.2635999917984009,1.8550000190734863,0.2635999917984009,0
KAVAUSDT,41,2021-01-01 01:00,2026-01-01 00:00,43800,2021-01-01 01:00,2026-01-01 00:00,1609462800000,1767225600000,0,0,False,0,0,1,1,1,0,24,24,1,1,4,0,0,0,24,24,0,0,0.07509999722242355,1.3183000087738037,0.07509999722242355,0
ICXUSDT,52,2021-01-01 01:00,2026-01-01 00:00,43808,2021-01-01 01:00,2026-01-01 00:00,1609462800000,1767225600000,0,0,False,0,0,1,1,1,0,16,8,0,0,4,0,0,0,16,16,0,0,0.053199999034404755,0.4717999994754791,0.053199999034404755,0
ZILUSDT,68,2021-01-01 01:00,2026-01-01 00:00,43800,2021-01-01 01:00,2026-01-01 00:00,1609462800000,1767225600000,0,0,False,0,0,1,1,1,120,24,24,1,0,4,0,0,0,24,24,0,0,0.004660000093281269,0.08635000139474869,0.004660000093281269,0
ANKRUSDT,75,2021-01-26 08:00,2026-01-01 00:00,43201,2021-01-26 08:00,2026-01-01 00:00,1611648000000,1767225600000,0,0,False,0,0,1,1,1,0,16,16,0,0,4,0,0,0,16,16,0,0,0.006215000059455633,0.010462000034749508,0.006215000059455633,0
MANAUSDT,84,2021-03-15 08:00,2026-01-01 00:00,42049,2021-03-15 08:00,2026-01-01 00:00,1615795200000,1767225600000,0,0,False,0,0,1,1,1,120,16,8,0,1,4,0,0,0,16,16,0,0,0.12139999866485596,1.0390000343322754,0.12139999866485596,0
ALICEUSDT,85,2021-03-16 04:00,2026-01-01 00:00,42021,2021-03-16 04:00,2026-01-01 00:00,1615867200000,1767225600000,0,0,False,0,0,1,1,1,0,24,24,1,0,4,0,0,0,24,24,0,0,0.16300000250339508,23.388999938964844,0.16300000250339508,0
ONEUSDT,87,2021-03-18 08:00,2026-01-01 00:00,41977,2021-03-18 08:00,2026-01-01 00:00,1616054400000,1767225600000,0,0,False,0,0,1,1,1,120,16,16,0,1,4,0,0,0,16,16,0,0,0.0035500000230968,0.08059000223875046,0.0035500000230968,0
HOTUSDT,92,2021-03-30 08:00,2026-01-01 00:00,41681,2021-03-30 08:00,2026-01-01 00:00,1617091200000,1767225600000,0,0,False,0,0,1,1,1,120,24,24,1,0,4,0,0,0,24,24,0,0,0.0004619999963324517,0.016246000304818153,0.0004619999963324517,0
TUSDT,138,2023-02-01 14:00,2026-01-01 00:00,25531,2023-02-01 14:00,2026-01-01 00:00,1675260000000,1767225600000,0,0,False,0,0,1,1,1,0,16,16,0,0,4,0,0,3,16,16,0,0,0.008559999987483025,0.04778999835252762,0.008559999987483025,0
BNXUSDT,148,2023-02-22 15:00,2024-11-22 00:00,15321,2023-02-22 15:00,2024-11-22 00:00,1677078000000,1732233600000,0,0,False,0,0,1,1,1,0,1,1,0,0,4,0,0,0,16942,9992,2770,7221,0.5077000260353088,1.5520000457763672,0.5077000260353088,0
TRUUSDT,152,2023-03-07 13:00,2026-01-01 00:00,24708,2023-03-07 13:00,2026-01-01 00:00,1678194000000,1767225600000,0,0,False,0,0,1,1,1,0,24,24,1,0,4,0,0,0,24,24,0,0,0.009859999641776085,0.12467999756336212,0.009859999641776085,0
UMAUSDT,168,2023-05-10 13:00,2026-01-01 00:00,23180,2023-05-10 13:00,2026-01-01 00:00,1683723600000,1767225600000,0,0,False,0,0,1,1,1,0,16,8,0,0,4,0,0,0,16,16,0,0,0.699999988079071,2.690000057220459,0.699999988079071,0
POWRUSDT,197,2023-10-27 03:00,2026-01-01 00:00,19102,2023-10-27 03:00,2026-01-01 00:00,1698375600000,1767225600000,0,0,False,0,0,1,1,1,0,24,8,0,0,4,0,0,0,24,24,0,0,0.08295000344514847,0.2443999946117401,0.08295000344514847,0
POPCATUSDT,272,2024-08-22 14:00,2026-01-01 00:00,11899,2024-08-22 14:00,2026-01-01 00:00,1724335200000,1767225600000,0,0,False,0,0,1,1,1,0,16,16,0,0,4,0,0,0,16,16,0,0,0.0737999975681305,0.5708000063896179,0.0737999975681305,0
SWARMSUSDT,361,2025-01-07 13:00,2026-01-01 00:00,8572,2025-01-07 13:00,2026-01-01 00:00,1736254800000,1767225600000,0,0,False,0,0,0,0,0,0,32,24,1,0,4,0,0,0,32,32,0,0,0.014279999770224094,0.46149998903274536,0.014279999770224094,0
MELANIAUSDT,370,2025-01-20 10:00,2026-01-01 00:00,8287,2025-01-20 10:00,2026-01-01 00:00,1737367200000,1767225600000,0,0,False,0,0,0,0,0,0,8,8,0,0,4,0,0,0,8,8,0,0,0.11550000309944153,10.661999702453613,0.11550000309944153,0
TSTUSDT,377,2025-02-09 14:00,2026-01-01 00:00,7795,2025-02-09 14:00,2026-01-01 00:00,1739109600000,1767225600000,0,0,False,0,0,0,0,0,0,16,16,0,0,4,0,0,0,16,16,0,0,0.015879999846220016,0.32850000262260437,0.015879999846220016,0
GPSUSDT,382,2025-02-17 18:00,2026-01-01 00:00,7591,2025-02-17 18:00,2026-01-01 00:00,1739815200000,1767225600000,0,0,False,0,0,0,0,0,0,24,24,1,0,4,0,0,0,24,24,0,0,0.005073999986052513,0.12080000340938568,0.005073999986052513,0
KNCUSDT,7,2021-01-01 01:00,2026-01-01 00:00,43800,2021-01-01 01:00,2026-01-01 00:00,1609462800000,1767225600000,0,0,False,0,0,1,1,1,120,24,24,1,0,3,0,0,0,24,24,0,0,0.22939999401569366,0.8194800019264221,0.22939999401569366,0
ZRXUSDT,9,2021-01-01 01:00,2026-01-01 00:00,43800,2021-01-01 01:00,2026-01-01 00:00,1609462800000,1767225600000,0,0,False,0,0,1,1,1,0,24,24,1,0,3,0,0,0,24,24,0,0,0.14000000059604645,0.35749998688697815,0.14000000059604645,0
IOTAUSDT,13,2021-01-01 01:00,2026-01-01 00:00,43808,2021-01-01 01:00,2026-01-01 00:00,1609462800000,1767225600000,0,0,False,0,0,1,1,1,120,16,16,0,0,3,0,0,0,16,16,0,0,0.08070000261068344,0.29809999465942383,0.08070000261068344,0
ADAUSDT,14,2021-01-01 01:00,2026-01-01 00:00,43800,2021-01-01 01:00,2026-01-01 00:00,1609462800000,1767225600000,0,0,False,0,0,1,1,1,0,24,24,1,0,3,0,0,0,24,24,0,0,0.33320000767707825,0.18080000579357147,0.33320000767707825,0
NEARUSDT,15,2021-01-01 01:00,2026-01-01 00:00,43808,2021-01-01 01:00,2026-01-01 00:00,1609462800000,1767225600000,0,0,False,0,0,1,1,1,120,16,16,0,0,3,0,0,0,16,16,0,0,1.5130000114440918,1.4515000581741333,1.5130000114440918,0
ALGOUSDT,25,2021-01-01 01:00,2026-01-01 00:00,43800,2021-01-01 01:00,2026-01-01 00:00,1609462800000,1767225600000,0,0,False,0,0,1,1,1,0,24,24,1,0,3,0,0,0,24,24,0,0,0.11029999703168869,0.34599998593330383,0.11029999703168869,0
BATUSDT,26,2021-01-01 01:00,2026-01-01 00:00,43800,2021-01-01 01:00,2026-01-01 00:00,1609462800000,1767225600000,0,0,False,0,0,1,1,1,0,24,24,1,0,3,0,0,0,24,24,0,0,0.20630000531673431,0.20170000195503235,0.20630000531673431,0
LRCUSDT,31,2021-01-01 01:00,2026-01-01 00:00,43800,2021-01-01 01:00,2026-01-01 00:00,1609462800000,1767225600000,0,0,False,0,0,1,1,1,120,24,24,1,0,3,0,0,0,24,24,0,0,0.04933999851346016,0.17101000249385834,0.04933999851346016,0
AVAXUSDT,33,2021-01-01 01:00,2026-01-01 00:00,43800,2021-01-01 01:00,2026-01-01 00:00,1609462800000,1767225600000,0,0,False,0,0,1,1,1,0,24,24,1,0,3,0,0,0,24,24,0,0,12.309000015258789,3.25570011138916,12.309000015258789,0
NEOUSDT,37,2021-01-01 01:00,2026-01-01 00:00,43792,2021-01-01 01:00,2026-01-01 00:00,1609462800000,1767225600000,0,0,False,0,0,1,1,1,0,32,24,1,0,3,0,0,0,32,32,0,0,3.503999948501587,14.439000129699707,3.503999948501587,0
RUNEUSDT,43,2021-01-01 01:00,2026-01-01 00:00,43808,2021-01-01 01:00,2026-01-01 00:00,1609462800000,1767225600000,0,0,False,0,0,1,1,1,0,16,16,0,0,3,0,0,0,16,16,0,0,0.557699978351593,1.329300045967102,0.557699978351593,0
SKLUSDT,50,2021-01-01 01:00,2026-01-01 00:00,43808,2021-01-01 01:00,2026-01-01 00:00,1609462800000,1767225600000,0,0,False,0,0,1,1,1,120,16,16,0,0,3,0,0,0,16,16,0,0,0.009669999592006207,0.07790999859571457,0.009669999592006207,0
KSMUSDT,64,2021-01-01 01:00,2026-01-01 00:00,43808,2021-01-01 01:00,2026-01-01 00:00,1609462800000,1767225600000,0,0,False,0,0,1,1,1,120,16,8,0,0,3,0,0,0,16,16,0,0,6.817999839782715,70.1969985961914,6.817999839782715,0
ONTUSDT,65,2021-01-01 01:00,2026-01-01 00:00,43800,2021-01-01 01:00,2026-01-01 00:00,1609462800000,1767225600000,0,0,False,0,0,1,1,1,0,24,24,1,0,3,0,0,0,24,24,0,0,0.06400000303983688,0.44589999318122864,0.06400000303983688,0
VETUSDT,66,2021-01-01 01:00,2026-01-01 00:00,43800,2021-01-01 01:00,2026-01-01 00:00,1609462800000,1767225600000,0,0,False,0,0,1,1,1,120,24,24,1,0,3,0,0,0,24,24,0,0,0.010413000360131264,0.01923999935388565,0.010413000360131264,0
AXSUSDT,69,2021-01-01 01:00,2026-01-01 00:00,43808,2021-01-01 01:00,2026-01-01 00:00,1609462800000,1767225600000,0,0,False,0,0,1,1,1,0,16,8,0,1,3,0,0,0,16,16,0,0,0.8040000200271606,0.5369300246238708,0.8040000200271606,0
IOTXUSDT,99,2021-08-12 04:00,2026-01-01 00:00,38445,2021-08-12 04:00,2026-01-01 00:00,1628740800000,1767225600000,0,0,False,0,0,1,1,1,0,24,24,1,0,3,0,0,0,24,24,0,0,0.007590000052005053,0.1356000006198883,0.007590000052005053,0
1000XECUSDT,104,2021-09-17 04:00,2026-01-01 00:00,37581,2021-09-17 04:00,2026-01-01 00:00,1631851200000,1767225600000,0,0,False,0,0,1,1,1,0,24,24,1,0,3,0,0,0,24,24,0,0,0.010470000095665455,0.24368999898433685,0.010470000095665455,0
GALAUSDT,105,2021-09-18 04:00,2026-01-01 00:00,37565,2021-09-18 04:00,2026-01-01 00:00,1631937600000,1767225600000,0,0,False,0,0,1,1,1,0,16,8,0,1,3,0,0,0,16,16,0,0,0.005840000230818987,0.11445000022649765,0.005840000230818987,0
ROSEUSDT,114,2021-12-31 04:00,2026-01-01 00:00,35069,2021-12-31 04:00,2026-01-01 00:00,1640923200000,1767225600000,0,0,False,0,0,1,1,1,120,16,16,0,0,3,0,0,0,16,16,0,0,0.0101500004529953,0.40599000453948975,0.0101500004529953,0
API3USDT,118,2022-02-22 04:00,2026-01-01 00:00,33797,2022-02-22 04:00,2026-01-01 00:00,1645502400000,1767225600000,0,0,False,0,0,1,1,1,0,16,16,0,0,3,0,1,0,16,16,0,0,0.4302999973297119,5.218999862670898,0.4302999973297119,0
GMTUSDT,119,2022-03-15 05:00,2026-01-01 00:00,33284,2022-03-15 05:00,2026-01-01 00:00,1647320400000,1767225600000,0,0,False,0,0,1,1,1,48,24,24,1,0,3,0,0,0,24,24,0,0,0.015119999647140503,0.31334999203681946,0.015119999647140503,0
APEUSDT,120,2022-03-17 16:00,2026-01-01 00:00,33241,2022-03-17 16:00,2026-01-01 00:00,1647532800000,1767225600000,0,0,False,0,0,1,1,1,0,8,8,0,0,3,0,0,0,8,8,0,0,0.1964000016450882,7.3420000076293945,0.1964000016450882,0
STGUSDT,126,2022-08-25 13:00,2026-01-01 00:00,29372,2022-08-25 13:00,2026-01-01 00:00,1661432400000,1767225600000,0,0,False,0,0,1,1,1,0,16,16,0,0,3,0,0,0,16,16,0,0,0.10599999874830246,0.8479999899864197,0.10599999874830246,0
SPELLUSDT,127,2022-09-06 13:00,2026-01-01 00:00,29076,2022-09-06 13:00,2026-01-01 00:00,1662469200000,1767225600000,0,0,False,0,0,1,1,1,0,24,24,1,0,3,0,0,0,24,24,0,0,0.0002468999882694334,0.0014459999511018395,0.0002468999882694334,0
HOOKUSDT,136,2023-01-23 04:00,2026-01-01 00:00,25757,2023-01-23 04:00,2026-01-01 00:00,1674446400000,1767225600000,0,0,False,0,0,1,1,1,0,16,16,0,0,3,0,0,0,16,16,0,0,0.03734000027179718,2.4000000953674316,0.03734000027179718,0
MAGICUSDT,137,2023-01-25 04:00,2026-01-01 00:00,25701,2023-01-25 04:00,2026-01-01 00:00,1674619200000,1767225600000,0,0,False,0,0,1,1,1,0,24,24,1,0,3,0,0,0,24,24,0,0,0.09399999678134918,1.205299973487854,0.09399999678134918,0
HIGHUSDT,139,2023-02-07 03:00,2026-01-01 00:00,25398,2023-02-07 03:00,2026-01-01 00:00,1675738800000,1767225600000,0,0,False,0,0,1,1,1,0,16,16,0,0,3,0,0,0,16,16,0,0,0.21160000562667847,4.314000129699707,0.21160000562667847,0
MINAUSDT,140,2023-02-07 12:00,2026-01-01 00:00,25373,2023-02-07 12:00,2026-01-01 00:00,1675771200000,1767225600000,0,0,False,0,0,1,1,1,0,32,24,1,0,3,0,0,0,32,32,0,0,0.07540000230073929,0.8586000204086304,0.07540000230073929,0
TLMUSDT,159,2023-03-30 13:00,2026-01-01 00:00,24172,2023-03-30 13:00,2026-01-01 00:00,1680181200000,1767225600000,0,0,False,0,0,1,1,1,0,8,8,0,0,3,0,0,0,14237,7886,0,7878,0.002581000095233321,0.019740000367164612,0.002581000095233321,0
HFTUSDT,161,2023-04-06 13:00,2026-01-01 00:00,23988,2023-04-06 13:00,2026-01-01 00:00,1680786000000,1767225600000,0,0,False,0,0,1,1,1,0,24,24,1,0,3,0,0,0,24,24,0,0,0.02669999934732914,0.637499988079071,0.02669999934732914,0
XVSUSDT,162,2023-04-13 03:00,2026-01-01 00:00,23838,2023-04-13 03:00,2026-01-01 00:00,1681354800000,1767225600000,0,0,False,0,0,1,1,1,0,16,16,0,0,3,0,0,0,16,16,0,0,4.170000076293945,7.269999980926514,4.170000076293945,0
NMRUSDT,171,2023-06-22 13:00,2026-01-01 00:00,22140,2023-06-22 13:00,2026-01-01 00:00,1687438800000,1767225600000,0,0,False,0,0,1,1,1,0,24,24,1,0,3,0,0,0,24,24,0,0,9.560999870300293,13.930000305175781,9.560999870300293,0
YGGUSDT,178,2023-08-05 04:00,2026-01-01 00:00,21093,2023-08-05 04:00,2026-01-01 00:00,1691208000000,1767225600000,0,0,False,0,0,1,1,1,0,24,24,1,0,3,0,0,0,24,24,0,0,0.06419000029563904,0.265500009059906,0.06419000029563904,0
SEIUSDT,182,2023-08-17 03:00,2026-01-01 00:00,20806,2023-08-17 03:00,2026-01-01 00:00,1692241200000,1767225600000,0,0,False,0,0,1,1,1,0,24,24,1,0,3,0,0,0,24,24,0,0,0.11089999973773956,0.18790000677108765,0.11089999973773956,0
BICOUSDT,187,2023-09-28 13:00,2026-01-01 00:00,19788,2023-09-28 13:00,2026-01-01 00:00,1695906000000,1767225600000,0,0,False,0,0,1,1,1,0,24,24,1,0,3,0,0,0,24,24,0,0,0.041930001229047775,0.2696000039577484,0.041930001229047775,0
BIGTIMEUSDT,189,2023-10-12 15:00,2026-01-01 00:00,19450,2023-10-12 15:00,2026-01-01 00:00,1697122800000,1767225600000,0,0,False,0,0,1,1,1,0,24,8,0,0,3,0,0,0,24,24,0,0,0.019519999623298645,0.2630999982357025,0.019519999623298645,0
WAXPUSDT,192,2023-10-18 15:00,2026-01-01 00:00,19306,2023-10-18 15:00,2026-01-01 00:00,1697641200000,1767225600000,0,0,False,0,0,1,1,1,0,24,24,1,0,3,0,0,0,24,24,0,0,0.007648000027984381,0.06844999641180038,0.007648000027984381,0
ZETAUSDT,231,2024-02-02 09:00,2026-01-01 00:00,16752,2024-02-02 09:00,2026-01-01 00:00,1706864400000,1767225600000,0,0,False,0,0,1,1,1,0,16,16,0,0,3,0,0,0,16,16,0,0,0.06725999712944031,1.6684999465942383,0.06725999712944031,0
PORTALUSDT,239,2024-02-29 16:00,2026-01-01 00:00,16097,2024-02-29 16:00,2026-01-01 00:00,1709222400000,1767225600000,0,0,False,0,0,1,1,1,0,16,16,0,0,3,0,0,0,16,16,0,0,0.019750000908970833,2.597899913787842,0.019750000908970833,0
BOMEUSDT,246,2024-03-16 13:00,2026-01-01 00:00,15708,2024-03-16 13:00,2026-01-01 00:00,1710594000000,1767225600000,0,0,False,0,0,1,1,1,0,24,24,1,0,3,0,0,0,24,24,0,0,0.0005421999958343804,0.02333799935877323,0.0005421999958343804,0
TNSRUSDT,250,2024-04-08 18:00,2026-01-01 00:00,15167,2024-04-08 18:00,2026-01-01 00:00,1712599200000,1767225600000,0,0,False,0,0,1,1,1,0,8,8,0,0,3,0,1,0,8,8,0,0,0.07847999781370163,1.875,0.07847999781370163,0
NOTUSDT,256,2024-05-16 15:00,2026-01-01 00:00,14242,2024-05-16 15:00,2026-01-01 00:00,1715871600000,1767225600000,0,0,False,0,0,1,1,1,0,24,24,1,0,3,0,0,0,24,24,0,0,0.0005173999816179276,0.006128999870270491,0.0005173999816179276,0
GUSDT,265,2024-08-15 13:00,2026-01-01 00:00,12068,2024-08-15 13:00,2026-01-01 00:00,1723726800000,1767225600000,0,0,False,0,0,1,1,1,0,16,16,0,0,3,0,0,0,16,16,0,0,0.004389999900013208,0.03925999999046326,0.004389999900013208,0
RAREUSDT,266,2024-08-15 14:00,2026-01-01 00:00,12059,2024-08-15 14:00,2026-01-01 00:00,1723730400000,1767225600000,0,0,False,0,0,1,1,1,0,24,24,1,0,3,0,0,0,24,24,0,0,0.021320000290870667,0.08940000087022781,0.021320000290870667,0
SYNUSDT,267,2024-08-16 13:00,2026-01-01 00:00,12044,2024-08-16 13:00,2026-01-01 00:00,1723813200000,1767225600000,0,0,False,0,0,1,1,1,0,16,8,0,0,3,0,0,0,16,16,0,0,0.050519999116659164,0.4896000027656555,0.050519999116659164,0
BRETTUSDT,270,2024-08-20 11:00,2026-01-01 00:00,11950,2024-08-20 11:00,2026-01-01 00:00,1724151600000,1767225600000,0,0,False,0,0,1,1,1,0,16,8,0,0,3,0,0,0,16,16,0,0,0.013410000130534172,0.09318000078201294,0.013410000130534172,0
DOGSUSDT,276,2024-08-26 13:00,2026-01-01 00:00,11804,2024-08-26 13:00,2026-01-01 00:00,1724677200000,1767225600000,0,0,False,0,0,1,1,1,0,16,16,0,0,3,0,0,0,16,16,0,0,3.819999983534217e-05,0.001218999968841672,3.819999983534217e-05,0
MBOXUSDT,277,2024-08-28 10:00,2026-01-01 00:00,11767,2024-08-28 10:00,2026-01-01 00:00,1724839200000,1767225600000,0,0,False,0,0,1,1,1,0,8,8,0,0,3,0,0,0,8,8,0,0,0.03027999959886074,0.18170000612735748,0.03027999959886074,0
FLUXUSDT,279,2024-09-03 08:00,2026-01-01 00:00,11609,2024-09-03 08:00,2026-01-01 00:00,1725350400000,1767225600000,0,0,False,0,0,1,1,1,0,24,24,1,0,3,0,1,0,24,24,0,0,0.09889999777078629,0.6854000091552734,0.09889999777078629,0
RPLUSDT,283,2024-09-09 13:00,2026-01-01 00:00,11468,2024-09-09 13:00,2026-01-01 00:00,1725886800000,1767225600000,0,0,False,0,0,1,1,1,0,16,16,0,0,3,0,0,0,16,16,0,0,1.906000018119812,11.960000038146973,1.906000018119812,0
AERGOUSDT,284,2024-09-10 13:00,2026-01-01 00:00,7953,2024-09-10 13:00,2026-01-01 00:00,1725973200000,1767225600000,0,0,False,0,0,1,1,1,0,3507,3491,1,0,3,0,0,0,3496,3026,0,0,0.055229999125003815,0.10419999808073044,0.055229999125003815,0
NEIROUSDT,287,2024-09-16 12:00,2026-01-01 00:00,11309,2024-09-16 12:00,2026-01-01 00:00,1726488000000,1767225600000,0,0,False,0,0,1,1,1,0,8,8,0,0,3,0,0,0,8,8,0,0,0.00010260000271955505,0.00033290000283159316,0.00010260000271955505,0
CATIUSDT,291,2024-09-20 12:00,2026-01-01 00:00,11205,2024-09-20 12:00,2026-01-01 00:00,1726833600000,1767225600000,0,0,False,0,0,1,1,1,0,16,16,0,0,3,0,0,0,16,16,0,0,0.06094000115990639,0.9508000016212463,0.06094000115990639,0
FIOUSDT,292,2024-09-20 12:00,2026-01-01 00:00,11197,2024-09-20 12:00,2026-01-01 00:00,1726833600000,1767225600000,0,0,False,0,0,1,1,1,0,24,24,1,0,3,0,0,0,24,24,0,0,0.011800000444054604,0.04603999853134155,0.011800000444054604,0
COWUSDT,309,2024-11-06 14:00,2026-01-01 00:00,10075,2024-11-06 14:00,2026-01-01 00:00,1730901600000,1767225600000,0,0,False,0,0,0,0,0,0,16,8,0,0,3,0,1,0,16,16,0,0,0.2134000062942505,0.4700999855995178,0.2134000062942505,0
BANUSDT,320,2024-11-18 12:00,2026-01-01 00:00,9781,2024-11-18 12:00,2026-01-01 00:00,1731931200000,1767225600000,0,0,False,0,0,0,0,0,0,24,24,1,0,3,0,0,0,24,24,0,0,0.07897999882698059,0.32190001010894775,0.07897999882698059,0
AKTUSDT,321,2024-11-18 12:00,2026-01-01 00:00,9789,2024-11-18 12:00,2026-01-01 00:00,1731931200000,1767225600000,0,0,False,0,0,0,0,0,0,16,16,0,0,3,0,0,0,16,16,0,0,0.35249999165534973,3.759999990463257,0.35249999165534973,0
SCRTUSDT,323,2024-11-21 12:00,2026-01-01 00:00,9717,2024-11-21 12:00,2026-01-01 00:00,1732190400000,1767225600000,0,0,False,0,0,0,0,0,0,16,16,0,0,3,0,0,0,16,16,0,0,0.10029999911785126,0.3659999966621399,0.10029999911785126,0
CHILLGUYUSDT,328,2024-11-27 15:00,2026-01-01 00:00,9578,2024-11-27 15:00,2026-01-01 00:00,1732719600000,1767225600000,0,0,False,0,0,0,0,0,0,8,8,0,0,3,0,0,0,8,8,0,0,0.016100000590085983,0.5860000252723694,0.016100000590085983,0
KAIAUSDT,329,2024-12-04 15:00,2026-01-01 00:00,9410,2024-12-04 15:00,2026-01-01 00:00,1733324400000,1767225600000,0,0,False,0,0,0,0,0,0,8,8,0,0,3,0,0,0,8,8,0,0,0.05530000105500221,0.3650999963283539,0.05530000105500221,0
KOMAUSDT,335,2024-12-10 13:00,2026-01-01 00:00,9268,2024-12-10 13:00,2026-01-01 00:00,1733835600000,1767225600000,0,0,False,0,0,0,0,0,0,8,8,0,0,3,0,0,0,8,8,0,0,0.01063000038266182,0.14100000262260437,0.01063000038266182,0
AVAUSDT,339,2024-12-13 14:00,2026-01-01 00:00,9179,2024-12-13 14:00,2026-01-01 00:00,1734098400000,1767225600000,0,0,False,0,0,0,0,0,0,24,24,1,0,3,0,0,0,24,24,0,0,0.27790001034736633,2.9937000274658203,0.27790001034736633,0
MOCAUSDT,342,2024-12-16 12:00,2026-01-01 00:00,9109,2024-12-16 12:00,2026-01-01 00:00,1734350400000,1767225600000,0,0,False,0,0,0,0,0,0,24,24,1,0,3,0,0,0,24,24,0,0,0.020059999078512192,0.21070000529289246,0.020059999078512192,0
LUMIAUSDT,345,2024-12-18 12:00,2026-01-01 00:00,9069,2024-12-18 12:00,2026-01-01 00:00,1734523200000,1767225600000,0,0,False,0,0,0,0,0,0,16,8,0,0,3,0,0,0,16,16,0,0,0.12030000239610672,1.8849999904632568,0.12030000239610672,0
USUALUSDT,346,2024-12-18 14:00,2026-01-01 00:00,9059,2024-12-18 14:00,2026-01-01 00:00,1734530400000,1767225600000,0,0,False,0,0,0,0,0,0,24,24,1,0,3,0,0,3,24,24,0,0,0.024480000138282776,0.8191999793052673,0.024480000138282776,0
DFUSDT,354,2024-12-30 12:00,2026-01-01 00:00,8781,2024-12-30 12:00,2026-01-01 00:00,1735560000000,1767225600000,0,0,False,0,0,0,0,0,0,16,16,0,0,3,0,0,0,16,16,0,0,0.01131999958306551,0.10429999977350235,0.01131999958306551,0
SONICUSDT,362,2025-01-08 08:00,2026-01-01 00:00,8561,2025-01-08 08:00,2026-01-01 00:00,1736323200000,1767225600000,0,0,False,0,0,0,0,0,0,24,24,1,0,3,0,0,0,24,24,0,0,0.07503999769687653,0.9909999966621399,0.07503999769687653,0
SOLVUSDT,366,2025-01-17 13:00,2026-01-01 00:00,8348,2025-01-17 13:00,2026-01-01 00:00,1737118800000,1767225600000,0,0,False,0,0,0,0,0,0,16,16,0,0,3,0,0,0,16,16,0,0,0.012799999676644802,0.1453000009059906,0.012799999676644802,0
VTHOUSDT,371,2025-01-22 10:00,2026-01-01 00:00,8239,2025-01-22 10:00,2026-01-01 00:00,1737540000000,1767225600000,0,0,False,0,0,0,0,0,0,8,8,0,0,3,0,0,0,8,8,0,0,0.00074970000423491,0.008123000152409077,0.00074970000423491,0
VVVUSDT,375,2025-01-29 09:00,2026-01-01 00:00,8064,2025-01-29 09:00,2026-01-01 00:00,1738141200000,1767225600000,0,0,False,0,0,0,0,0,0,16,16,0,0,3,0,0,0,16,16,0,0,1.6369999647140503,9.892999649047852,1.6369999647140503,0
BERAUSDT,376,2025-02-06 16:00,2026-01-01 00:00,7857,2025-02-06 16:00,2026-01-01 00:00,1738857600000,1767225600000,0,0,False,0,0,0,0,0,0,24,24,1,0,3,0,0,0,24,24,0,0,0.607200026512146,8.427000045776367,0.607200026512146,0
B3USDT,380,2025-02-13 12:00,2026-01-01 00:00,7709,2025-02-13 12:00,2026-01-01 00:00,1739448000000,1767225600000,0,0,False,0,0,0,0,0,0,8,8,0,0,3,0,0,0,8,8,0,0,0.0008740000193938613,0.01408000010997057,0.0008740000193938613,0
SHELLUSDT,383,2025-02-17 18:00,2026-01-01 00:00,7599,2025-02-17 18:00,2026-01-01 00:00,1739815200000,1767225600000,0,0,False,0,0,0,0,0,0,16,16,0,0,3,0,0,0,16,16,0,0,0.04977000132203102,0.4498000144958496,0.04977000132203102,0
VICUSDT,386,2025-03-12 18:00,2026-01-01 00:00,7039,2025-03-12 18:00,2026-01-01 00:00,1741802400000,1767225600000,0,0,False,0,0,0,0,0,0,24,24,1,0,3,0,0,0,24,24,0,0,0.08659999817609787,0.40939998626708984,0.08659999817609787,0
NILUSDT,399,2025-03-24 14:00,2026-01-01 00:00,6763,2025-03-24 14:00,2026-01-01 00:00,1742824800000,1767225600000,0,0,False,0,0,0,0,0,0,16,8,0,0,3,0,0,0,16,16,0,0,0.07337000221014023,0.7348999977111816,0.07337000221014023,0
PARTIUSDT,400,2025-03-25 14:00,2026-01-01 00:00,6731,2025-03-25 14:00,2026-01-01 00:00,1742911200000,1767225600000,0,0,False,0,0,0,0,0,0,24,24,1,0,3,0,0,0,24,24,0,0,0.10141000151634216,0.4108999967575073,0.10141000151634216,0
MLNUSDT,405,2025-03-31 09:00,2026-01-01 00:00,6608,2025-03-31 09:00,2026-01-01 00:00,1743411600000,1767225600000,0,0,False,0,0,0,0,0,0,8,8,0,0,3,0,0,0,8,8,0,0,4.6620001792907715,12.170000076293945,4.6620001792907715,0
GUNUSDT,406,2025-03-31 14:00,2026-01-01 00:00,6587,2025-03-31 14:00,2026-01-01 00:00,1743429600000,1767225600000,0,0,False,0,0,0,0,0,0,24,24,1,1,3,0,0,0,24,24,0,0,0.011119999922811985,0.10779999941587448,0.011119999922811985,0
INITUSDT,416,2025-04-16 07:00,2026-01-01 00:00,6226,2025-04-16 07:00,2026-01-01 00:00,1744786800000,1767225600000,0,0,False,0,0,0,0,0,0,8,8,0,0,3,0,0,0,8,8,0,0,0.08789999783039093,0.6366000175476074,0.08789999783039093,0
HYPERUSDT,420,2025-04-22 14:00,2026-01-01 00:00,6059,2025-04-22 14:00,2026-01-01 00:00,1745330400000,1767225600000,0,0,False,0,0,0,0,0,0,24,16,0,0,3,0,1,0,24,24,0,0,0.11819999665021896,0.25099998712539673,0.11819999665021896,0
ASRUSDT,430,2025-05-06 10:00,2026-01-01 00:00,5735,2025-05-06 10:00,2026-01-01 00:00,1746525600000,1767225600000,0,0,False,0,0,0,0,0,0,16,16,0,0,3,0,0,0,16,16,0,0,1.5130000114440918,2.2230000495910645,1.5130000114440918,0
LAUSDT,454,2025-06-05 10:00,2026-01-01 00:00,5007,2025-06-05 10:00,2026-01-01 00:00,1749117600000,1767225600000,0,0,False,0,0,0,0,0,0,24,24,1,0,3,0,0,0,24,24,0,0,0.29829999804496765,1.1349999904632568,0.29829999804496765,0
TACUSDT,479,2025-07-15 11:00,2026-01-01 00:00,4046,2025-07-15 11:00,2026-01-01 00:00,1752577200000,1767225600000,0,0,False,0,0,0,0,0,0,24,24,1,0,3,0,1,0,24,24,0,0,0.004741999786347151,0.024569999426603317,0.004741999786347151,0
TREEUSDT,486,2025-07-29 15:00,2026-01-01 00:00,3706,2025-07-29 15:00,2026-01-01 00:00,1753801200000,1767225600000,0,0,False,0,0,0,0,0,0,24,8,0,0,3,0,1,0,24,24,0,0,0.10320000350475311,0.7842000126838684,0.10320000350475311,0
WLFIUSDT,503,2025-08-23 09:00,2026-01-01 00:00,3120,2025-08-23 09:00,2026-01-01 00:00,1755939600000,1767225600000,0,0,False,0,0,0,0,0,0,16,8,0,0,3,0,0,0,16,16,0,0,0.14350000023841858,0.366100013256073,0.14350000023841858,0
FLOCKUSDT,515,2025-09-09 07:00,2026-01-01 00:00,2714,2025-09-09 07:00,2026-01-01 00:00,1757401200000,1767225600000,0,0,False,0,0,0,0,0,0,16,16,0,0,3,0,0,0,16,16,0,0,0.08500000089406967,0.4715000092983246,0.08500000089406967,0
DODOUSDT,763,2021-02-19 14:00,2022-05-27 09:00,11084,2021-02-19 14:00,2022-05-27 09:00,1613743200000,1653642000000,0,0,False,0,0,1,1,1,0,0,0,0,0,3,0,0,0,1,0,0,0,0.14100000262260437,6.38100004196167,0.14100000262260437,0
SUSHIUSDT,5,2021-01-01 01:00,2026-01-01 00:00,43800,2021-01-01 01:00,2026-01-01 00:00,1609462800000,1767225600000,0,0,False,0,0,1,1,1,120,24,24,1,0,2,0,2,0,24,24,0,0,0.27390000224113464,2.8824000358581543,0.27390000224113464,0
ENJUSDT,8,2021-01-01 01:00,2026-01-01 00:00,43808,2021-01-01 01:00,2026-01-01 00:00,1609462800000,1767225600000,0,0,False,0,0,1,1,1,0,16,16,0,0,2,0,0,0,16,16,0,0,0.027650000527501106,0.13285000622272491,0.027650000527501106,0
QTUMUSDT,10,2021-01-01 01:00,2026-01-01 00:00,43800,2021-01-01 01:00,2026-01-01 00:00,1609462800000,1767225600000,0,0,False,0,0,1,1,1,0,24,24,1,0,2,0,0,0,24,24,0,0,1.3450000286102295,2.236999988555908,1.3450000286102295,0
ATOMUSDT,12,2021-01-01 01:00,2026-01-01 00:00,43808,2021-01-01 01:00,2026-01-01 00:00,1609462800000,1767225600000,0,0,False,0,0,1,1,1,0,16,16,0,0,2,0,0,0,16,16,0,0,1.9279999732971191,6.414999961853027,1.9279999732971191,0
IOSTUSDT,18,2021-01-01 01:00,2026-01-01 00:00,43816,2021-01-01 01:00,2026-01-01 00:00,1609462800000,1767225600000,0,0,False,0,0,1,1,1,0,8,8,0,0,2,0,0,0,8,8,0,0,0.0018119999440386891,0.005710000172257423,0.0018119999440386891,0
XMRUSDT,20,2021-01-01 01:00,2026-01-01 00:00,43808,2021-01-01 01:00,2026-01-01 00:00,1609462800000,1767225600000,0,0,False,0,0,1,1,1,0,16,8,0,0,2,0,0,0,16,16,0,0,434.2200012207031,156.99000549316406,434.2200012207031,0
YFIUSDT,21,2021-01-01 01:00,2026-01-01 00:00,43808,2021-01-01 01:00,2026-01-01 00:00,1609462800000,1767225600000,0,0,False,0,0,1,1,1,120,16,16,0,0,2,0,0,0,16,16,0,0,3262.0,22870.5,3262.0,0
ZECUSDT,22,2021-01-01 01:00,2026-01-01 00:00,43808,2021-01-01 01:00,2026-01-01 00:00,1609462800000,1767225600000,0,0,False,0,0,1,1,1,120,16,16,0,0,2,0,0,0,16,16,0,0,511.7799987792969,64.73999786376953,511.7799987792969,0
AAVEUSDT,24,2021-01-01 01:00,2026-01-01 00:00,43800,2021-01-01 01:00,2026-01-01 00:00,1609462800000,1767225600000,0,0,False,0,0,1,1,1,0,24,24,1,0,2,0,0,0,24,24,0,0,145.92999267578125,88.28500366210938,145.92999267578125,0
DOGEUSDT,27,2021-01-01 01:00,2026-01-01 00:00,43800,2021-01-01 01:00,2026-01-01 00:00,1609462800000,1767225600000,0,0,False,0,0,1,1,1,0,24,24,1,0,2,0,1,0,24,24,0,0,0.11740999668836594,0.004689999856054783,0.11740999668836594,0
RLCUSDT,28,2021-01-01 01:00,2026-01-01 00:00,43808,2021-01-01 01:00,2026-01-01 00:00,1609462800000,1767225600000,0,0,False,0,0,1,1,1,120,16,16,0,0,2,0,0,0,16,16,0,0,0.6348000168800354,0.7551000118255615,0.6348000168800354,0
TRXUSDT,29,2021-01-01 01:00,2026-01-01 00:00,43808,2021-01-01 01:00,2026-01-01 00:00,1609462800000,1767225600000,0,0,False,0,0,1,1,1,120,16,16,0,0,2,0,0,0,16,16,0,0,0.28435999155044556,0.02679000049829483,0.28435999155044556,0
STORJUSDT,30,2021-01-01 01:00,2026-01-01 00:00,43808,2021-01-01 01:00,2026-01-01 00:00,1609462800000,1767225600000,0,0,False,0,0,1,1,1,120,16,16,0,0,2,0,0,0,16,16,0,0,0.12770000100135803,0.2937000095844269,0.12770000100135803,0
DASHUSDT,39,2021-01-01 01:00,2026-01-01 00:00,43800,2021-01-01 01:00,2026-01-01 00:00,1609462800000,1767225600000,0,0,False,0,0,1,1,1,0,24,24,1,0,2,0,0,2,24,24,0,0,41.619998931884766,100.66999816894531,41.619998931884766,0
UNIUSDT,42,2021-01-01 01:00,2026-01-01 00:00,43808,2021-01-01 01:00,2026-01-01 00:00,1609462800000,1767225600000,0,0,False,0,0,1,1,1,0,16,16,0,0,2,0,1,0,16,16,0,0,5.63700008392334,5.229300022125244,5.63700008392334,0
FILUSDT,45,2021-01-01 01:00,2026-01-01 00:00,43808,2021-01-01 01:00,2026-01-01 00:00,1609462800000,1767225600000,0,0,False,0,0,1,1,1,120,16,16,0,0,2,0,0,0,16,16,0,0,1.2970000505447388,25.0,1.2970000505447388,0
COMPUSDT,47,2021-01-01 01:00,2026-01-01 00:00,43800,2021-01-01 01:00,2026-01-01 00:00,1609462800000,1767225600000,0,0,False,0,0,1,1,1,0,24,24,1,0,2,0,0,0,24,24,0,0,24.799999237060547,148.66000366210938,24.799999237060547,0
RSRUSDT,48,2021-01-01 01:00,2026-01-01 00:00,43808,2021-01-01 01:00,2026-01-01 00:00,1609462800000,1767225600000,0,0,False,0,0,1,1,1,120,16,16,0,0,2,0,0,0,16,16,0,0,0.0024109999649226665,0.020549999549984932,0.0024109999649226665,0
SOLUSDT,49,2021-01-01 01:00,2026-01-01 00:00,43800,2021-01-01 01:00,2026-01-01 00:00,1609462800000,1767225600000,0,0,False,0,0,1,1,1,120,24,24,1,0,2,0,0,0,24,24,0,0,124.58999633789062,1.5379999876022339,124.58999633789062,0
BANDUSDT,56,2021-01-01 01:00,2026-01-01 00:00,43816,2021-01-01 01:00,2026-01-01 00:00,1609462800000,1767225600000,0,0,False,0,0,1,1,1,0,8,8,0,0,2,0,0,0,8,8,0,0,0.323199987411499,5.42609977722168,0.323199987411499,0
LTCUSDT,57,2021-01-01 01:00,2026-01-01 00:00,43800,2021-01-01 01:00,2026-01-01 00:00,1609462800000,1767225600000,0,0,False,0,0,1,1,1,120,24,24,1,0,2,0,0,0,24,24,0,0,76.81999969482422,124.04000091552734,76.81999969482422,0
XRPUSDT,58,2021-01-01 01:00,2026-01-01 00:00,43800,2021-01-01 01:00,2026-01-01 00:00,1609462800000,1767225600000,0,0,False,0,0,1,1,1,120,24,24,1,0,2,0,0,0,24,24,0,0,1.8410999774932861,0.22169999778270721,1.8410999774932861,0
BELUSDT,59,2021-01-01 01:00,2026-01-01 00:00,43816,2021-01-01 01:00,2026-01-01 00:00,1609462800000,1767225600000,0,0,False,0,0,1,1,1,0,8,8,0,0,2,0,1,0,8,8,0,0,0.1282999962568283,0.8717300295829773,0.1282999962568283,0
DOTUSDT,62,2021-01-01 01:00,2026-01-01 00:00,43808,2021-01-01 01:00,2026-01-01 00:00,1609462800000,1767225600000,0,0,False,0,0,1,1,1,0,16,16,0,0,2,0,0,0,16,16,0,0,1.7890000343322754,9.265000343322754,1.7890000343322754,0
EGLDUSDT,63,2021-01-01 01:00,2026-01-01 00:00,43808,2021-01-01 01:00,2026-01-01 00:00,1609462800000,1767225600000,0,0,False,0,0,1,1,1,0,16,16,0,0,2,0,0,0,16,16,0,0,5.535999774932861,24.990999221801758,5.535999774932861,0
TRBUSDT,67,2021-01-01 01:00,2026-01-01 00:00,43808,2021-01-01 01:00,2026-01-01 00:00,1609462800000,1767225600000,0,0,False,0,0,1,1,1,120,16,16,0,0,2,0,2,0,16,16,0,0,20.035999298095703,18.093000411987305,20.035999298095703,0
GRTUSDT,71,2021-01-01 01:00,2026-01-01 00:00,43808,2021-01-01 01:00,2026-01-01 00:00,1609462800000,1767225600000,0,0,False,0,0,1,1,1,120,16,16,0,0,2,0,0,0,16,16,0,0,0.03316999971866608,0.35220998525619507,0.03316999971866608,0
CHZUSDT,73,2021-01-21 08:00,2026-01-01 00:00,43313,2021-01-21 08:00,2026-01-01 00:00,1611216000000,1767225600000,0,0,False,0,0,1,1,1,0,24,24,1,0,2,0,0,0,24,24,0,0,0.04222999885678291,0.021980000659823418,0.04222999885678291,0
SANDUSDT,74,2021-01-25 08:00,2026-01-01 00:00,43217,2021-01-25 08:00,2026-01-01 00:00,1611561600000,1767225600000,0,0,False,0,0,1,1,1,120,24,24,1,0,2,0,0,0,24,24,0,0,0.10868000239133835,0.09532999992370605,0.10868000239133835,0
SFPUSDT,80,2021-02-24 08:00,2026-01-01 00:00,42513,2021-02-24 08:00,2026-01-01 00:00,1614153600000,1767225600000,0,0,False,0,0,1,1,1,0,8,8,0,0,2,0,0,0,8,8,0,0,0.32109999656677246,2.066499948501587,0.32109999656677246,0
COTIUSDT,82,2021-03-10 08:00,2026-01-01 00:00,42161,2021-03-10 08:00,2026-01-01 00:00,1615363200000,1767225600000,0,0,False,0,0,1,1,1,0,24,24,1,0,2,0,1,0,24,24,0,0,0.020670000463724136,0.41075000166893005,0.020670000463724136,0
HBARUSDT,86,2021-03-17 08:00,2026-01-01 00:00,42001,2021-03-17 08:00,2026-01-01 00:00,1615968000000,1767225600000,0,0,False,0,0,1,1,1,120,16,16,0,0,2,0,0,0,16,16,0,0,0.10625000298023224,0.333950012922287,0.10625000298023224,0
MTLUSDT,93,2021-03-31 08:00,2026-01-01 00:00,41657,2021-03-31 08:00,2026-01-01 00:00,1617177600000,1767225600000,0,0,False,0,0,1,1,1,0,24,16,0,0,2,0,1,0,24,24,0,0,0.3522999882698059,6.478099822998047,0.3522999882698059,0
NKNUSDT,95,2021-04-09 08:00,2026-01-01 00:00,41449,2021-04-09 08:00,2026-01-01 00:00,1617955200000,1767225600000,0,0,False,0,0,1,1,1,0,16,8,0,0,2,0,0,0,16,16,0,0,0.011599999852478504,1.1505000591278076,0.011599999852478504,0
MASKUSDT,101,2021-08-27 04:00,2026-01-01 00:00,38093,2021-08-27 04:00,2026-01-01 00:00,1630036800000,1767225600000,0,0,False,0,0,1,1,1,120,16,8,0,0,2,0,1,0,16,16,0,0,0.599399983882904,14.377900123596191,0.599399983882904,0
ARUSDT,107,2021-09-28 04:00,2026-01-01 00:00,37325,2021-09-28 04:00,2026-01-01 00:00,1632801600000,1767225600000,0,0,False,0,0,1,1,1,0,16,16,0,0,2,0,0,0,16,16,0,0,3.430000066757202,41.36000061035156,3.430000066757202,0
ARPAUSDT,109,2021-10-19 04:00,2026-01-01 00:00,36813,2021-10-19 04:00,2026-01-01 00:00,1634616000000,1767225600000,0,0,False,0,0,1,1,1,0,24,24,1,0,2,0,0,0,24,24,0,0,0.012310000136494637,0.145579993724823,0.012310000136494637,0
LPTUSDT,111,2021-11-11 04:00,2026-01-01 00:00,36269,2021-11-11 04:00,2026-01-01 00:00,1636603200000,1767225600000,0,0,False,0,0,1,1,1,0,16,16,0,0,2,0,0,0,16,16,0,0,2.8989999294281006,67.0459976196289,2.8989999294281006,0
DUSKUSDT,115,2022-01-07 04:00,2026-01-01 00:00,34893,2022-01-07 04:00,2026-01-01 00:00,1641528000000,1767225600000,0,0,False,0,0,1,1,1,0,24,24,1,0,2,0,0,0,24,24,0,0,0.046939998865127563,0.7264800071716309,0.046939998865127563,0
IMXUSDT,117,2022-02-11 04:00,2026-01-01 00:00,34069,2022-02-11 04:00,2026-01-01 00:00,1644552000000,1767225600000,0,0,False,0,0,1,1,1,120,8,8,0,0,2,0,0,0,8,8,0,0,0.21789999306201935,2.5710999965667725,0.21789999306201935,0
WOOUSDT,121,2022-04-08 04:00,2026-01-01 00:00,32709,2022-04-08 04:00,2026-01-01 00:00,1649390400000,1767225600000,0,0,False,0,0,1,1,1,0,24,16,0,0,2,0,0,0,24,24,0,0,0.028629999607801437,0.580299973487854,0.028629999607801437,0
JASMYUSDT,122,2022-04-20 04:00,2026-01-01 00:00,32445,2022-04-20 04:00,2026-01-01 00:00,1650427200000,1767225600000,0,0,False,0,0,1,1,1,0,0,0,0,0,2,0,0,0,0,0,0,0,0.005621000193059444,0.022700000554323196,0.005621000193059444,0
OPUSDT,124,2022-06-01 15:00,2026-01-01 00:00,31402,2022-06-01 15:00,2026-01-01 00:00,1654095600000,1767225600000,0,0,False,0,0,1,1,1,0,24,24,1,0,2,0,0,0,24,24,0,0,0.2678999900817871,1.3063000440597534,0.2678999900817871,0
INJUSDT,125,2022-08-17 03:00,2026-01-01 00:00,29566,2022-08-17 03:00,2026-01-01 00:00,1660705200000,1767225600000,0,0,False,0,0,1,1,1,0,24,24,1,0,2,0,0,0,24,24,0,0,4.185999870300293,2.1489999294281006,4.185999870300293,0
1000LUNCUSDT,128,2022-09-09 14:00,2026-01-01 00:00,29019,2022-09-09 14:00,2026-01-01 00:00,1662732000000,1767225600000,0,0,False,0,0,1,1,1,0,8,8,0,0,2,0,0,0,8,8,0,0,0.0421300008893013,0.45100000500679016,0.0421300008893013,0
LUNA2USDT,129,2022-09-10 04:00,2026-01-01 00:00,28989,2022-09-10 04:00,2026-01-01 00:00,1662782400000,1767225600000,0,0,False,0,0,1,1,1,0,24,24,1,0,2,0,0,0,24,24,0,0,0.09489999711513519,6.097099781036377,0.09489999711513519,0
LDOUSDT,130,2022-09-22 13:00,2026-01-01 00:00,28700,2022-09-22 13:00,2026-01-01 00:00,1663851600000,1767225600000,0,0,False,0,0,1,1,1,0,16,16,0,0,2,0,0,0,16,16,0,0,0.5758000016212463,1.9119999408721924,0.5758000016212463,0
ICPUSDT,131,2022-09-27 03:00,2026-01-01 00:00,28582,2022-09-27 03:00,2026-01-01 00:00,1664247600000,1767225600000,0,0,False,0,0,1,1,1,0,24,24,1,0,2,0,0,0,11493,9511,0,9487,2.8359999656677246,6.353000164031982,2.8359999656677246,0
APTUSDT,132,2022-10-19 03:00,2026-01-01 00:00,28054,2022-10-19 03:00,2026-01-01 00:00,1666148400000,1767225600000,0,0,False,0,0,1,1,1,0,24,24,1,0,2,0,0,0,24,24,0,0,1.6586999893188477,7.210999965667725,1.6586999893188477,0
QNTUSDT,133,2022-10-20 03:00,2026-01-01 00:00,28030,2022-10-20 03:00,2026-01-01 00:00,1666234800000,1767225600000,0,0,False,0,0,1,1,1,0,24,24,1,0,2,0,0,0,24,24,0,0,69.47000122070312,169.99000549316406,69.47000122070312,0
FETUSDT,134,2023-01-17 03:00,2026-01-01 00:00,25902,2023-01-17 03:00,2026-01-01 00:00,1673924400000,1767225600000,0,0,False,0,0,1,1,1,0,16,8,0,0,2,0,0,0,16,16,0,0,0.19850000739097595,0.2370000034570694,0.19850000739097595,0
FXSUSDT,135,2023-01-20 04:00,2026-01-01 00:00,25813,2023-01-20 04:00,2026-01-01 00:00,1674187200000,1767225600000,0,0,False,0,0,1,1,1,0,32,24,1,0,2,0,0,0,32,32,0,0,0.6419000029563904,10.437000274658203,0.6419000029563904,0
ASTRUSDT,141,2023-02-14 03:00,2026-01-01 00:00,25222,2023-02-14 03:00,2026-01-01 00:00,1676343600000,1767225600000,0,0,False,0,0,1,1,1,0,24,24,1,0,2,0,1,0,24,24,0,0,0.009556000120937824,0.08090999722480774,0.009556000120937824,0
PHBUSDT,143,2023-02-16 15:00,2026-01-01 00:00,25170,2023-02-16 15:00,2026-01-01 00:00,1676559600000,1767225600000,0,0,False,0,0,1,1,1,0,16,8,0,0,2,0,0,0,16,16,0,0,0.2476000040769577,1.1796000003814697,0.2476000040769577,0
GMXUSDT,144,2023-02-17 15:00,2026-01-01 00:00,25146,2023-02-17 15:00,2026-01-01 00:00,1676646000000,1767225600000,0,0,False,0,0,1,1,1,0,16,16,0,0,2,0,0,0,16,16,0,0,7.705999851226807,79.0999984741211,7.705999851226807,0
CFXUSDT,145,2023-02-20 15:00,2026-01-01 00:00,25058,2023-02-20 15:00,2026-01-01 00:00,1676905200000,1767225600000,0,0,False,0,0,1,1,1,0,32,24,1,0,2,0,0,0,32,32,0,0,0.07022000104188919,0.2971000075340271,0.07022000104188919,0
ACHUSDT,147,2023-02-22 15:00,2026-01-01 00:00,25026,2023-02-22 15:00,2026-01-01 00:00,1677078000000,1767225600000,0,0,False,0,0,1,1,1,0,16,8,0,0,2,0,0,0,16,16,0,0,0.007460999768227339,0.04311000183224678,0.007460999768227339,0
SSVUSDT,149,2023-02-24 13:00,2026-01-01 00:00,24980,2023-02-24 13:00,2026-01-01 00:00,1677243600000,1767225600000,0,0,False,0,0,1,1,1,0,16,8,0,0,2,0,0,0,16,16,0,0,3.8299999237060547,39.459999084472656,3.8299999237060547,0
CKBUSDT,150,2023-02-28 13:00,2026-01-01 00:00,24876,2023-02-28 13:00,2026-01-01 00:00,1677589200000,1767225600000,0,0,False,0,0,1,1,1,0,24,24,1,0,2,0,0,0,24,24,0,0,0.0023640000727027655,0.0055149998515844345,0.0023640000727027655,0
LQTYUSDT,153,2023-03-10 13:00,2026-01-01 00:00,24636,2023-03-10 13:00,2026-01-01 00:00,1678453200000,1767225600000,0,0,False,0,0,1,1,1,0,24,24,1,0,2,0,0,0,24,24,0,0,0.3781999945640564,1.6714999675750732,0.3781999945640564,0
IDUSDT,154,2023-03-23 15:00,2026-01-01 00:00,24322,2023-03-23 15:00,2026-01-01 00:00,1679583600000,1767225600000,0,0,False,0,0,1,1,1,0,24,24,1,0,2,0,1,0,24,24,0,0,0.07056999951601028,0.4788999855518341,0.07056999951601028,0
ARBUSDT,155,2023-03-23 16:00,2026-01-01 00:00,24329,2023-03-23 16:00,2026-01-01 00:00,1679587200000,1767225600000,0,0,False,0,0,1,1,1,0,16,8,0,0,2,0,0,0,16,16,0,0,0.1868000030517578,1.3255000114440918,0.1868000030517578,0
JOEUSDT,156,2023-03-29 13:00,2026-01-01 00:00,24188,2023-03-29 13:00,2026-01-01 00:00,1680094800000,1767225600000,0,0,False,0,0,1,1,1,0,16,16,0,0,2,0,0,0,16,16,0,0,0.06024999916553497,0.5289000272750854,0.06024999916553497,0
RDNTUSDT,160,2023-04-05 13:00,2026-01-01 00:00,24012,2023-04-05 13:00,2026-01-01 00:00,1680699600000,1767225600000,0,0,False,0,0,1,1,1,0,24,24,1,0,2,0,1,3,24,24,0,0,0.010200000368058681,0.36629998683929443,0.010200000368058681,0
BLURUSDT,163,2023-04-28 13:00,2026-01-01 00:00,23468,2023-04-28 13:00,2026-01-01 00:00,1682686800000,1767225600000,0,0,False,0,0,1,1,1,0,16,16,0,0,2,0,0,0,16,16,0,0,0.02792000025510788,0.6998000144958496,0.02792000025510788,0
EDUUSDT,164,2023-04-30 13:00,2026-01-01 00:00,23412,2023-04-30 13:00,2026-01-01 00:00,1682859600000,1767225600000,0,0,False,0,0,1,1,1,0,24,24,1,1,2,0,0,0,24,24,0,0,0.16300000250339508,1.4694000482559204,0.16300000250339508,0
SUIUSDT,165,2023-05-03 17:00,2026-01-01 00:00,23352,2023-05-03 17:00,2026-01-01 00:00,1683133200000,1767225600000,0,0,False,0,0,1,1,1,0,8,8,0,0,2,0,0,0,8,8,0,0,1.4036999940872192,1.3732999563217163,1.4036999940872192,0
1000FLOKIUSDT,167,2023-05-06 17:00,2026-01-01 00:00,23264,2023-05-06 17:00,2026-01-01 00:00,1683392400000,1767225600000,0,0,False,0,0,1,1,1,0,24,24,1,0,2,0,0,0,24,24,0,0,0.03939000144600868,0.04332000017166138,0.03939000144600868,0
MAVUSDT,172,2023-06-29 13:00,2026-01-01 00:00,21972,2023-06-29 13:00,2026-01-01 00:00,1688043600000,1767225600000,0,0,False,0,0,1,1,1,0,24,24,1,0,2,0,0,0,24,24,0,0,0.027070000767707825,0.4729999899864197,0.027070000767707825,0
XVGUSDT,173,2023-07-05 13:00,2026-01-01 00:00,21836,2023-07-05 13:00,2026-01-01 00:00,1688562000000,1767225600000,0,0,False,0,0,1,1,1,0,16,8,0,0,2,0,0,0,16,16,0,0,0.005758999846875668,0.007435999810695648,0.005758999846875668,0
ARKMUSDT,176,2023-07-28 03:00,2026-01-01 00:00,21294,2023-07-28 03:00,2026-01-01 00:00,1690513200000,1767225600000,0,0,False,0,0,1,1,1,0,16,16,0,0,2,0,0,0,16,16,0,0,0.17579999566078186,0.5651999711990356,0.17579999566078186,0
AGLDUSDT,177,2023-07-29 03:00,2026-01-01 00:00,21262,2023-07-29 03:00,2026-01-01 00:00,1690599600000,1767225600000,0,0,False,0,0,1,1,1,0,24,24,1,0,2,0,1,0,24,24,0,0,0.26179999113082886,0.6711000204086304,0.26179999113082886,0
OXTUSDT,181,2023-08-11 13:00,2026-01-01 00:00,20948,2023-08-11 13:00,2026-01-01 00:00,1691758800000,1767225600000,0,0,False,0,0,1,1,1,0,16,16,0,0,2,0,0,0,16,16,0,0,0.02246999926865101,0.08027999848127365,0.02246999926865101,0
CYBERUSDT,183,2023-08-21 13:00,2026-01-01 00:00,20700,2023-08-21 13:00,2026-01-01 00:00,1692622800000,1767225600000,0,0,False,0,0,1,1,1,0,24,24,1,0,2,0,2,0,24,24,0,0,0.7915999889373779,4.372000217437744,0.7915999889373779,0
ARKUSDT,185,2023-09-19 15:00,2026-01-01 00:00,20002,2023-09-19 15:00,2026-01-01 00:00,1695135600000,1767225600000,0,0,False,0,0,1,1,1,2,24,24,1,0,2,0,0,0,24,24,0,0,0.25769999623298645,0.6516000032424927,0.25769999623298645,0
BSVUSDT,193,2023-10-20 13:00,2026-01-01 00:00,19260,2023-10-20 13:00,2026-01-01 00:00,1697806800000,1767225600000,0,0,False,0,0,1,1,1,0,24,24,1,0,2,0,0,0,24,24,0,0,17.290000915527344,52.68000030517578,17.290000915527344,0
RIFUSDT,194,2023-10-21 13:00,2026-01-01 00:00,19244,2023-10-21 13:00,2026-01-01 00:00,1697893200000,1767225600000,0,0,False,0,0,1,1,1,0,16,8,0,0,2,0,0,0,16,16,0,0,0.034690000116825104,0.12015999853610992,0.034690000116825104,0
POLYXUSDT,195,2023-10-25 03:00,2026-01-01 00:00,19166,2023-10-25 03:00,2026-01-01 00:00,1698202800000,1767225600000,0,0,False,0,0,1,1,1,0,8,8,0,0,2,0,0,0,8,8,0,0,0.057009998708963394,0.27480000257492065,0.057009998708963394,0
GASUSDT,196,2023-10-25 03:00,2026-01-01 00:00,19158,2023-10-25 03:00,2026-01-01 00:00,1698202800000,1767225600000,0,0,False,0,0,1,1,1,0,16,16,0,0,2,0,0,0,16,16,0,0,2.0230000019073486,3.134999990463257,2.0230000019073486,0
TIAUSDT,198,2023-10-31 19:00,2026-01-01 00:00,19006,2023-10-31 19:00,2026-01-01 00:00,1698778800000,1767225600000,0,0,False,0,0,1,1,1,0,8,8,0,0,2,0,0,0,8,8,0,0,0.4555000066757202,2.2701001167297363,0.4555000066757202,0
MEMEUSDT,200,2023-11-03 13:00,2026-01-01 00:00,18948,2023-11-03 13:00,2026-01-01 00:00,1699016400000,1767225600000,0,0,False,0,0,1,1,1,0,0,0,0,0,2,0,0,0,0,0,0,0,0.0009869999485090375,0.025457000359892845,0.0009869999485090375,0
TWTUSDT,201,2023-11-03 15:00,2026-01-01 00:00,18922,2023-11-03 15:00,2026-01-01 00:00,1699023600000,1767225600000,0,0,False,0,0,1,1,1,0,24,24,1,0,2,0,0,0,24,24,0,0,0.8676000237464905,1.2316999435424805,0.8676000237464905,0
STEEMUSDT,204,2023-11-08 15:00,2026-01-01 00:00,18802,2023-11-08 15:00,2026-01-01 00:00,1699455600000,1767225600000,0,0,False,0,0,1,1,1,0,24,24,1,0,2,0,0,1,24,24,0,0,0.06526999920606613,0.27619999647140503,0.06526999920606613,0
NTRNUSDT,207,2023-11-14 13:00,2026-01-01 00:00,18668,2023-11-14 13:00,2026-01-01 00:00,1699966800000,1767225600000,0,0,False,0,0,1,1,1,0,16,16,0,0,2,0,0,0,16,16,0,0,0.027540000155568123,0.4377000033855438,0.027540000155568123,0
KASUSDT,208,2023-11-17 03:00,2026-01-01 00:00,18606,2023-11-17 03:00,2026-01-01 00:00,1700190000000,1767225600000,0,0,False,0,0,1,1,1,0,16,16,0,0,2,0,0,0,16,16,0,0,0.042890001088380814,0.12482000142335892,0.042890001088380814,0
BEAMXUSDT,209,2023-11-17 14:00,2026-01-01 00:00,18587,2023-11-17 14:00,2026-01-01 00:00,1700229600000,1767225600000,0,0,False,0,0,1,1,1,0,24,24,1,0,2,0,0,0,24,24,0,0,0.0027069998905062675,0.0081599997356534,0.0027069998905062675,0
PYTHUSDT,211,2023-11-22 15:00,2026-01-01 00:00,18466,2023-11-22 15:00,2026-01-01 00:00,1700665200000,1767225600000,0,0,False,0,0,1,1,1,0,24,24,1,0,2,0,0,0,24,24,0,0,0.05578000098466873,0.40849998593330383,0.05578000098466873,0
SUPERUSDT,212,2023-11-26 14:00,2026-01-01 00:00,18379,2023-11-26 14:00,2026-01-01 00:00,1701007200000,1767225600000,0,0,False,0,0,1,1,1,0,16,16,0,0,2,0,0,0,16,16,0,0,0.20340000092983246,0.4359000027179718,0.20340000092983246,0
USTCUSDT,213,2023-11-27 13:00,2026-01-01 00:00,18340,2023-11-27 13:00,2026-01-01 00:00,1701090000000,1767225600000,0,0,False,0,0,1,1,1,0,32,24,1,0,2,0,0,0,32,32,0,0,0.006395999807864428,0.065700002014637,0.006395999807864428,0
ONGUSDT,214,2023-11-27 14:00,2026-01-01 00:00,18355,2023-11-27 14:00,2026-01-01 00:00,1701093600000,1767225600000,0,0,False,0,0,1,1,1,0,16,16,0,0,2,0,0,0,16,16,0,0,0.0839499980211258,0.453900009393692,0.0839499980211258,0
ETHWUSDT,215,2023-11-28 13:00,2026-01-01 00:00,18332,2023-11-28 13:00,2026-01-01 00:00,1701176400000,1767225600000,0,0,False,0,0,1,1,1,0,16,8,0,0,2,0,0,0,16,16,0,0,0.5188999772071838,2.885999917984009,0.5188999772071838,0
AUCTIONUSDT,218,2023-12-15 14:00,2026-01-01 00:00,17915,2023-12-15 14:00,2026-01-01 00:00,1702648800000,1767225600000,0,0,False,0,0,1,1,1,0,24,24,1,0,2,0,0,0,24,24,0,0,5.322999954223633,26.3700008392334,5.322999954223633,0
1000RATSUSDT,219,2023-12-15 15:00,2026-01-01 00:00,17922,2023-12-15 15:00,2026-01-01 00:00,1702652400000,1767225600000,0,0,False,0,0,1,1,1,0,16,8,0,0,2,0,0,0,16,16,0,0,0.040300000458955765,0.4490000009536743,0.040300000458955765,0
ACEUSDT,220,2023-12-18 11:00,2026-01-01 00:00,17846,2023-12-18 11:00,2026-01-01 00:00,1702897200000,1767225600000,0,0,False,0,0,1,1,1,0,24,24,1,0,2,0,0,3,24,24,0,0,0.2720000147819519,13.9753999710083,0.2720000147819519,0
MOVRUSDT,221,2023-12-26 13:00,2026-01-01 00:00,17660,2023-12-26 13:00,2026-01-01 00:00,1703595600000,1767225600000,0,0,False,0,0,1,1,1,0,16,16,0,0,2,0,0,0,16,16,0,0,2.4719998836517334,33.93199920654297,2.4719998836517334,0
NFPUSDT,222,2023-12-27 14:00,2026-01-01 00:00,17643,2023-12-27 14:00,2026-01-01 00:00,1703685600000,1767225600000,0,0,False,0,0,1,1,1,0,8,8,0,0,2,0,0,0,8,8,0,0,0.02370000071823597,1.226199984550476,0.02370000071823597,0
XAIUSDT,224,2024-01-09 15:00,2026-01-01 00:00,17322,2024-01-09 15:00,2026-01-01 00:00,1704812400000,1767225600000,0,0,False,0,0,1,1,1,0,16,16,0,0,2,0,0,0,16,16,0,0,0.01590000092983246,0.6227999925613403,0.01590000092983246,0
MANTAUSDT,225,2024-01-18 15:00,2026-01-01 00:00,17122,2024-01-18 15:00,2026-01-01 00:00,1705590000000,1767225600000,0,0,False,0,0,1,1,1,0,0,0,0,0,2,0,0,0,0,0,0,0,0.07692000269889832,2.244999885559082,0.07692000269889832,0
ALTUSDT,228,2024-01-25 15:00,2026-01-01 00:00,16938,2024-01-25 15:00,2026-01-01 00:00,1706194800000,1767225600000,0,0,False,0,0,1,1,1,0,16,16,0,0,2,0,1,0,16,16,0,0,0.01143999956548214,0.34439998865127563,0.01143999956548214,0
LSKUSDT,229,2024-01-25 15:00,2026-01-01 00:00,16930,2024-01-25 15:00,2026-01-01 00:00,1706194800000,1767225600000,0,0,False,0,0,1,1,1,0,24,24,1,0,2,0,0,0,24,24,0,0,0.1923999935388565,1.2660000324249268,0.1923999935388565,0
JUPUSDT,230,2024-01-31 19:00,2026-01-01 00:00,16782,2024-01-31 19:00,2026-01-01 00:00,1706727600000,1767225600000,0,0,False,0,0,1,1,1,0,24,24,1,0,2,0,0,0,24,24,0,0,0.1881999969482422,0.6746000051498413,0.1881999969482422,0
RONINUSDT,232,2024-02-06 05:00,2026-01-01 00:00,16652,2024-02-06 05:00,2026-01-01 00:00,1707195600000,1767225600000,0,0,False,0,0,1,1,1,0,24,24,1,0,2,0,0,0,24,24,0,0,0.13249999284744263,2.578000068664551,0.13249999284744263,0
DYMUSDT,233,2024-02-07 08:00,2026-01-01 00:00,16633,2024-02-07 08:00,2026-01-01 00:00,1707292800000,1767225600000,0,0,False,0,0,1,1,1,0,16,16,0,0,2,0,1,0,16,16,0,0,0.06509999930858612,5.107999801635742,0.06509999930858612,0
OMUSDT,234,2024-02-13 15:00,2026-01-01 00:00,16474,2024-02-13 15:00,2026-01-01 00:00,1707836400000,1767225600000,0,0,False,0,0,1,1,1,0,24,24,1,0,2,0,3,0,24,24,0,0,0.0690699964761734,0.2859399914741516,0.0690699964761734,0
PIXELUSDT,235,2024-02-19 16:00,2026-01-01 00:00,16337,2024-02-19 16:00,2026-01-01 00:00,1708358400000,1767225600000,0,0,False,0,0,1,1,1,0,16,8,0,0,2,0,0,0,16,16,0,0,0.00824000034481287,0.5724999904632568,0.00824000034481287,0
STRKUSDT,236,2024-02-20 18:00,2026-01-01 00:00,16303,2024-02-20 18:00,2026-01-01 00:00,1708452000000,1767225600000,0,0,False,0,0,1,1,1,0,24,24,1,0,2,0,0,0,24,24,0,0,0.07919999957084656,2.035900115966797,0.07919999957084656,0
MAVIAUSDT,237,2024-02-21 11:00,2026-01-01 00:00,13301,2024-02-21 11:00,2026-01-01 00:00,1708513200000,1767225600000,0,0,False,0,0,1,1,1,0,3009,2993,1,0,2,0,0,0,2992,602,0,0,0.0581200011074543,7.487100124359131,0.0581200011074543,0
AXLUSDT,241,2024-03-01 16:00,2026-01-01 00:00,16065,2024-03-01 16:00,2026-01-01 00:00,1709308800000,1767225600000,0,0,False,0,0,1,1,1,0,24,24,1,0,2,0,0,0,24,24,0,0,0.06859999895095825,2.018399953842163,0.06859999895095825,0
METISUSDT,243,2024-03-12 09:00,2026-01-01 00:00,15808,2024-03-12 09:00,2026-01-01 00:00,1710234000000,1767225600000,0,0,False,0,0,1,1,1,0,24,24,1,0,2,0,0,0,24,24,0,0,5.002999782562256,128.16000366210938,5.002999782562256,0
AEVOUSDT,244,2024-03-13 14:00,2026-01-01 00:00,15779,2024-03-13 14:00,2026-01-01 00:00,1710338400000,1767225600000,0,0,False,0,0,1,1,1,0,24,24,1,0,2,0,0,0,24,24,0,0,0.03858000040054321,2.8299999237060547,0.03858000040054321,0
VANRYUSDT,245,2024-03-13 18:00,2026-01-01 00:00,15775,2024-03-13 18:00,2026-01-01 00:00,1710352800000,1767225600000,0,0,False,0,0,1,1,1,0,24,24,1,0,2,0,0,0,24,24,0,0,0.00783700030297041,0.32499998807907104,0.00783700030297041,0
ENAUSDT,248,2024-04-02 13:00,2026-01-01 00:00,15300,2024-04-02 13:00,2026-01-01 00:00,1712062800000,1767225600000,0,0,False,0,0,1,1,1,0,24,24,1,0,2,0,0,0,24,24,0,0,0.19979999959468842,0.625,0.19979999959468842,0
WUSDT,249,2024-04-03 16:00,2026-01-01 00:00,15281,2024-04-03 16:00,2026-01-01 00:00,1712160000000,1767225600000,0,0,False,0,0,1,1,1,0,16,16,0,0,2,0,0,0,16,16,0,0,0.032829999923706055,1.3049999475479126,0.032829999923706055,0
SAGAUSDT,251,2024-04-09 11:00,2026-01-01 00:00,15134,2024-04-09 11:00,2026-01-01 00:00,1712660400000,1767225600000,0,0,False,0,0,1,1,1,0,24,24,1,0,2,0,0,0,24,24,0,0,0.056370001286268234,7.380799770355225,0.056370001286268234,0
REZUSDT,254,2024-04-30 15:00,2026-01-01 00:00,14634,2024-04-30 15:00,2026-01-01 00:00,1714489200000,1767225600000,0,0,False,0,0,1,1,1,0,16,8,0,0,2,0,0,3,16,16,0,0,0.005520000122487545,0.17399999499320984,0.005520000122487545,0
IOUSDT,258,2024-06-11 15:00,2026-01-01 00:00,13626,2024-06-11 15:00,2026-01-01 00:00,1718118000000,1767225600000,0,0,False,0,0,1,1,1,0,16,16,0,0,2,0,0,0,16,16,0,0,0.1527000069618225,3.5480000972747803,0.1527000069618225,0
ZKUSDT,259,2024-06-17 12:00,2026-01-01 00:00,13477,2024-06-17 12:00,2026-01-01 00:00,1718625600000,1767225600000,0,0,False,0,0,1,1,1,0,24,24,1,0,2,0,0,0,24,24,0,0,0.028960000723600388,0.2476000040769577,0.028960000723600388,0
MEWUSDT,260,2024-06-17 15:00,2026-01-01 00:00,13474,2024-06-17 15:00,2026-01-01 00:00,1718636400000,1767225600000,0,0,False,0,0,1,1,1,0,24,24,1,0,2,0,0,0,24,24,0,0,0.0008219999726861715,0.0048329997807741165,0.0008219999726861715,0
LISTAUSDT,261,2024-06-20 13:00,2026-01-01 00:00,13404,2024-06-20 13:00,2026-01-01 00:00,1718888400000,1767225600000,0,0,False,0,0,1,1,1,0,24,24,1,0,2,0,0,0,24,24,0,0,0.1712999939918518,0.6628000140190125,0.1712999939918518,0
RENDERUSDT,263,2024-07-26 11:00,2026-01-01 00:00,12542,2024-07-26 11:00,2026-01-01 00:00,1721991600000,1767225600000,0,0,False,0,0,1,1,1,0,24,24,1,0,2,0,0,0,24,24,0,0,1.2860000133514404,6.888999938964844,1.2860000133514404,0
SYSUSDT,268,2024-08-19 13:00,2026-01-01 00:00,11972,2024-08-19 13:00,2026-01-01 00:00,1724072400000,1767225600000,0,0,False,0,0,1,1,1,0,16,8,0,0,2,0,0,0,16,16,0,0,0.01721999980509281,0.2092999964952469,0.01721999980509281,0
CHESSUSDT,278,2024-08-29 08:00,2026-01-01 00:00,11729,2024-08-29 08:00,2026-01-01 00:00,1724918400000,1767225600000,0,0,False,0,0,1,1,1,0,24,24,1,0,2,0,0,0,24,24,0,0,0.031690001487731934,0.2198999971151352,0.031690001487731934,0
POLUSDT,285,2024-09-13 13:00,2026-01-01 00:00,11364,2024-09-13 13:00,2026-01-01 00:00,1726232400000,1767225600000,0,0,False,0,0,1,1,1,0,24,24,1,0,2,0,0,0,24,24,0,0,0.10045000165700912,0.4250999987125397,0.10045000165700912,0
GHSTUSDT,293,2024-09-23 14:00,2026-01-01 00:00,11123,2024-09-23 14:00,2026-01-01 00:00,1727100000000,1767225600000,0,0,False,0,0,1,1,1,0,24,24,1,0,2,0,0,0,24,24,0,0,0.16850000619888306,1.1679999828338623,0.16850000619888306,0
HMSTRUSDT,295,2024-09-26 13:00,2026-01-01 00:00,11052,2024-09-26 13:00,2026-01-01 00:00,1727355600000,1767225600000,0,0,False,0,0,1,1,1,0,24,24,1,0,2,0,0,0,24,24,0,0,0.00021230000129435211,0.008528999984264374,0.00021230000129435211,0
COSUSDT,297,2024-09-30 14:00,2026-01-01 00:00,10963,2024-09-30 14:00,2026-01-01 00:00,1727704800000,1767225600000,0,0,False,0,0,1,1,1,0,16,16,0,0,2,0,0,0,16,16,0,0,0.001218999968841672,0.008337999694049358,0.001218999968841672,0
DIAUSDT,299,2024-10-02 13:00,2026-01-01 00:00,10908,2024-10-02 13:00,2026-01-01 00:00,1727874000000,1767225600000,0,0,False,0,0,1,1,1,0,24,24,1,0,2,0,0,0,24,24,0,0,0.2467000037431717,0.8248999714851379,0.2467000037431717,0
1000CATUSDT,300,2024-10-21 13:00,2026-01-01 00:00,10452,2024-10-21 13:00,2026-01-01 00:00,1729515600000,1767225600000,0,0,False,0,0,1,1,1,0,24,24,1,0,2,0,1,0,24,24,0,0,0.002722000004723668,0.03359000012278557,0.002722000004723668,0
SCRUSDT,301,2024-10-22 11:00,2026-01-01 00:00,10438,2024-10-22 11:00,2026-01-01 00:00,1729594800000,1767225600000,0,0,False,0,0,1,1,1,0,16,16,0,0,2,0,0,0,16,16,0,0,0.07321000099182129,1.2489999532699585,0.07321000099182129,0
GOATUSDT,302,2024-10-24 14:00,2026-01-01 00:00,10379,2024-10-24 14:00,2026-01-01 00:00,1729778400000,1767225600000,0,0,False,0,0,1,1,1,0,24,24,1,0,2,0,0,0,24,24,0,0,0.032930001616477966,0.7971000075340271,0.032930001616477966,0
SAFEUSDT,304,2024-10-25 13:00,2026-01-01 00:00,10372,2024-10-25 13:00,2026-01-01 00:00,1729861200000,1767225600000,0,0,False,0,0,1,1,1,0,8,8,0,0,2,0,0,0,8,8,0,0,0.13809999823570251,1.6288000345230103,0.13809999823570251,0
SANTOSUSDT,305,2024-10-28 15:00,2026-01-01 00:00,10290,2024-10-28 15:00,2026-01-01 00:00,1730127600000,1767225600000,0,0,False,0,0,1,1,1,0,16,8,0,0,2,0,0,0,16,16,0,0,1.7630000114440918,6.834000110626221,1.7630000114440918,0
CETUSUSDT,310,2024-11-06 15:00,2026-01-01 00:00,10066,2024-11-06 15:00,2026-01-01 00:00,1730905200000,1767225600000,0,0,False,0,0,0,0,0,0,24,24,1,0,2,0,0,0,24,24,0,0,0.022670000791549683,0.2932400107383728,0.022670000791549683,0
1000000MOGUSDT,311,2024-11-07 13:00,2026-01-01 00:00,10052,2024-11-07 13:00,2026-01-01 00:00,1730984400000,1767225600000,0,0,False,0,0,0,0,0,0,16,16,0,0,2,0,0,0,16,16,0,0,0.22220000624656677,1.989799976348877,0.22220000624656677,0
GRASSUSDT,312,2024-11-08 16:00,2026-01-01 00:00,10017,2024-11-08 16:00,2026-01-01 00:00,1731081600000,1767225600000,0,0,False,0,0,0,0,0,0,24,24,1,0,2,0,0,0,24,24,0,0,0.28540000319480896,3.421600103378296,0.28540000319480896,0
DRIFTUSDT,313,2024-11-08 16:00,2026-01-01 00:00,10017,2024-11-08 16:00,2026-01-01 00:00,1731081600000,1767225600000,0,0,False,0,0,0,0,0,0,24,24,1,0,2,0,0,0,24,24,0,0,0.15160000324249268,0.9222999811172485,0.15160000324249268,0
ACTUSDT,315,2024-11-11 13:00,2026-01-01 00:00,9948,2024-11-11 13:00,2026-01-01 00:00,1731330000000,1767225600000,0,0,False,0,0,0,0,0,0,24,24,1,0,2,0,1,0,24,24,0,0,0.032760001718997955,0.4097500145435333,0.032760001718997955,0
DEGENUSDT,319,2024-11-15 12:00,2026-01-01 00:00,9853,2024-11-15 12:00,2026-01-01 00:00,1731672000000,1767225600000,0,0,False,0,0,0,0,0,0,24,24,1,0,2,0,0,0,24,24,0,0,0.0010420000180602074,0.028768999502062798,0.0010420000180602074,0
THEUSDT,326,2024-11-27 13:00,2026-01-01 00:00,9564,2024-11-27 13:00,2026-01-01 00:00,1732712400000,1767225600000,0,0,False,0,0,0,0,0,0,24,16,0,0,2,0,0,0,24,24,0,0,0.20749999582767487,2.4159998893737793,0.20749999582767487,0
ORCAUSDT,331,2024-12-06 16:00,2026-01-01 00:00,9345,2024-12-06 16:00,2026-01-01 00:00,1733500800000,1767225600000,0,0,False,0,0,0,0,0,0,24,24,1,0,2,0,0,0,24,24,0,0,1.069000005722046,7.326000213623047,1.069000005722046,0
ACXUSDT,332,2024-12-06 16:00,2026-01-01 00:00,9345,2024-12-06 16:00,2026-01-01 00:00,1733500800000,1767225600000,0,0,False,0,0,0,0,0,0,24,24,1,0,2,0,0,0,24,24,0,0,0.0480399988591671,1.25,0.0480399988591671,0
MOVEUSDT,333,2024-12-09 15:00,2026-01-01 00:00,9282,2024-12-09 15:00,2026-01-01 00:00,1733756400000,1767225600000,0,0,False,0,0,0,0,0,0,16,16,0,0,2,0,0,0,16,16,0,0,0.033890001475811005,0.6646000146865845,0.033890001475811005,0
MEUSDT,338,2024-12-10 18:00,2026-01-01 00:00,9255,2024-12-10 18:00,2026-01-01 00:00,1733853600000,1767225600000,0,0,False,0,0,0,0,0,0,16,8,0,0,2,0,0,0,16,16,0,0,0.1981000006198883,4.9079999923706055,0.1981000006198883,0
VELODROMEUSDT,341,2024-12-13 17:00,2026-01-01 00:00,9184,2024-12-13 17:00,2026-01-01 00:00,1734109200000,1767225600000,0,0,False,0,0,0,0,0,0,16,16,0,0,2,0,0,0,16,16,0,0,0.017629999667406082,0.2926799952983856,0.017629999667406082,0
VANAUSDT,343,2024-12-16 14:00,2026-01-01 00:00,9107,2024-12-16 14:00,2026-01-01 00:00,1734357600000,1767225600000,0,0,False,0,0,0,0,0,0,24,24,1,0,2,0,0,0,24,24,0,0,2.2639999389648438,25.26799964904785,2.2639999389648438,0
CGPTUSDT,350,2024-12-20 20:00,2026-01-01 00:00,9013,2024-12-20 20:00,2026-01-01 00:00,1734724800000,1767225600000,0,0,False,0,0,0,0,0,0,16,16,0,0,2,0,0,0,16,16,0,0,0.03123999945819378,0.2290000021457672,0.03123999945819378,0
BIOUSDT,358,2025-01-03 13:00,2026-01-01 00:00,8676,2025-01-03 13:00,2026-01-01 00:00,1735909200000,1767225600000,0,0,False,0,0,0,0,0,0,24,24,1,0,2,0,0,0,24,24,0,0,0.043710000813007355,0.8820000290870667,0.043710000813007355,0
COOKIEUSDT,359,2025-01-07 12:00,2026-01-01 00:00,8581,2025-01-07 12:00,2026-01-01 00:00,1736251200000,1767225600000,0,0,False,0,0,0,0,0,0,24,24,1,0,2,0,1,0,24,24,0,0,0.04177999868988991,0.6381999850273132,0.04177999868988991,0
ALCHUSDT,360,2025-01-07 12:00,2026-01-01 00:00,8589,2025-01-07 12:00,2026-01-01 00:00,1736251200000,1767225600000,0,0,False,0,0,0,0,0,0,16,16,0,0,2,0,1,0,16,16,0,0,0.1342500001192093,0.20274999737739563,0.1342500001192093,0
DUSDT,363,2025-01-09 11:00,2026-01-01 00:00,8542,2025-01-09 11:00,2026-01-01 00:00,1736420400000,1767225600000,0,0,False,0,0,0,0,0,0,16,8,0,0,2,0,0,0,16,16,0,0,0.013849999755620956,0.17919999361038208,0.013849999755620956,0
PROMUSDT,364,2025-01-15 13:00,2026-01-01 00:00,8388,2025-01-15 13:00,2026-01-01 00:00,1736946000000,1767225600000,0,0,False,0,0,0,0,0,0,24,24,1,0,2,0,0,0,24,24,0,0,8.762999534606934,9.13599967956543,8.762999534606934,0
SUSDT,365,2025-01-16 11:00,2026-01-01 00:00,8374,2025-01-16 11:00,2026-01-01 00:00,1737025200000,1767225600000,0,0,False,0,0,0,0,0,0,16,16,0,0,2,0,0,0,16,16,0,0,0.07385999709367752,0.7876999974250793,0.07385999709367752,0
ARCUSDT,367,2025-01-17 14:00,2026-01-01 00:00,8339,2025-01-17 14:00,2026-01-01 00:00,1737122400000,1767225600000,0,0,False,0,0,0,0,0,0,24,24,1,0,2,0,0,0,24,24,0,0,0.03545999899506569,0.3490000069141388,0.03545999899506569,0
AVAAIUSDT,368,2025-01-17 14:00,2026-01-01 00:00,8355,2025-01-17 14:00,2026-01-01 00:00,1737122400000,1767225600000,0,0,False,0,0,0,0,0,0,8,8,0,0,2,0,0,0,8,8,0,0,0.00925000011920929,0.22394999861717224,0.00925000011920929,0
TRUMPUSDT,369,2025-01-18 14:00,2026-01-01 00:00,8315,2025-01-18 14:00,2026-01-01 00:00,1737208800000,1767225600000,0,0,False,0,0,0,0,0,0,24,24,1,0,2,0,0,1,24,24,0,0,4.797999858856201,22.91200065612793,4.797999858856201,0
PIPPINUSDT,374,2025-01-24 11:00,2026-01-01 00:00,8182,2025-01-24 11:00,2026-01-01 00:00,1737716400000,1767225600000,0,0,False,0,0,0,0,0,0,16,8,0,0,2,0,3,0,16,16,0,0,0.3893899917602539,0.12599000334739685,0.3893899917602539,0
LAYERUSDT,378,2025-02-11 16:00,2026-01-01 00:00,7737,2025-02-11 16:00,2026-01-01 00:00,1739289600000,1767225600000,0,0,False,0,0,0,0,0,0,24,24,1,0,2,0,0,0,24,24,0,0,0.1678999960422516,0.8094000220298767,0.1678999960422516,0
HEIUSDT,379,2025-02-13 10:00,2026-01-01 00:00,7703,2025-02-13 10:00,2026-01-01 00:00,1739440800000,1767225600000,0,0,False,0,0,0,0,0,0,16,16,0,0,2,0,0,0,16,16,0,0,0.12150000035762787,1.083299994468689,0.12150000035762787,0
BMTUSDT,388,2025-03-17 14:00,2026-01-01 00:00,6923,2025-03-17 14:00,2026-01-01 00:00,1742220000000,1767225600000,0,0,False,0,0,0,0,0,0,24,24,1,0,2,0,0,0,24,24,0,0,0.02449999935925007,0.1363999992609024,0.02449999935925007,0
MUBARAKUSDT,389,2025-03-17 14:00,2026-01-01 00:00,6931,2025-03-17 14:00,2026-01-01 00:00,1742220000000,1767225600000,0,0,False,0,0,0,0,0,0,16,8,0,0,2,0,0,0,16,16,0,0,0.017999999225139618,0.10260000079870224,0.017999999225139618,0
FORMUSDT,390,2025-03-19 09:00,2026-01-01 00:00,6880,2025-03-19 09:00,2026-01-01 00:00,1742374800000,1767225600000,0,0,False,0,0,0,0,0,0,24,24,1,0,2,0,0,0,24,24,0,0,0.35499998927116394,1.8200000524520874,0.35499998927116394,0
TUTUSDT,391,2025-03-20 10:00,2026-01-01 00:00,6855,2025-03-20 10:00,2026-01-01 00:00,1742464800000,1767225600000,0,0,False,0,0,0,0,0,0,24,24,1,0,2,0,2,0,24,24,0,0,0.01496999990195036,0.045559998601675034,0.01496999990195036,0
BROCCOLI714USDT,393,2025-03-21 10:00,2026-01-01 00:00,6831,2025-03-21 10:00,2026-01-01 00:00,1742551200000,1767225600000,0,0,False,0,0,0,0,0,0,24,24,1,0,2,0,1,0,24,24,0,0,0.01744999922811985,0.04546000063419342,0.01744999922811985,0
PLUMEUSDT,396,2025-03-21 14:00,2026-01-01 00:00,6835,2025-03-21 14:00,2026-01-01 00:00,1742565600000,1767225600000,0,0,False,0,0,0,0,0,0,16,16,0,1,2,0,0,0,16,16,0,0,0.01655999943614006,0.19830000400543213,0.01655999943614006,0
BANANAS31USDT,398,2025-03-22 10:00,2026-01-01 00:00,6807,2025-03-22 10:00,2026-01-01 00:00,1742637600000,1767225600000,0,0,False,0,0,0,0,0,0,24,24,1,0,2,0,0,0,24,24,0,0,0.003848999971523881,0.005537000019103289,0.003848999971523881,0
JELLYJELLYUSDT,401,2025-03-26 17:00,2026-01-01 00:00,6712,2025-03-26 17:00,2026-01-01 00:00,1743008400000,1767225600000,0,0,False,0,0,0,0,0,0,16,16,0,0,2,0,0,0,16,16,0,0,0.061489999294281006,0.02452000044286251,0.061489999294281006,0
WALUSDT,403,2025-03-27 16:00,2026-01-01 00:00,6681,2025-03-27 16:00,2026-01-01 00:00,1743091200000,1767225600000,0,0,False,0,0,0,0,0,0,24,24,1,0,2,0,0,0,24,24,0,0,0.11869999766349792,0.4650000035762787,0.11869999766349792,0
FUNUSDT,404,2025-03-31 09:00,2026-01-01 00:00,6608,2025-03-31 09:00,2026-01-01 00:00,1743411600000,1767225600000,0,0,False,0,0,0,0,0,0,8,8,0,0,2,0,0,0,8,8,0,0,0.0018159999744966626,0.004987999796867371,0.0018159999744966626,0
ATHUSDT,407,2025-04-02 16:00,2026-01-01 00:00,6537,2025-04-02 16:00,2026-01-01 00:00,1743609600000,1767225600000,0,0,False,0,0,0,0,0,0,24,24,1,0,2,0,0,0,24,24,0,0,0.008609999902546406,0.03109000064432621,0.008609999902546406,0
BABYUSDT,408,2025-04-05 14:00,2026-01-01 00:00,6467,2025-04-05 14:00,2026-01-01 00:00,1743861600000,1767225600000,0,0,False,0,0,0,0,0,0,24,24,1,1,2,0,0,0,24,24,0,0,0.016380000859498978,0.0635799989104271,0.016380000859498978,0
FORTHUSDT,409,2025-04-08 09:00,2026-01-01 00:00,6400,2025-04-08 09:00,2026-01-01 00:00,1744102800000,1767225600000,0,0,False,0,0,0,0,0,0,24,24,1,0,2,0,0,0,24,24,0,0,1.5809999704360962,2.4179999828338623,1.5809999704360962,0
PROMPTUSDT,410,2025-04-11 07:00,2026-01-01 00:00,6330,2025-04-11 07:00,2026-01-01 00:00,1744354800000,1767225600000,0,0,False,0,0,0,0,0,0,24,24,1,0,2,0,0,0,24,24,0,0,0.05042000114917755,0.18960000574588776,0.05042000114917755,0
FHEUSDT,413,2025-04-12 16:00,2026-01-01 00:00,6305,2025-04-12 16:00,2026-01-01 00:00,1744473600000,1767225600000,0,0,False,0,0,0,0,0,0,16,16,0,0,2,0,1,0,16,16,0,0,0.03646999970078468,0.09357000142335892,0.03646999970078468,0
KERNELUSDT,414,2025-04-14 13:00,2026-01-01 00:00,6252,2025-04-14 13:00,2026-01-01 00:00,1744635600000,1767225600000,0,0,False,0,0,0,0,0,0,24,24,1,0,2,0,0,0,24,24,0,0,0.06960000097751617,0.36340001225471497,0.06960000097751617,0
WCTUSDT,415,2025-04-15 12:00,2026-01-01 00:00,6237,2025-04-15 12:00,2026-01-01 00:00,1744718400000,1767225600000,0,0,False,0,0,0,0,0,0,16,8,0,0,2,0,0,0,16,16,0,0,0.08030000329017639,0.3488999903202057,0.08030000329017639,0
EPTUSDT,418,2025-04-21 14:00,2026-01-01 00:00,6099,2025-04-21 14:00,2026-01-01 00:00,1745244000000,1767225600000,0,0,False,0,0,0,0,0,0,8,8,0,0,2,0,0,0,8,8,0,0,0.002280999906361103,0.0168210007250309,0.002280999906361103,0
DEEPUSDT,419,2025-04-22 09:00,2026-01-01 00:00,6072,2025-04-22 09:00,2026-01-01 00:00,1745312400000,1767225600000,0,0,False,0,0,0,0,0,0,16,16,0,0,2,0,0,0,16,16,0,0,0.03446999937295914,0.12372999638319016,0.03446999937295914,0
PUNDIXUSDT,425,2025-04-30 11:00,2026-01-01 00:00,5878,2025-04-30 11:00,2026-01-01 00:00,1746010800000,1767225600000,0,0,False,0,0,0,0,0,0,16,16,0,0,2,0,0,0,16,16,0,0,0.2313999980688095,0.5508999824523926,0.2313999980688095,0
AIOTUSDT,426,2025-04-30 13:00,2026-01-01 00:00,5868,2025-04-30 13:00,2026-01-01 00:00,1746018000000,1767225600000,0,0,False,0,0,0,0,0,0,24,24,1,0,2,0,0,0,24,24,0,0,0.10930000245571136,0.2555299997329712,0.10930000245571136,0
HAEDALUSDT,428,2025-05-01 04:00,2026-01-01 00:00,5861,2025-05-01 04:00,2026-01-01 00:00,1746072000000,1767225600000,0,0,False,0,0,0,0,0,0,16,16,0,0,2,0,0,0,16,16,0,0,0.039810001850128174,0.11662399768829346,0.039810001850128174,0
SXTUSDT,429,2025-05-02 09:00,2026-01-01 00:00,5832,2025-05-02 09:00,2026-01-01 00:00,1746176400000,1767225600000,0,0,False,0,0,0,0,0,0,16,8,0,0,2,0,0,0,16,16,0,0,0.022830000147223473,0.6789399981498718,0.022830000147223473,0
OGUSDT,437,2025-05-12 10:00,2026-01-01 00:00,5583,2025-05-12 10:00,2026-01-01 00:00,1747044000000,1767225600000,0,0,False,0,0,0,0,0,0,24,24,1,0,2,0,0,0,24,24,0,0,11.555999755859375,5.379000186920166,11.555999755859375,0
SKYAIUSDT,439,2025-05-13 10:00,2026-01-01 00:00,5559,2025-05-13 10:00,2026-01-01 00:00,1747130400000,1767225600000,0,0,False,0,0,0,0,0,0,24,24,1,0,2,0,0,0,24,24,0,0,0.03807999938726425,0.06035999953746796,0.03807999938726425,0
BUSDT,443,2025-05-22 17:00,2026-01-01 00:00,5336,2025-05-22 17:00,2026-01-01 00:00,1747933200000,1767225600000,0,0,False,0,0,0,0,0,0,24,16,0,0,2,0,0,0,24,24,0,0,0.13359999656677246,0.29436999559402466,0.13359999656677246,0
SOONUSDT,444,2025-05-23 09:00,2026-01-01 00:00,5320,2025-05-23 09:00,2026-01-01 00:00,1747990800000,1767225600000,0,0,False,0,0,0,0,0,0,24,24,1,2,2,0,2,0,24,24,0,0,0.3357999920845032,0.5436800122261047,0.3357999920845032,0
AUSDT,446,2025-05-28 09:00,2026-01-01 00:00,5200,2025-05-28 09:00,2026-01-01 00:00,1748422800000,1767225600000,0,0,False,0,0,0,0,0,0,24,24,1,0,2,0,0,0,24,24,0,0,0.15809999406337738,0.7594199776649475,0.15809999406337738,0
1000000BOBUSDT,453,2025-06-05 09:00,2026-01-01 00:00,5008,2025-06-05 09:00,2026-01-01 00:00,1749114000000,1767225600000,0,0,False,0,0,0,0,0,0,24,24,1,0,2,0,0,0,24,24,0,0,0.018290000036358833,0.10967999696731567,0.018290000036358833,0
TAIKOUSDT,458,2025-06-11 13:00,2026-01-01 00:00,4860,2025-06-11 13:00,2026-01-01 00:00,1749646800000,1767225600000,0,0,False,0,0,0,0,0,0,24,16,0,0,2,0,0,0,24,24,0,0,0.1665000021457672,0.5637000203132629,0.1665000021457672,0
PUMPBTCUSDT,460,2025-06-13 11:00,2026-01-01 00:00,4814,2025-06-13 11:00,2026-01-01 00:00,1749812400000,1767225600000,0,0,False,0,0,0,0,0,0,24,24,1,0,2,0,3,0,24,24,0,0,0.02807999961078167,0.046459998935461044,0.02807999961078167,0
NEWTUSDT,464,2025-06-19 15:00,2026-01-01 00:00,4666,2025-06-19 15:00,2026-01-01 00:00,1750345200000,1767225600000,0,0,False,0,0,0,0,0,0,24,24,1,0,2,0,1,0,24,24,0,0,0.09529999643564224,0.24690000712871552,0.09529999643564224,0
DMCUSDT,465,2025-06-24 14:00,2026-01-01 00:00,4555,2025-06-24 14:00,2026-01-01 00:00,1750773600000,1767225600000,0,0,False,0,0,0,0,0,0,16,8,0,0,2,0,0,0,16,16,0,0,0.001290000043809414,0.004093000199645758,0.001290000043809414,0
OLUSDT,467,2025-06-25 12:00,2026-01-01 00:00,4549,2025-06-25 12:00,2026-01-01 00:00,1750852800000,1767225600000,0,0,False,0,0,0,0,0,0,0,0,0,0,2,0,0,0,0,0,0,0,0.01727999933063984,0.0350399985909462,0.01727999933063984,0
SAHARAUSDT,468,2025-06-26 13:00,2026-01-01 00:00,4508,2025-06-26 13:00,2026-01-01 00:00,1750942800000,1767225600000,0,0,False,0,0,0,0,0,0,16,8,0,0,2,0,0,0,16,16,0,0,0.02498999983072281,0.11714000254869461,0.02498999983072281,0
ICNTUSDT,469,2025-07-03 14:00,2026-01-01 00:00,4331,2025-07-03 14:00,2026-01-01 00:00,1751551200000,1767225600000,0,0,False,0,0,0,0,0,0,24,24,1,0,2,0,0,0,24,24,0,0,0.49050000309944153,0.374099999666214,0.49050000309944153,0
BULLAUSDT,470,2025-07-04 10:00,2026-01-01 00:00,4311,2025-07-04 10:00,2026-01-01 00:00,1751623200000,1767225600000,0,0,False,0,0,0,0,0,0,24,24,1,0,2,0,0,0,24,24,0,0,0.04439999908208847,0.10620000213384628,0.04439999908208847,0
IDOLUSDT,471,2025-07-04 10:00,2026-01-01 00:00,4311,2025-07-04 10:00,2026-01-01 00:00,1751623200000,1767225600000,0,0,False,0,0,0,0,0,0,24,24,1,0,2,0,0,0,24,24,0,0,0.029400000348687172,0.013880000449717045,0.029400000348687172,0
TAUSDT,481,2025-07-21 08:00,2026-01-01 00:00,3905,2025-07-21 08:00,2026-01-01 00:00,1753084800000,1767225600000,0,0,False,0,0,0,0,0,0,24,24,1,0,2,0,1,0,24,24,0,0,0.025769999250769615,0.16850000619888306,0.025769999250769615,0
ZRCUSDT,484,2025-07-29 10:00,2026-01-01 00:00,3711,2025-07-29 10:00,2026-01-01 00:00,1753783200000,1767225600000,0,0,False,0,0,0,0,0,0,24,24,1,0,2,0,0,0,24,24,0,0,0.003894000081345439,0.03743999823927879,0.003894000081345439,0
A2ZUSDT,487,2025-07-30 09:00,2026-01-01 00:00,3688,2025-07-30 09:00,2026-01-01 00:00,1753866000000,1767225600000,0,0,False,0,0,0,0,0,0,24,24,1,0,2,0,0,0,24,24,0,0,0.0013970000436529517,0.0051369997672736645,0.0013970000436529517,0
PLAYUSDT,488,2025-07-31 10:00,2026-01-01 00:00,3679,2025-07-31 10:00,2026-01-01 00:00,1753956000000,1767225600000,0,0,False,0,0,0,0,0,0,8,8,0,1,2,0,1,0,8,8,0,0,0.05203000083565712,0.03378000110387802,0.05203000083565712,0
NAORISUSDT,489,2025-07-31 13:00,2026-01-01 00:00,3660,2025-07-31 13:00,2026-01-01 00:00,1753966800000,1767225600000,0,0,False,0,0,0,0,0,0,24,24,1,0,2,0,1,0,24,24,0,0,0.03793000057339668,0.05689999833703041,0.03793000057339668,0
TOWNSUSDT,490,2025-08-05 15:00,2026-01-01 00:00,3538,2025-08-05 15:00,2026-01-01 00:00,1754406000000,1767225600000,0,0,False,0,0,0,0,0,0,24,24,1,0,2,0,0,0,24,24,0,0,0.00598399993032217,0.0361500009894371,0.00598399993032217,0
CARVUSDT,495,2025-08-07 17:00,2026-01-01 00:00,3488,2025-08-07 17:00,2026-01-01 00:00,1754586000000,1767225600000,0,0,False,0,0,0,0,0,0,24,24,1,0,2,0,0,0,24,24,0,0,0.11869999766349792,0.3034000098705292,0.11869999766349792,0
USELESSUSDT,498,2025-08-15 13:00,2026-01-01 00:00,3300,2025-08-15 13:00,2026-01-01 00:00,1755262800000,1767225600000,0,0,False,0,0,0,0,0,0,24,24,1,0,2,0,0,0,24,24,0,0,0.0636100023984909,0.3292999863624573,0.0636100023984909,0
BASUSDT,505,2025-08-26 14:00,2026-01-01 00:00,3043,2025-08-26 14:00,2026-01-01 00:00,1756216800000,1767225600000,0,0,False,0,0,0,0,0,0,16,16,0,0,2,0,1,0,16,16,0,0,0.005408000200986862,0.013106999918818474,0.005408000200986862,0
PTBUSDT,513,2025-09-03 13:00,2026-01-01 00:00,2844,2025-09-03 13:00,2026-01-01 00:00,1756904400000,1767225600000,0,0,False,0,0,0,0,0,0,24,24,1,1,2,0,0,0,24,24,0,0,0.0024999999441206455,0.024720000103116035,0.0024999999441206455,0
OPENUSDT,514,2025-09-08 14:00,2026-01-01 00:00,2723,2025-09-08 14:00,2026-01-01 00:00,1757340000000,1767225600000,0,0,False,0,0,0,0,0,0,24,24,1,1,2,0,0,0,24,24,0,0,0.156700000166893,1.4804999828338623,0.156700000166893,0
HOLOUSDT,518,2025-09-11 13:00,2026-01-01 00:00,2660,2025-09-11 13:00,2026-01-01 00:00,1757595600000,1767225600000,0,0,False,0,0,0,0,0,0,16,16,0,0,2,0,0,0,16,16,0,0,0.0648299977183342,0.4921000003814697,0.0648299977183342,0
XPINUSDT,519,2025-09-12 09:00,2026-01-01 00:00,2632,2025-09-12 09:00,2026-01-01 00:00,1757667600000,1767225600000,0,0,False,0,0,0,0,0,0,24,24,1,0,2,0,0,0,24,24,0,0,0.0023640000727027655,0.0019200999522581697,0.0023640000727027655,0
ZKCUSDT,521,2025-09-15 15:00,2026-01-01 00:00,2546,2025-09-15 15:00,2026-01-01 00:00,1757948400000,1767225600000,0,0,False,0,0,0,0,0,0,32,24,1,0,2,0,0,0,32,32,0,0,0.1111999973654747,1.190600037574768,0.1111999973654747,0
TOSHIUSDT,522,2025-09-17 06:00,2026-01-01 00:00,2515,2025-09-17 06:00,2026-01-01 00:00,1758088800000,1767225600000,0,0,False,0,0,0,0,0,0,24,24,1,0,2,0,0,0,24,24,0,0,0.00027379998937249184,0.0008252999978139997,0.00027379998937249184,0
BLESSUSDT,529,2025-09-23 10:00,2026-01-01 00:00,2375,2025-09-23 10:00,2026-01-01 00:00,1758621600000,1767225600000,0,0,False,0,0,0,0,0,0,16,8,0,0,2,0,3,0,16,16,0,0,0.012179999612271786,0.048360999673604965,0.012179999612271786,0
HANAUSDT,532,2025-09-26 12:00,2026-01-01 00:00,2293,2025-09-26 12:00,2026-01-01 00:00,1758888000000,1767225600000,0,0,False,0,0,0,0,0,0,24,24,1,0,2,0,0,0,24,24,0,0,0.011020000092685223,0.07451000064611435,0.011020000092685223,0
MIRAUSDT,533,2025-09-26 13:00,2026-01-01 00:00,2300,2025-09-26 13:00,2026-01-01 00:00,1758891600000,1767225600000,0,0,False,0,0,0,0,0,0,16,8,0,0,2,0,0,0,16,16,0,0,0.1462000012397766,1.4639999866485596,0.1462000012397766,0
VFYUSDT,540,2025-09-30 13:00,2026-01-01 00:00,2204,2025-09-30 13:00,2026-01-01 00:00,1759237200000,1767225600000,0,0,False,0,0,0,0,0,0,16,8,0,0,2,0,1,0,16,16,0,0,0.028599999845027924,0.18181000649929047,0.028599999845027924,0
NOMUSDT,541,2025-10-01 09:00,2026-01-01 00:00,2184,2025-10-01 09:00,2026-01-01 00:00,1759309200000,1767225600000,0,0,False,0,0,0,0,0,0,16,8,0,0,2,0,0,0,16,16,0,0,0.007488999981433153,0.043150000274181366,0.007488999981433153,0
EVAAUSDT,544,2025-10-03 11:00,2026-01-01 00:00,2126,2025-10-03 11:00,2026-01-01 00:00,1759489200000,1767225600000,0,0,False,0,0,0,0,0,0,24,24,1,0,2,0,0,0,24,24,0,0,0.961899995803833,4.820099830627441,0.961899995803833,0
4USDT,547,2025-10-08 12:00,2026-01-01 00:00,2013,2025-10-08 12:00,2026-01-01 00:00,1759924800000,1767225600000,0,0,False,0,0,0,0,0,0,16,16,0,0,2,0,0,0,16,16,0,0,0.019710000604391098,0.2510699927806854,0.019710000604391098,0
YBUSDT,550,2025-10-10 15:00,2026-01-01 00:00,1962,2025-10-10 15:00,2026-01-01 00:00,1760108400000,1767225600000,0,0,False,0,0,0,0,0,0,16,8,0,0,2,0,0,0,16,16,0,0,0.4000000059604645,1.2949999570846558,0.4000000059604645,0
ENSOUSDT,553,2025-10-14 10:00,2026-01-01 00:00,1871,2025-10-14 10:00,2026-01-01 00:00,1760436000000,1767225600000,0,0,False,0,0,0,0,0,0,16,16,0,0,2,0,0,0,16,16,0,0,0.6545000076293945,2.253999948501587,0.6545000076293945,0
CLOUSDT,554,2025-10-14 12:00,2026-01-01 00:00,1869,2025-10-14 12:00,2026-01-01 00:00,1760443200000,1767225600000,0,0,False,0,0,0,0,0,0,16,16,0,0,2,0,1,0,16,16,0,0,0.3944999873638153,0.166920006275177,0.3944999873638153,0
ZBTUSDT,556,2025-10-17 12:00,2026-01-01 00:00,1805,2025-10-17 12:00,2026-01-01 00:00,1760702400000,1767225600000,0,0,False,0,0,0,0,0,0,8,8,0,1,2,0,0,0,8,8,0,0,0.14560000598430634,0.6861000061035156,0.14560000598430634,0
CCUSDT,569,2025-10-31 13:00,2026-01-01 00:00,1460,2025-10-31 13:00,2026-01-01 00:00,1761915600000,1767225600000,0,0,False,0,0,0,0,0,0,16,8,0,0,2,0,0,0,16,16,0,0,0.15257999300956726,0.13169999420642853,0.15257999300956726,0
TRUSTUSDT,571,2025-11-05 10:00,2026-01-01 00:00,1335,2025-11-05 10:00,2026-01-01 00:00,1762336800000,1767225600000,0,0,False,0,0,0,0,0,0,24,24,1,0,2,0,0,0,24,24,0,0,0.1071000024676323,0.38679999113082886,0.1071000024676323,0
UAIUSDT,572,2025-11-06 12:00,2026-01-01 00:00,1325,2025-11-06 12:00,2026-01-01 00:00,1762430400000,1767225600000,0,0,False,0,0,0,0,0,0,8,8,0,0,2,0,1,0,8,8,0,0,0.14180000126361847,0.147599995136261,0.14180000126361847,0
ALLOUSDT,576,2025-11-11 15:00,2026-01-01 00:00,1178,2025-11-11 15:00,2026-01-01 00:00,1762873200000,1767225600000,0,0,False,0,0,0,0,0,0,32,24,1,0,2,0,0,0,32,32,0,0,0.1128000020980835,0.5817000269889832,0.1128000020980835,0
SENTUSDT,580,2025-11-14 13:00,2026-01-01 00:00,1116,2025-11-14 13:00,2026-01-01 00:00,1763125200000,1767225600000,0,0,False,0,0,0,0,0,0,24,24,1,0,2,0,0,0,24,24,0,0,0.05339999869465828,0.07559999823570251,0.05339999869465828,0
XAUUSDT,587,2025-12-11 09:00,2026-01-01 00:00,480,2025-12-11 09:00,2026-01-01 00:00,1765443600000,1767225600000,0,0,False,0,0,0,0,0,0,16,8,0,0,2,0,0,0,16,16,0,0,4324.2900390625,4226.83984375,4324.2900390625,0
BZRXUSDT,772,2021-01-01 01:00,2021-12-19 02:00,8450,2021-01-01 01:00,2021-12-19 02:00,1609462800000,1639879200000,0,0,False,0,0,0,0,0,0,0,0,0,0,2,0,0,0,1,0,0,0,0.23010000586509705,0.16769999265670776,0.23010000586509705,0
WAVESUSDT,781,2021-01-01 01:00,2024-06-11 09:00,30057,2021-01-01 01:00,2024-06-11 09:00,1609462800000,1718096400000,0,0,False,0,0,0,0,0,0,120,72,2,0,2,0,0,0,13647,0,0,0,1.3355000019073486,6.2789998054504395,1.3355000019073486,0
GLMRUSDT,785,2023-09-26 02:00,2024-05-15 09:00,5576,2023-09-26 02:00,2024-05-15 09:00,1695693600000,1715763600000,0,0,False,0,0,0,0,0,0,0,0,0,0,2,0,0,0,14295,1,1,0,0.2592200040817261,0.24279999732971191,0.2592200040817261,0
IDEXUSDT,787,2023-05-03 13:00,2024-05-15 09:00,9069,2023-05-03 13:00,2024-05-15 09:00,1683118800000,1715763600000,0,0,False,0,0,0,0,0,0,0,0,0,0,2,0,0,0,14295,1,1,0,0.05609000101685524,0.11691000312566757,0.05609000101685524,0
RADUSDT,788,2023-05-10 13:00,2024-05-14 09:00,8877,2023-05-10 13:00,2024-05-14 09:00,1683723600000,1715677200000,0,0,False,0,0,0,0,0,0,0,0,0,0,2,0,0,0,14319,1,1,0,1.684499979019165,2.513000011444092,1.684499979019165,0
BTCUSDT,1,2021-01-01 01:00,2026-01-01 00:00,43808,2021-01-01 01:00,2026-01-01 00:00,1609462800000,1767225600000,0,0,False,0,0,1,1,1,0,16,16,0,0,1,0,0,0,16,16,0,0,87608.203125,29015.0,87608.203125,0
ETHUSDT,2,2021-01-01 01:00,2026-01-01 00:00,43800,2021-01-01 01:00,2026-01-01 00:00,1609462800000,1767225600000,0,0,False,0,0,1,1,1,0,24,16,0,0,1,0,0,0,24,24,0,0,2970.39990234375,734.5999755859375,2970.39990234375,0
BNBUSDT,3,2021-01-01 01:00,2026-01-01 00:00,43800,2021-01-01 01:00,2026-01-01 00:00,1609462800000,1767225600000,0,0,False,0,0,1,1,1,0,24,24,1,0,1,0,0,0,24,24,0,0,864.7100219726562,37.42499923706055,864.7100219726562,0
ZENUSDT,11,2021-01-01 01:00,2026-01-01 00:00,43808,2021-01-01 01:00,2026-01-01 00:00,1609462800000,1767225600000,0,0,False,0,0,1,1,1,120,16,16,0,0,1,0,0,0,16,16,0,0,9.164999961853027,11.817999839782715,9.164999961853027,0
BCHUSDT,16,2021-01-01 01:00,2026-01-01 00:00,43800,2021-01-01 01:00,2026-01-01 00:00,1609462800000,1767225600000,0,0,False,0,0,1,1,1,0,24,24,1,0,1,0,0,0,24,24,0,0,599.1500244140625,341.8500061035156,599.1500244140625,0
ETCUSDT,19,2021-01-01 01:00,2026-01-01 00:00,43800,2021-01-01 01:00,2026-01-01 00:00,1609462800000,1767225600000,0,0,False,0,0,1,1,1,0,24,24,1,0,1,0,0,0,24,24,0,0,11.467000007629395,5.698999881744385,11.467000007629395,0
XLMUSDT,34,2021-01-01 01:00,2026-01-01 00:00,43808,2021-01-01 01:00,2026-01-01 00:00,1609462800000,1767225600000,0,0,False,0,0,1,1,1,120,16,16,0,0,1,0,1,0,16,16,0,0,0.20076000690460205,0.1290999948978424,0.20076000690460205,0
LINKUSDT,44,2021-01-01 01:00,2026-01-01 00:00,43800,2021-01-01 01:00,2026-01-01 00:00,1609462800000,1767225600000,0,0,False,0,0,1,1,1,0,24,24,1,0,1,0,0,0,24,24,0,0,12.20199966430664,11.289999961853027,12.20199966430664,0
1000SHIBUSDT,96,2021-05-10 18:00,2026-01-01 00:00,40687,2021-05-10 18:00,2026-01-01 00:00,1620669600000,1767225600000,0,0,False,0,0,1,1,1,0,24,24,1,0,1,0,0,0,24,24,0,0,0.006905999965965748,0.026582999154925346,0.006905999965965748,0
ENSUSDT,112,2021-11-30 04:00,2026-01-01 00:00,35813,2021-11-30 04:00,2026-01-01 00:00,1638244800000,1767225600000,0,0,False,0,0,1,1,1,0,16,8,0,0,1,0,0,0,16,16,0,0,9.440999984741211,69.28299713134766,9.440999984741211,0
STXUSDT,146,2023-02-21 15:00,2026-01-01 00:00,25042,2023-02-21 15:00,2026-01-01 00:00,1676991600000,1767225600000,0,0,False,0,0,1,1,1,0,24,24,1,0,1,0,0,0,24,24,0,0,0.2442999929189682,0.6190999746322632,0.2442999929189682,0
1000PEPEUSDT,166,2023-05-05 17:00,2026-01-01 00:00,23288,2023-05-05 17:00,2026-01-01 00:00,1683306000000,1767225600000,0,0,False,0,0,1,1,1,0,24,24,1,0,1,0,0,0,24,24,0,0,0.004032500088214874,0.004217599984258413,0.004032500088214874,0
WLDUSDT,174,2023-07-24 13:00,2026-01-01 00:00,21380,2023-07-24 13:00,2026-01-01 00:00,1690203600000,1767225600000,0,0,False,0,0,1,1,1,0,16,16,0,0,1,0,0,0,16,16,0,0,0.4803999960422516,2.556299924850464,0.4803999960422516,0
PENDLEUSDT,175,2023-07-28 03:00,2026-01-01 00:00,21302,2023-07-28 03:00,2026-01-01 00:00,1690513200000,1767225600000,0,0,False,0,0,1,1,1,0,8,8,0,0,1,0,0,0,8,8,0,0,1.882200002670288,0.7868000268936157,1.882200002670288,0
DODOXUSDT,179,2023-08-08 13:00,2026-01-01 00:00,21028,2023-08-08 13:00,2026-01-01 00:00,1691499600000,1767225600000,0,0,False,0,0,1,1,1,0,8,8,0,0,1,0,0,0,8,8,0,0,0.01782199926674366,0.1462000012397766,0.01782199926674366,0
BNTUSDT,180,2023-08-10 13:00,2026-01-01 00:00,20980,2023-08-10 13:00,2026-01-01 00:00,1691672400000,1767225600000,0,0,False,0,0,1,1,1,0,8,8,0,0,1,0,0,0,8,8,0,0,0.4041999876499176,0.59579998254776,0.4041999876499176,0
CAKEUSDT,199,2023-11-02 13:00,2026-01-01 00:00,18948,2023-11-02 13:00,2026-01-01 00:00,1698930000000,1767225600000,0,0,False,0,0,1,1,1,0,24,24,1,0,1,0,0,0,24,24,0,0,1.8833999633789062,1.6617000102996826,1.8833999633789062,0
ORDIUSDT,203,2023-11-07 13:00,2026-01-01 00:00,18828,2023-11-07 13:00,2026-01-01 00:00,1699362000000,1767225600000,0,0,False,0,0,1,1,1,0,24,16,0,0,1,0,0,0,24,24,0,0,4.156000137329102,10.555999755859375,4.156000137329102,0
ILVUSDT,206,2023-11-10 17:00,2026-01-01 00:00,18752,2023-11-10 17:00,2026-01-01 00:00,1699635600000,1767225600000,0,0,False,0,0,1,1,1,0,24,24,1,0,1,0,0,0,24,24,0,0,5.617000102996826,94.94999694824219,5.617000102996826,0
1000BONKUSDT,210,2023-11-22 15:00,2026-01-01 00:00,18474,2023-11-22 15:00,2026-01-01 00:00,1700665200000,1767225600000,0,0,False,0,0,1,1,1,0,16,8,0,0,1,0,0,0,16,16,0,0,0.0074640000239014626,0.004282000008970499,0.0074640000239014626,0
JTOUSDT,216,2023-12-08 11:00,2026-01-01 00:00,18086,2023-12-08 11:00,2026-01-01 00:00,1702033200000,1767225600000,0,0,False,0,0,1,1,1,0,24,24,1,0,1,0,0,0,24,24,0,0,0.3912000060081482,3.0613999366760254,0.3912000060081482,0
AIUSDT,223,2024-01-08 13:00,2026-01-01 00:00,17340,2024-01-08 13:00,2026-01-01 00:00,1704718800000,1767225600000,0,0,False,0,0,1,1,1,0,24,24,1,0,1,0,0,0,24,24,0,0,0.03799000009894371,1.4876400232315063,0.03799000009894371,0
WIFUSDT,226,2024-01-18 15:00,2026-01-01 00:00,17114,2024-01-18 15:00,2026-01-01 00:00,1705590000000,1767225600000,0,0,False,0,0,1,1,1,0,8,8,0,0,1,0,0,0,8,8,0,0,0.26989999413490295,0.3984000086784363,0.26989999413490295,0
ONDOUSDT,227,2024-01-20 14:00,2026-01-01 00:00,17059,2024-01-20 14:00,2026-01-01 00:00,1705759200000,1767225600000,0,0,False,0,0,1,1,1,0,16,8,0,0,1,0,0,0,16,16,0,0,0.3587000072002411,0.1932000070810318,0.3587000072002411,0
GLMUSDT,238,2024-02-22 11:00,2026-01-01 00:00,16262,2024-02-22 11:00,2026-01-01 00:00,1708599600000,1767225600000,0,0,False,0,0,1,1,1,0,24,24,1,0,1,0,0,0,24,24,0,0,0.2179100066423416,0.3702000081539154,0.2179100066423416,0
TONUSDT,240,2024-03-01 13:00,2026-01-01 00:00,16076,2024-03-01 13:00,2026-01-01 00:00,1709298000000,1767225600000,0,0,False,0,0,1,1,1,0,16,16,0,0,1,0,0,0,16,16,0,0,1.6586999893188477,2.735599994659424,1.6586999893188477,0
ETHFIUSDT,247,2024-03-18 16:00,2026-01-01 00:00,15657,2024-03-18 16:00,2026-01-01 00:00,1710777600000,1767225600000,0,0,False,0,0,1,1,1,0,24,16,0,0,1,0,0,0,24,24,0,0,0.6876000165939331,3.4800000190734863,0.6876000165939331,0
TAOUSDT,252,2024-04-11 15:00,2026-01-01 00:00,15098,2024-04-11 15:00,2026-01-01 00:00,1712847600000,1767225600000,0,0,False,0,0,1,1,1,0,8,8,0,0,1,0,0,0,8,8,0,0,219.10000610351562,699.4299926757812,219.10000610351562,0
BBUSDT,255,2024-05-13 13:00,2026-01-01 00:00,14316,2024-05-13 13:00,2026-01-01 00:00,1715605200000,1767225600000,0,0,False,0,0,1,1,1,0,24,24,1,0,1,0,0,0,24,24,0,0,0.0551300011575222,0.4772999882698059,0.0551300011575222,0
TURBOUSDT,257,2024-05-30 16:00,2026-01-01 00:00,13913,2024-05-30 16:00,2026-01-01 00:00,1717084800000,1767225600000,0,0,False,0,0,1,1,1,0,16,16,0,0,1,0,0,0,16,16,0,0,0.001614999957382679,0.006537000183016062,0.001614999957382679,0
ZROUSDT,262,2024-06-20 15:00,2026-01-01 00:00,13394,2024-06-20 15:00,2026-01-01 00:00,1718895600000,1767225600000,0,0,False,0,0,1,1,1,0,32,24,1,0,1,0,0,0,32,32,0,0,1.226099967956543,3.680000066757202,1.226099967956543,0
BANANAUSDT,264,2024-08-15 03:00,2026-01-01 00:00,12070,2024-08-15 03:00,2026-01-01 00:00,1723690800000,1767225600000,0,0,False,0,0,1,1,1,0,24,24,1,0,1,0,1,0,24,24,0,0,6.75600004196167,45.858001708984375,6.75600004196167,0
SUNUSDT,273,2024-08-22 14:00,2026-01-01 00:00,11899,2024-08-22 14:00,2026-01-01 00:00,1724335200000,1767225600000,0,0,False,0,0,1,1,1,0,16,16,0,0,1,0,0,0,16,16,0,0,0.01879899948835373,0.022213999181985855,0.01879899948835373,0
1MBABYDOGEUSDT,288,2024-09-16 12:00,2026-01-01 00:00,11293,2024-09-16 12:00,2026-01-01 00:00,1726488000000,1767225600000,0,0,False,0,0,1,1,1,0,24,24,1,0,1,0,0,0,24,24,0,0,0.000631699978839606,0.0015812000492587686,0.000631699978839606,0
FIDAUSDT,290,2024-09-19 13:00,2026-01-01 00:00,11220,2024-09-19 13:00,2026-01-01 00:00,1726750800000,1767225600000,0,0,False,0,0,1,1,1,0,24,24,1,0,1,0,0,0,24,24,0,0,0.03537999838590622,0.32690000534057617,0.03537999838590622,0
EIGENUSDT,298,2024-10-01 07:00,2026-01-01 00:00,10946,2024-10-01 07:00,2026-01-01 00:00,1727766000000,1767225600000,0,0,False,0,0,1,1,1,0,16,16,0,0,1,0,0,0,16,16,0,0,0.34769999980926514,4.359000205993652,0.34769999980926514,0
MOODENGUSDT,303,2024-10-25 11:00,2026-01-01 00:00,10358,2024-10-25 11:00,2026-01-01 00:00,1729854000000,1767225600000,0,0,False,0,0,1,1,1,0,24,24,1,0,1,0,1,0,24,24,0,0,0.06679999828338623,0.15553000569343567,0.06679999828338623,0
BTCDOMUSDT,307,2023-04-05 00:00,2024-11-22 00:00,505,2023-04-05 00:00,2024-11-22 00:00,1680652800000,1732233600000,0,0,False,0,0,0,0,0,0,13824,13824,1,0,1,0,0,0,39212,39211,9720,15668,3283.89990234375,1598.0999755859375,3283.89990234375,0
PNUTUSDT,316,2024-11-11 13:00,2026-01-01 00:00,9948,2024-11-11 13:00,2026-01-01 00:00,1731330000000,1767225600000,0,0,False,0,0,0,0,0,0,24,24,1,0,1,0,0,0,24,24,0,0,0.06871999800205231,0.39844998717308044,0.06871999800205231,0
1000CHEEMSUSDT,325,2024-11-25 12:00,2026-01-01 00:00,9621,2024-11-25 12:00,2026-01-01 00:00,1732536000000,1767225600000,0,0,False,0,0,0,0,0,0,16,8,0,0,1,0,0,0,16,16,0,0,0.0009245999972335994,0.0006890000076964498,0.0009245999972335994,0
MORPHOUSDT,327,2024-11-27 15:00,2026-01-01 00:00,9562,2024-11-27 15:00,2026-01-01 00:00,1732719600000,1767225600000,0,0,False,0,0,0,0,0,0,24,24,1,0,1,0,0,0,24,24,0,0,1.0911999940872192,1.3882999420166016,1.0911999940872192,0
AEROUSDT,330,2024-12-04 15:00,2026-01-01 00:00,9394,2024-12-04 15:00,2026-01-01 00:00,1733324400000,1767225600000,0,0,False,0,0,0,0,0,0,24,24,1,0,1,0,0,0,24,24,0,0,0.40220001339912415,1.805999994277954,0.40220001339912415,0
RAYSOLUSDT,334,2024-12-10 13:00,2026-01-01 00:00,9260,2024-12-10 13:00,2026-01-01 00:00,1733835600000,1767225600000,0,0,False,0,0,0,0,0,0,16,16,0,0,1,0,0,0,16,16,0,0,0.8852999806404114,4.440899848937988,0.8852999806404114,0
VIRTUALUSDT,336,2024-12-10 13:00,2026-01-01 00:00,9252,2024-12-10 13:00,2026-01-01 00:00,1733835600000,1767225600000,0,0,False,0,0,0,0,0,0,24,24,1,0,1,0,0,0,24,24,0,0,0.6448000073432922,1.6420999765396118,0.6448000073432922,0
SPXUSDT,337,2024-12-10 13:00,2026-01-01 00:00,9260,2024-12-10 13:00,2026-01-01 00:00,1733835600000,1767225600000,0,0,False,0,0,0,0,0,0,16,8,0,0,1,0,0,0,16,16,0,0,0.475600004196167,0.6520000100135803,0.475600004196167,0
DEGOUSDT,340,2024-12-13 14:00,2026-01-01 00:00,9195,2024-12-13 14:00,2026-01-01 00:00,1734098400000,1767225600000,0,0,False,0,0,0,0,0,0,8,8,0,0,1,0,1,0,8,8,0,0,0.4884999990463257,3.529900074005127,0.4884999990463257,0
PENGUUSDT,344,2024-12-17 17:00,2026-01-01 00:00,9080,2024-12-17 17:00,2026-01-01 00:00,1734454800000,1767225600000,0,0,False,0,0,0,0,0,0,24,24,1,0,1,0,0,0,24,24,0,0,0.008670000359416008,0.03229999914765358,0.008670000359416008,0
AIXBTUSDT,347,2024-12-20 19:00,2026-01-01 00:00,9014,2024-12-20 19:00,2026-01-01 00:00,1734721200000,1767225600000,0,0,False,0,0,0,0,0,0,16,8,0,0,1,0,0,0,16,16,0,0,0.03375000134110451,0.2904900014400482,0.03375000134110451,0
FARTCOINUSDT,348,2024-12-20 19:00,2026-01-01 00:00,9014,2024-12-20 19:00,2026-01-01 00:00,1734721200000,1767225600000,0,0,False,0,0,0,0,0,0,16,16,0,0,1,0,0,0,16,16,0,0,0.2689000070095062,1.0292999744415283,0.2689000070095062,0
KMNOUSDT,349,2024-12-20 20:00,2026-01-01 00:00,9005,2024-12-20 20:00,2026-01-01 00:00,1734724800000,1767225600000,0,0,False,0,0,0,0,0,0,24,24,1,0,1,0,0,0,24,24,0,0,0.056540001183748245,0.1961899995803833,0.056540001183748245,0
HIVEUSDT,351,2024-12-23 12:00,2026-01-01 00:00,8941,2024-12-23 12:00,2026-01-01 00:00,1734955200000,1767225600000,0,0,False,0,0,0,0,0,0,24,24,1,0,1,0,0,0,24,24,0,0,0.0963200032711029,0.36465999484062195,0.0963200032711029,0
DEXEUSDT,352,2024-12-24 12:00,2026-01-01 00:00,8925,2024-12-24 12:00,2026-01-01 00:00,1735041600000,1767225600000,0,0,False,0,0,0,0,0,0,16,16,0,0,1,0,0,0,16,16,0,0,3.2360000610351562,13.131999969482422,3.2360000610351562,0
PHAUSDT,353,2024-12-30 12:00,2026-01-01 00:00,8781,2024-12-30 12:00,2026-01-01 00:00,1735560000000,1767225600000,0,0,False,0,0,0,0,0,0,16,16,0,0,1,0,0,0,16,16,0,0,0.0355600006878376,0.4440000057220459,0.0355600006878376,0
GRIFFAINUSDT,355,2025-01-02 14:00,2026-01-01 00:00,8699,2025-01-02 14:00,2026-01-01 00:00,1735826400000,1767225600000,0,0,False,0,0,0,0,0,0,24,24,1,0,1,0,0,0,24,24,0,0,0.01858999952673912,0.3987500071525574,0.01858999952673912,0
VINEUSDT,373,2025-01-24 11:00,2026-01-01 00:00,8182,2025-01-24 11:00,2026-01-01 00:00,1737716400000,1767225600000,0,0,False,0,0,0,0,0,0,16,16,0,0,1,0,2,0,16,16,0,0,0.027079999446868896,0.18605999648571014,0.027079999446868896,0
IPUSDT,381,2025-02-13 18:00,2026-01-01 00:00,7695,2025-02-13 18:00,2026-01-01 00:00,1739469600000,1767225600000,0,0,False,0,0,0,0,0,0,16,16,0,0,1,0,1,0,16,16,0,0,1.7209999561309814,1.7384899854660034,1.7209999561309814,0
KAITOUSDT,384,2025-02-20 14:00,2026-01-01 00:00,7523,2025-02-20 14:00,2026-01-01 00:00,1740060000000,1767225600000,0,0,False,0,0,0,0,0,0,24,24,1,0,1,0,0,0,24,24,0,0,0.5062000155448914,1.1101000308990479,0.5062000155448914,0
REDUSDT,385,2025-03-06 17:00,2026-01-01 00:00,7184,2025-03-06 17:00,2026-01-01 00:00,1741280400000,1767225600000,0,0,False,0,0,0,0,0,0,24,24,1,0,1,0,0,0,24,24,0,0,0.21220000088214874,0.7764999866485596,0.21220000088214874,0
EPICUSDT,387,2025-03-13 09:00,2026-01-01 00:00,7032,2025-03-13 09:00,2026-01-01 00:00,1741856400000,1767225600000,0,0,False,0,0,0,0,0,0,16,16,0,0,1,0,0,0,16,16,0,0,0.7684000134468079,1.482699990272522,0.7684000134468079,0
BIDUSDT,392,2025-03-20 10:00,2026-01-01 00:00,6855,2025-03-20 10:00,2026-01-01 00:00,1742464800000,1767225600000,0,0,False,0,0,0,0,0,0,24,24,1,0,1,0,0,0,24,24,0,0,0.026350000873208046,0.09166000038385391,0.026350000873208046,0
BROCCOLIF3BUSDT,394,2025-03-21 10:00,2026-01-01 00:00,6847,2025-03-21 10:00,2026-01-01 00:00,1742551200000,1767225600000,0,0,False,0,0,0,0,0,0,8,8,0,0,1,0,0,0,8,8,0,0,0.0059910002164542675,0.019905000925064087,0.0059910002164542675,0
SIRENUSDT,397,2025-03-22 10:00,2026-01-01 00:00,6823,2025-03-22 10:00,2026-01-01 00:00,1742637600000,1767225600000,0,0,False,0,0,0,0,0,0,8,8,0,0,1,0,0,0,8,8,0,0,0.06849999725818634,0.07519999891519547,0.06849999725818634,0
PAXGUSDT,402,2025-03-27 11:00,2026-01-01 00:00,6694,2025-03-27 11:00,2026-01-01 00:00,1743073200000,1767225600000,0,0,False,0,0,0,0,0,0,16,16,0,0,1,0,0,0,16,16,0,0,4335.10009765625,3057.06005859375,4335.10009765625,0
STOUSDT,412,2025-04-12 15:00,2026-01-01 00:00,6298,2025-04-12 15:00,2026-01-01 00:00,1744470000000,1767225600000,0,0,False,0,0,0,0,0,0,24,24,1,0,1,0,0,0,24,24,0,0,0.07554999738931656,0.11427000164985657,0.07554999738931656,0
BANKUSDT,417,2025-04-18 19:00,2026-01-01 00:00,6150,2025-04-18 19:00,2026-01-01 00:00,1745002800000,1767225600000,0,0,False,0,0,0,0,0,0,24,24,1,0,1,0,0,0,24,24,0,0,0.044360000640153885,0.05210199952125549,0.044360000640153885,0
JSTUSDT,423,2025-04-28 10:00,2026-01-01 00:00,5927,2025-04-28 10:00,2026-01-01 00:00,1745834400000,1767225600000,0,0,False,0,0,0,0,0,0,16,16,0,0,1,0,0,0,16,16,0,0,0.04180999845266342,0.04042699933052063,0.04180999845266342,0
SIGNUSDT,424,2025-04-28 12:00,2026-01-01 00:00,5933,2025-04-28 12:00,2026-01-01 00:00,1745841600000,1767225600000,0,0,False,0,0,0,0,0,0,8,8,0,0,1,0,1,0,8,8,0,0,0.037129998207092285,0.07686000317335129,0.037129998207092285,0
DOLOUSDT,427,2025-05-01 04:00,2026-01-01 00:00,5861,2025-05-01 04:00,2026-01-01 00:00,1746072000000,1767225600000,0,0,False,0,0,0,0,0,0,16,8,0,0,1,0,0,0,16,16,0,0,0.04219000041484833,0.058076001703739166,0.04219000041484833,0
ALPINEUSDT,431,2025-05-06 10:00,2026-01-01 00:00,5735,2025-05-06 10:00,2026-01-01 00:00,1746525600000,1767225600000,0,0,False,0,0,0,0,0,0,16,8,0,0,1,0,1,0,16,16,0,0,0.5945000052452087,1.1694999933242798,0.5945000052452087,0
B2USDT,432,2025-05-06 14:00,2026-01-01 00:00,5723,2025-05-06 14:00,2026-01-01 00:00,1746540000000,1767225600000,0,0,False,0,0,0,0,0,0,24,24,1,0,1,0,0,0,24,24,0,0,0.7893999814987183,0.6531999707221985,0.7893999814987183,0
SYRUPUSDT,434,2025-05-07 09:00,2026-01-01 00:00,5704,2025-05-07 09:00,2026-01-01 00:00,1746608400000,1767225600000,0,0,False,0,0,0,0,0,0,24,24,1,0,1,0,0,0,24,24,0,0,0.32179999351501465,0.2410299926996231,0.32179999351501465,0
DOODUSDT,436,2025-05-09 14:00,2026-01-01 00:00,5659,2025-05-09 14:00,2026-01-01 00:00,1746799200000,1767225600000,0,0,False,0,0,0,0,0,0,16,16,0,0,1,0,1,0,16,16,0,0,0.005367999896407127,0.007878599688410759,0.005367999896407127,0
NXPCUSDT,440,2025-05-15 07:00,2026-01-01 00:00,5522,2025-05-15 07:00,2026-01-01 00:00,1747292400000,1767225600000,0,0,False,0,0,0,0,0,0,16,16,0,0,1,0,0,0,16,16,0,0,0.35409998893737793,2.809499979019165,0.35409998893737793,0
AGTUSDT,441,2025-05-20 11:00,2026-01-01 00:00,5390,2025-05-20 11:00,2026-01-01 00:00,1747738800000,1767225600000,0,0,False,0,0,0,0,0,0,24,24,1,1,1,0,0,0,24,24,0,0,0.0035039999056607485,0.031014999374747276,0.0035039999056607485,0
AWEUSDT,442,2025-05-21 09:00,2026-01-01 00:00,5376,2025-05-21 09:00,2026-01-01 00:00,1747818000000,1767225600000,0,0,False,0,0,0,0,0,0,16,8,0,0,1,0,0,0,16,16,0,0,0.05414000153541565,0.06645800173282623,0.05414000153541565,0
HUMAUSDT,445,2025-05-26 14:00,2026-01-01 00:00,5243,2025-05-26 14:00,2026-01-01 00:00,1748268000000,1767225600000,0,0,False,0,0,0,0,0,0,24,24,1,0,1,0,0,0,24,24,0,0,0.02456600032746792,0.07295200228691101,0.02456600032746792,0
SOPHUSDT,447,2025-05-28 14:00,2026-01-01 00:00,5195,2025-05-28 14:00,2026-01-01 00:00,1748440800000,1767225600000,0,0,False,0,0,0,0,0,0,24,24,1,0,1,0,0,0,24,24,0,0,0.012064999900758266,0.07192900031805038,0.012064999900758266,0
MERLUSDT,448,2025-05-29 09:00,2026-01-01 00:00,5192,2025-05-29 09:00,2026-01-01 00:00,1748509200000,1767225600000,0,0,False,0,0,0,0,0,0,8,8,0,0,1,0,0,0,8,8,0,0,0.2950200140476227,0.14193999767303467,0.2950200140476227,0
HYPEUSDT,449,2025-05-30 11:00,2026-01-01 00:00,5150,2025-05-30 11:00,2026-01-01 00:00,1748602800000,1767225600000,0,0,False,0,0,0,0,0,0,24,24,1,0,1,0,0,0,24,24,0,0,25.45199966430664,33.42100143432617,25.45199966430664,0
BDXNUSDT,450,2025-06-03 11:00,2026-01-01 00:00,5054,2025-06-03 11:00,2026-01-01 00:00,1748948400000,1767225600000,0,0,False,0,0,0,0,0,0,24,24,1,0,1,0,1,0,24,24,0,0,0.014530000276863575,0.07608000189065933,0.014530000276863575,0
PUFFERUSDT,451,2025-06-04 09:00,2026-01-01 00:00,5024,2025-06-04 09:00,2026-01-01 00:00,1749027600000,1767225600000,0,0,False,0,0,0,0,0,0,32,24,1,0,1,0,0,0,32,32,0,0,0.052629999816417694,0.2238599956035614,0.052629999816417694,0
HOMEUSDT,456,2025-06-10 12:00,2026-01-01 00:00,4885,2025-06-10 12:00,2026-01-01 00:00,1749556800000,1767225600000,0,0,False,0,0,0,0,0,0,24,24,1,0,1,0,0,0,24,24,0,0,0.019682999700307846,0.02408199943602085,0.019682999700307846,0
RESOLVUSDT,457,2025-06-10 14:00,2026-01-01 00:00,4891,2025-06-10 14:00,2026-01-01 00:00,1749564000000,1767225600000,0,0,False,0,0,0,0,0,0,16,16,0,0,1,0,0,0,16,16,0,0,0.06909999996423721,0.19979000091552734,0.06909999996423721,0
SQDUSDT,459,2025-06-11 13:00,2026-01-01 00:00,4868,2025-06-11 13:00,2026-01-01 00:00,1749646800000,1767225600000,0,0,False,0,0,0,0,0,0,16,8,0,0,1,0,0,0,16,16,0,0,0.098580002784729,0.26229000091552734,0.098580002784729,0
SPKUSDT,461,2025-06-17 10:00,2026-01-01 00:00,4735,2025-06-17 10:00,2026-01-01 00:00,1750154400000,1767225600000,0,0,False,0,0,0,0,0,0,8,8,0,0,1,0,0,0,8,8,0,0,0.020980000495910645,0.0544699989259243,0.020980000495910645,0
MYXUSDT,462,2025-06-18 13:00,2026-01-01 00:00,4692,2025-06-18 13:00,2026-01-01 00:00,1750251600000,1767225600000,0,0,False,0,0,0,0,0,0,24,24,1,0,1,0,1,0,24,24,0,0,3.8269999027252197,0.07586999982595444,3.8269999027252197,0
FUSDT,463,2025-06-18 13:00,2026-01-01 00:00,4692,2025-06-18 13:00,2026-01-01 00:00,1750251600000,1767225600000,0,0,False,0,0,0,0,0,0,24,24,1,0,1,0,1,0,24,24,0,0,0.006649999879300594,0.0092569999396801,0.006649999879300594,0
HUSDT,466,2025-06-25 10:00,2026-01-01 00:00,4527,2025-06-25 10:00,2026-01-01 00:00,1750845600000,1767225600000,0,0,False,0,0,0,0,0,0,24,24,1,0,1,0,0,0,24,24,0,0,0.1660899966955185,0.04035999998450279,0.1660899966955185,0
MUSDT,472,2025-07-07 10:00,2026-01-01 00:00,4239,2025-07-07 10:00,2026-01-01 00:00,1751882400000,1767225600000,0,0,False,0,0,0,0,0,0,24,16,0,0,1,0,0,0,24,24,0,0,1.576799988746643,0.18709999322891235,1.576799988746643,0
TANSSIUSDT,473,2025-07-09 12:00,2026-01-01 00:00,4189,2025-07-09 12:00,2026-01-01 00:00,1752062400000,1767225600000,0,0,False,0,0,0,0,0,0,24,24,1,0,1,0,0,0,24,24,0,0,0.012389999814331532,0.05073000118136406,0.012389999814331532,0
PUMPUSDT,474,2025-07-10 08:00,2026-01-01 00:00,4177,2025-07-10 08:00,2026-01-01 00:00,1752134400000,1767225600000,0,0,False,0,0,0,0,0,0,16,16,0,0,1,0,0,0,2138,1499,0,1483,0.001914000022225082,0.005179000087082386,0.001914000022225082,0
CROSSUSDT,475,2025-07-10 11:00,2026-01-01 00:00,4166,2025-07-10 11:00,2026-01-01 00:00,1752145200000,1767225600000,0,0,False,0,0,0,0,0,0,24,24,1,0,1,0,0,0,24,24,0,0,0.15131999552249908,0.13078999519348145,0.15131999552249908,0
AINUSDT,476,2025-07-10 11:00,2026-01-01 00:00,4174,2025-07-10 11:00,2026-01-01 00:00,1752145200000,1767225600000,0,0,False,0,0,0,0,0,0,16,16,0,0,1,0,0,0,16,16,0,0,0.04868999868631363,0.09324999898672104,0.04868999868631363,0
CUSDT,477,2025-07-15 10:00,2026-01-01 00:00,4055,2025-07-15 10:00,2026-01-01 00:00,1752573600000,1767225600000,0,0,False,0,0,0,0,0,0,16,16,0,0,1,0,1,0,16,16,0,0,0.09144999831914902,0.23725999891757965,0.09144999831914902,0
VELVETUSDT,478,2025-07-15 10:00,2026-01-01 00:00,4047,2025-07-15 10:00,2026-01-01 00:00,1752573600000,1767225600000,0,0,False,0,0,0,0,0,0,24,24,1,0,1,0,0,0,24,24,0,0,0.14393000304698944,0.08019000291824341,0.14393000304698944,0
ERAUSDT,480,2025-07-17 16:00,2026-01-01 00:00,3993,2025-07-17 16:00,2026-01-01 00:00,1752768000000,1767225600000,0,0,False,0,0,0,0,0,0,24,24,1,0,1,0,0,0,24,24,0,0,0.19370000064373016,1.3444000482559204,0.19370000064373016,0
ZORAUSDT,482,2025-07-25 12:00,2026-01-01 00:00,3813,2025-07-25 12:00,2026-01-01 00:00,1753444800000,1767225600000,0,0,False,0,0,0,0,0,0,16,16,0,0,1,0,0,0,16,16,0,0,0.03590000048279762,0.040139999240636826,0.03590000048279762,0
TAGUSDT,483,2025-07-25 12:00,2026-01-01 00:00,3813,2025-07-25 12:00,2026-01-01 00:00,1753444800000,1767225600000,0,0,False,0,0,0,0,0,0,16,16,0,0,1,0,0,0,16,16,0,0,0.0005384000251069665,0.0006311999750323594,0.0005384000251069665,0
ESPORTSUSDT,485,2025-07-29 11:00,2026-01-01 00:00,3718,2025-07-29 11:00,2026-01-01 00:00,1753786800000,1767225600000,0,0,False,0,0,0,0,0,0,16,16,0,0,1,0,0,0,16,16,0,0,0.4014799892902374,0.15189999341964722,0.4014799892902374,0
PROVEUSDT,491,2025-08-05 18:00,2026-01-01 00:00,3543,2025-08-05 18:00,2026-01-01 00:00,1754416800000,1767225600000,0,0,False,0,0,0,0,0,0,16,16,0,0,1,0,0,0,16,16,0,0,0.397599995136261,0.6654000282287598,0.397599995136261,0
ALLUSDT,492,2025-08-06 10:00,2026-01-01 00:00,3519,2025-08-06 10:00,2026-01-01 00:00,1754474400000,1767225600000,0,0,False,0,0,0,0,0,0,24,24,1,0,1,0,0,0,24,24,0,0,0.5967000126838684,1.0399999618530273,0.5967000126838684,0
INUSDT,493,2025-08-07 11:00,2026-01-01 00:00,3510,2025-08-07 11:00,2026-01-01 00:00,1754564400000,1767225600000,0,0,False,0,0,0,0,0,0,8,8,0,0,1,0,2,0,8,8,0,0,0.06634999811649323,0.08171000331640244,0.06634999811649323,0
YALAUSDT,494,2025-08-07 17:00,2026-01-01 00:00,3488,2025-08-07 17:00,2026-01-01 00:00,1754586000000,1767225600000,0,0,False,0,0,0,0,0,0,24,24,1,0,1,0,0,0,24,24,0,0,0.016920000314712524,0.35589998960494995,0.016920000314712524,0
AIOUSDT,496,2025-08-13 12:00,2026-01-01 00:00,3365,2025-08-13 12:00,2026-01-01 00:00,1755086400000,1767225600000,0,0,False,0,0,0,0,0,0,8,8,0,0,1,0,0,0,8,8,0,0,0.11740999668836594,0.12511999905109406,0.11740999668836594,0
XNYUSDT,497,2025-08-13 12:00,2026-01-01 00:00,3349,2025-08-13 12:00,2026-01-01 00:00,1755086400000,1767225600000,0,0,False,0,0,0,0,0,0,24,24,1,0,1,0,2,0,24,24,0,0,0.0034970000851899385,0.014457999728620052,0.0034970000851899385,0
DAMUSDT,499,2025-08-18 13:00,2026-01-01 00:00,3228,2025-08-18 13:00,2026-01-01 00:00,1755522000000,1767225600000,0,0,False,0,0,0,0,0,0,24,24,1,0,1,0,0,0,24,24,0,0,0.02507000043988228,0.11935999989509583,0.02507000043988228,0
CUDISUSDT,500,2025-08-20 12:00,2026-01-01 00:00,3189,2025-08-20 12:00,2026-01-01 00:00,1755691200000,1767225600000,0,0,False,0,0,0,0,0,0,16,16,0,0,1,0,3,0,16,16,0,0,0.028689999133348465,0.10638999938964844,0.028689999133348465,0
SAPIENUSDT,501,2025-08-20 18:00,2026-01-01 00:00,3183,2025-08-20 18:00,2026-01-01 00:00,1755712800000,1767225600000,0,0,False,0,0,0,0,0,0,16,8,0,0,1,0,1,0,16,16,0,0,0.1315000057220459,0.14284999668598175,0.1315000057220459,0
XPLUSDT,502,2025-08-22 10:00,2026-01-01 00:00,3143,2025-08-22 10:00,2026-01-01 00:00,1755856800000,1767225600000,0,0,False,0,0,0,0,0,0,16,8,0,0,1,0,0,0,16,16,0,0,0.1615000069141388,0.498199999332428,0.1615000069141388,0
SOMIUSDT,504,2025-08-25 10:00,2026-01-01 00:00,3063,2025-08-25 10:00,2026-01-01 00:00,1756116000000,1767225600000,0,0,False,0,0,0,0,0,0,24,24,1,0,1,0,0,0,24,24,0,0,0.251800000667572,1.4730000495910645,0.251800000667572,0
BTRUSDT,506,2025-08-27 11:00,2026-01-01 00:00,3022,2025-08-27 11:00,2026-01-01 00:00,1756292400000,1767225600000,0,0,False,0,0,0,0,0,0,16,16,0,0,1,0,0,0,16,16,0,0,0.031380001455545425,0.11853999644517899,0.031380001455545425,0
MITOUSDT,507,2025-08-28 17:00,2026-01-01 00:00,2984,2025-08-28 17:00,2026-01-01 00:00,1756400400000,1767225600000,0,0,False,0,0,0,0,0,0,24,24,1,0,1,0,1,0,24,24,0,0,0.06538999825716019,0.13192999362945557,0.06538999825716019,0
HEMIUSDT,508,2025-08-29 05:00,2026-01-01 00:00,2972,2025-08-29 05:00,2026-01-01 00:00,1756443600000,1767225600000,0,0,False,0,0,0,0,0,0,24,24,1,0,1,0,0,0,24,24,0,0,0.017190000042319298,0.026722000911831856,0.017190000042319298,0
LINEAUSDT,509,2025-09-01 09:00,2026-01-01 00:00,2904,2025-09-01 09:00,2026-01-01 00:00,1756717200000,1767225600000,0,0,False,0,0,0,0,0,0,16,16,0,0,1,0,0,0,16,16,0,0,0.006326999980956316,0.051089998334646225,0.006326999980956316,0
QUSDT,510,2025-09-02 08:00,2026-01-01 00:00,2873,2025-09-02 08:00,2026-01-01 00:00,1756800000000,1767225600000,0,0,False,0,0,0,0,0,0,24,24,1,0,1,0,0,0,24,24,0,0,0.016978999599814415,0.010796000249683857,0.016978999599814415,0
ARIAUSDT,511,2025-09-03 12:00,2026-01-01 00:00,2853,2025-09-03 12:00,2026-01-01 00:00,1756900800000,1767225600000,0,0,False,0,0,0,0,0,0,16,16,0,0,1,0,0,0,16,16,0,0,0.08014000207185745,0.11274000257253647,0.08014000207185745,0
TAKEUSDT,512,2025-09-03 12:00,2026-01-01 00:00,2853,2025-09-03 12:00,2026-01-01 00:00,1756900800000,1767225600000,0,0,False,0,0,0,0,0,0,16,16,0,0,1,0,1,0,16,16,0,0,0.08754000067710876,0.13517999649047852,0.08754000067710876,0
SKYUSDT,516,2025-09-09 08:00,2026-01-01 00:00,2705,2025-09-09 08:00,2026-01-01 00:00,1757404800000,1767225600000,0,0,False,0,0,0,0,0,0,24,24,1,0,1,0,0,0,24,24,0,0,0.05762000009417534,0.07683999836444855,0.05762000009417534,0
AVNTUSDT,517,2025-09-09 16:00,2026-01-01 00:00,2697,2025-09-09 16:00,2026-01-01 00:00,1757433600000,1767225600000,0,0,False,0,0,0,0,0,0,24,24,1,0,1,0,0,0,24,24,0,0,0.3467999994754791,0.19246000051498413,0.3467999994754791,0
UBUSDT,520,2025-09-12 11:00,2026-01-01 00:00,2638,2025-09-12 11:00,2026-01-01 00:00,1757674800000,1767225600000,0,0,False,0,0,0,0,0,0,16,8,0,0,1,0,0,0,16,16,0,0,0.035339999943971634,0.023037999868392944,0.035339999943971634,0
STBLUSDT,523,2025-09-17 06:00,2026-01-01 00:00,2515,2025-09-17 06:00,2026-01-01 00:00,1758088800000,1767225600000,0,0,False,0,0,0,0,0,0,24,24,1,0,1,0,0,0,24,24,0,0,0.05473000183701515,0.2232300043106079,0.05473000183701515,0
0GUSDT,524,2025-09-17 16:00,2026-01-01 00:00,2521,2025-09-17 16:00,2026-01-01 00:00,1758124800000,1767225600000,0,0,False,0,0,0,0,0,0,8,8,0,0,1,0,1,0,8,8,0,0,0.9768999814987183,1.5810999870300293,0.9768999814987183,0
BARDUSDT,526,2025-09-18 12:00,2026-01-01 00:00,2501,2025-09-18 12:00,2026-01-01 00:00,1758196800000,1767225600000,0,0,False,0,0,0,0,0,0,8,8,0,0,1,0,0,0,8,8,0,0,0.7922999858856201,1.0398000478744507,0.7922999858856201,0
ASTERUSDT,527,2025-09-19 13:00,2026-01-01 00:00,2476,2025-09-19 13:00,2026-01-01 00:00,1758286800000,1767225600000,0,0,False,0,0,0,0,0,0,8,8,0,0,1,0,0,0,8,8,0,0,0.692300021648407,0.6227999925613403,0.692300021648407,0
TRADOORUSDT,528,2025-09-19 13:00,2026-01-01 00:00,2460,2025-09-19 13:00,2026-01-01 00:00,1758286800000,1767225600000,0,0,False,0,0,0,0,0,0,24,24,1,0,1,0,2,0,24,24,0,0,1.5210000276565552,3.3519999980926514,1.5210000276565552,0
FLUIDUSDT,530,2025-09-24 11:00,2026-01-01 00:00,2342,2025-09-24 11:00,2026-01-01 00:00,1758711600000,1767225600000,0,0,False,0,0,0,0,0,0,24,24,1,0,1,0,0,0,24,24,0,0,2.6410000324249268,7.831999778747559,2.6410000324249268,0
COAIUSDT,531,2025-09-25 08:00,2026-01-01 00:00,2321,2025-09-25 08:00,2026-01-01 00:00,1758787200000,1767225600000,0,0,False,0,0,0,0,0,0,24,24,1,0,1,0,2,0,24,24,0,0,0.40529999136924744,0.3621000051498413,0.40529999136924744,0
AKEUSDT,534,2025-09-26 13:00,2026-01-01 00:00,2292,2025-09-26 13:00,2026-01-01 00:00,1758891600000,1767225600000,0,0,False,0,0,0,0,0,0,24,24,1,0,1,0,1,0,24,24,0,0,0.0004290000069886446,0.0011868999572470784,0.0004290000069886446,0
ORDERUSDT,535,2025-09-26 13:00,2026-01-01 00:00,2300,2025-09-26 13:00,2026-01-01 00:00,1758891600000,1767225600000,0,0,False,0,0,0,0,0,0,16,16,0,0,1,0,0,0,16,16,0,0,0.09038999676704407,0.2119700014591217,0.09038999676704407,0
LIGHTUSDT,536,2025-09-27 12:00,2026-01-01 00:00,2277,2025-09-27 12:00,2026-01-01 00:00,1758974400000,1767225600000,0,0,False,0,0,0,0,0,0,16,16,0,0,1,0,3,0,16,16,0,0,1.572700023651123,1.066789984703064,1.572700023651123,0
XANUSDT,537,2025-09-29 11:00,2026-01-01 00:00,2214,2025-09-29 11:00,2026-01-01 00:00,1759143600000,1767225600000,0,0,False,0,0,0,0,0,0,32,24,1,0,1,0,0,0,32,32,0,0,0.016510000452399254,0.15039999783039093,0.016510000452399254,0
FFUSDT,538,2025-09-29 14:00,2026-01-01 00:00,2219,2025-09-29 14:00,2026-01-01 00:00,1759154400000,1767225600000,0,0,False,0,0,0,0,0,0,24,24,1,0,1,0,0,0,24,24,0,0,0.08619000017642975,0.43452000617980957,0.08619000017642975,0
EDENUSDT,539,2025-09-30 12:00,2026-01-01 00:00,2197,2025-09-30 12:00,2026-01-01 00:00,1759233600000,1767225600000,0,0,False,0,0,0,0,0,0,24,24,1,0,1,0,0,0,24,24,0,0,0.065420001745224,0.6464999914169312,0.065420001745224,0
TRUTHUSDT,542,2025-10-01 13:00,2026-01-01 00:00,2172,2025-10-01 13:00,2026-01-01 00:00,1759323600000,1767225600000,0,0,False,0,0,0,0,0,0,24,24,1,0,1,0,0,0,24,24,0,0,0.009716000407934189,0.015053000301122665,0.009716000407934189,0
2ZUSDT,543,2025-10-02 13:00,2026-01-01 00:00,2156,2025-10-02 13:00,2026-01-01 00:00,1759410000000,1767225600000,0,0,False,0,0,0,0,0,0,16,16,0,0,1,0,0,0,16,16,0,0,0.12099000066518784,0.8751400113105774,0.12099000066518784,0
LYNUSDT,545,2025-10-06 08:00,2026-01-01 00:00,2065,2025-10-06 08:00,2026-01-01 00:00,1759737600000,1767225600000,0,0,False,0,0,0,0,0,0,16,16,0,0,1,0,0,0,16,16,0,0,0.15686999261379242,0.3715299963951111,0.15686999261379242,0
KGENUSDT,546,2025-10-07 15:00,2026-01-01 00:00,2018,2025-10-07 15:00,2026-01-01 00:00,1759849200000,1767225600000,0,0,False,0,0,0,0,0,0,32,24,1,0,1,0,1,0,32,32,0,0,0.20159000158309937,0.32291001081466675,0.20159000158309937,0
GIGGLEUSDT,548,2025-10-09 10:00,2026-01-01 00:00,1983,2025-10-09 10:00,2026-01-01 00:00,1760004000000,1767225600000,0,0,False,0,0,0,0,0,0,24,24,1,0,1,0,2,0,24,24,0,0,66.47000122070312,114.9800033569336,66.47000122070312,0
MONUSDT,549,2025-10-10 08:00,2026-01-01 00:00,1969,2025-10-10 08:00,2026-01-01 00:00,1760083200000,1767225600000,0,0,False,0,0,0,0,0,0,16,16,0,0,1,0,0,0,16,16,0,0,0.022770000621676445,0.09900999814271927,0.022770000621676445,0
METUSDT,551,2025-10-11 13:00,2026-01-01 00:00,1940,2025-10-11 13:00,2026-01-01 00:00,1760187600000,1767225600000,0,0,False,0,0,0,0,0,0,16,16,0,0,1,0,0,0,16,16,0,0,0.2515000104904175,1.482200026512146,0.2515000104904175,0
EULUSDT,552,2025-10-13 15:00,2026-01-01 00:00,1882,2025-10-13 15:00,2026-01-01 00:00,1760367600000,1767225600000,0,0,False,0,0,0,0,0,0,24,24,1,0,1,0,0,0,24,24,0,0,3.013000011444092,9.644000053405762,3.013000011444092,0
RECALLUSDT,555,2025-10-15 13:00,2026-01-01 00:00,1836,2025-10-15 13:00,2026-01-01 00:00,1760533200000,1767225600000,0,0,False,0,0,0,0,0,0,24,24,1,0,1,0,0,0,24,24,0,0,0.10490000247955322,0.699999988079071,0.10490000247955322,0
LABUSDT,557,2025-10-17 15:00,2026-01-01 00:00,1786,2025-10-17 15:00,2026-01-01 00:00,1760713200000,1767225600000,0,0,False,0,0,0,0,0,0,24,24,1,0,1,0,1,0,24,24,0,0,0.11771000176668167,0.36083999276161194,0.11771000176668167,0
RIVERUSDT,558,2025-10-17 15:00,2026-01-01 00:00,1794,2025-10-17 15:00,2026-01-01 00:00,1760713200000,1767225600000,0,0,False,0,0,0,0,0,0,16,16,0,0,1,0,0,0,16,16,0,0,10.935999870300293,3.875,10.935999870300293,0
RVVUSDT,559,2025-10-18 14:00,2026-01-01 00:00,1779,2025-10-18 14:00,2026-01-01 00:00,1760796000000,1767225600000,0,0,False,0,0,0,0,0,0,8,8,0,0,1,0,0,0,8,8,0,0,0.004476000089198351,0.019517000764608383,0.004476000089198351,0
BLUAIUSDT,561,2025-10-21 12:00,2026-01-01 00:00,1693,2025-10-21 12:00,2026-01-01 00:00,1761048000000,1767225600000,0,0,False,0,0,0,0,0,0,24,24,1,0,1,0,0,0,24,24,0,0,0.0049600000493228436,0.025369999930262566,0.0049600000493228436,0
TURTLEUSDT,562,2025-10-22 16:00,2026-01-01 00:00,1673,2025-10-22 16:00,2026-01-01 00:00,1761148800000,1767225600000,0,0,False,0,0,0,0,0,0,16,16,0,0,1,0,0,0,16,16,0,0,0.062210001051425934,0.21150000393390656,0.062210001051425934,0
APRUSDT,563,2025-10-23 11:00,2026-01-01 00:00,1654,2025-10-23 11:00,2026-01-01 00:00,1761217200000,1767225600000,0,0,False,0,0,0,0,0,0,16,16,0,0,1,0,0,0,16,16,0,0,0.12734000384807587,0.35580000281333923,0.12734000384807587,0
ONUSDT,564,2025-10-24 09:00,2026-01-01 00:00,1640,2025-10-24 09:00,2026-01-01 00:00,1761296400000,1767225600000,0,0,False,0,0,0,0,0,0,8,8,0,0,1,0,0,0,8,8,0,0,0.10888999700546265,0.30469998717308044,0.10888999700546265,0
42USDT,565,2025-10-27 11:00,2026-01-01 00:00,1550,2025-10-27 11:00,2026-01-01 00:00,1761562800000,1767225600000,0,0,False,0,0,0,0,0,0,24,24,1,0,1,0,0,0,24,24,0,0,0.044119998812675476,0.21699999272823334,0.044119998812675476,0
COMMONUSDT,566,2025-10-27 13:00,2026-01-01 00:00,1548,2025-10-27 13:00,2026-01-01 00:00,1761570000000,1767225600000,0,0,False,0,0,0,0,0,0,24,24,1,0,1,0,0,0,24,24,0,0,0.003280000062659383,0.027953999117016792,0.003280000062659383,0
KITEUSDT,567,2025-10-29 11:00,2026-01-01 00:00,1510,2025-10-29 11:00,2026-01-01 00:00,1761735600000,1767225600000,0,0,False,0,0,0,0,0,0,16,8,0,0,1,0,0,0,16,16,0,0,0.08980000019073486,0.1418599933385849,0.08980000019073486,0
ATUSDT,568,2025-10-29 12:00,2026-01-01 00:00,1501,2025-10-29 12:00,2026-01-01 00:00,1761739200000,1767225600000,0,0,False,0,0,0,0,0,0,24,24,1,0,1,0,0,0,24,24,0,0,0.17693999409675598,0.3808000087738037,0.17693999409675598,0
MMTUSDT,570,2025-11-04 13:00,2026-01-01 00:00,1356,2025-11-04 13:00,2026-01-01 00:00,1762261200000,1767225600000,0,0,False,0,0,0,0,0,0,24,24,1,0,1,0,3,0,24,24,0,0,0.2280000001192093,0.43299999833106995,0.2280000001192093,0
STABLEUSDT,573,2025-11-06 13:00,2026-01-01 00:00,1308,2025-11-06 13:00,2026-01-01 00:00,1762434000000,1767225600000,0,0,False,0,0,0,0,0,0,24,24,1,0,1,0,0,0,24,24,0,0,0.013949000276625156,0.05516999959945679,0.013949000276625156,0
FOLKSUSDT,574,2025-11-06 13:00,2026-01-01 00:00,1308,2025-11-06 13:00,2026-01-01 00:00,1762434000000,1767225600000,0,0,False,0,0,0,0,0,0,24,16,0,0,1,0,1,0,24,24,0,0,4.302999973297119,4.664999961853027,4.302999973297119,0
JCTUSDT,575,2025-11-10 11:00,2026-01-01 00:00,1214,2025-11-10 11:00,2026-01-01 00:00,1762772400000,1767225600000,0,0,False,0,0,0,0,0,0,24,24,1,0,1,0,1,0,24,24,0,0,0.0019920000340789557,0.0046259998343884945,0.0019920000340789557,0
CLANKERUSDT,577,2025-11-12 13:00,2026-01-01 00:00,1164,2025-11-12 13:00,2026-01-01 00:00,1762952400000,1767225600000,0,0,False,0,0,0,0,0,0,24,24,1,0,1,0,0,0,24,24,0,0,27.520000457763672,82.77999877929688,27.520000457763672,0
PIEVERSEUSDT,579,2025-11-14 12:00,2026-01-01 00:00,1133,2025-11-14 12:00,2026-01-01 00:00,1763121600000,1767225600000,0,0,False,0,0,0,0,0,0,8,8,0,0,1,0,1,0,8,8,0,0,0.5230000019073486,0.1996999979019165,0.5230000019073486,0
BOBUSDT,581,2025-11-21 11:00,2026-01-01 00:00,950,2025-11-21 11:00,2026-01-01 00:00,1763722800000,1767225600000,0,0,False,0,0,0,0,0,0,24,24,1,0,1,0,0,0,24,24,0,0,0.010765999555587769,0.023150000721216202,0.010765999555587769,0
IRYSUSDT,582,2025-11-26 17:00,2026-01-01 00:00,824,2025-11-26 17:00,2026-01-01 00:00,1764176400000,1767225600000,0,0,False,0,0,0,0,0,0,24,24,1,0,1,0,0,0,24,24,0,0,0.024317000061273575,0.04510299861431122,0.024317000061273575,0
POWERUSDT,584,2025-12-06 10:00,2026-01-01 00:00,599,2025-12-06 10:00,2026-01-01 00:00,1765015200000,1767225600000,0,0,False,0,0,0,0,0,0,16,16,0,0,1,0,0,0,16,16,0,0,0.35144999623298645,0.2355400025844574,0.35144999623298645,0
WETUSDT,585,2025-12-10 08:00,2026-01-01 00:00,505,2025-12-10 08:00,2026-01-01 00:00,1765353600000,1767225600000,0,0,False,0,0,0,0,0,0,16,16,0,0,1,0,0,0,16,16,0,0,0.17433999478816986,0.2474599927663803,0.17433999478816986,0
NIGHTUSDT,586,2025-12-10 12:00,2026-01-01 00:00,493,2025-12-10 12:00,2026-01-01 00:00,1765368000000,1767225600000,0,0,False,0,0,0,0,0,0,24,24,1,0,1,0,0,0,24,24,0,0,0.08886999636888504,0.0717800036072731,0.08886999636888504,0
USUSDT,588,2025-12-12 11:00,2026-01-01 00:00,454,2025-12-12 11:00,2026-01-01 00:00,1765537200000,1767225600000,0,0,False,0,0,0,0,0,0,16,16,0,0,1,0,0,0,16,16,0,0,0.006579999811947346,0.02508999966084957,0.006579999811947346,0
CYSUSDT,589,2025-12-12 12:00,2026-01-01 00:00,445,2025-12-12 12:00,2026-01-01 00:00,1765540800000,1767225600000,0,0,False,0,0,0,0,0,0,24,24,1,0,1,0,0,0,24,24,0,0,0.29100000858306885,0.2922999858856201,0.29100000858306885,0
RAVEUSDT,590,2025-12-14 16:00,2026-01-01 00:00,401,2025-12-14 16:00,2026-01-01 00:00,1765728000000,1767225600000,0,0,False,0,0,0,0,0,0,16,16,0,0,1,0,0,0,16,16,0,0,0.4688200056552887,0.4383400082588196,0.4688200056552887,0
YFIIUSDT,773,2021-01-01 01:00,2022-04-12 09:00,11073,2021-01-01 01:00,2022-04-12 09:00,1609462800000,1649754000000,0,0,False,0,0,0,0,0,0,120,72,2,0,1,0,0,0,1,1,1,0,1867.4000244140625,1681.5,1867.4000244140625,0
KEEPUSDT,775,2021-06-22 04:00,2022-02-15 02:00,5711,2021-06-22 04:00,2022-02-15 02:00,1624334400000,1644890400000,0,0,False,0,0,0,0,0,0,0,0,0,0,1,0,0,0,1,1,1,0,0.6021000146865845,0.30070000886917114,0.6021000146865845,0
NUUSDT,777,2021-10-21 04:00,2022-02-15 02:00,2807,2021-10-21 04:00,2022-02-15 02:00,1634788800000,1644890400000,0,0,False,0,0,0,0,0,0,0,0,0,0,1,0,0,0,1,1,1,0,0.5281999707221985,1.1476000547409058,0.5281999707221985,0
DOTECOUSDT,779,2021-01-20 08:00,2021-02-19 09:00,722,2021-01-20 08:00,2021-02-19 09:00,1611129600000,1613725200000,0,0,False,0,0,0,0,0,0,0,0,0,0,1,0,0,0,1,1,1,0,2257.800048828125,1048.4000244140625,2257.800048828125,0
MDTUSDT,786,2023-06-30 13:00,2024-05-16 09:00,7701,2023-06-30 13:00,2024-05-16 09:00,1688130000000,1715850000000,0,0,False,0,0,0,0,0,0,0,0,0,0,1,0,0,0,14271,1,1,0,0.06353999674320221,0.04732000082731247,0.06353999674320221,0
币安人生USDT,560,2025-10-20 12:00,2025-12-30 00:00,80,2025-10-20 12:00,2025-12-30 00:00,1760961600000,1767052800000,0,0,False,0,0,0,0,0,0,1613,368,7,0,0,0,0,0,1661,1661,48,0,0.11867000162601471,0.28297001123428345,0.11867000162601471,0
BEATUSDT,578,2025-11-12 13:00,2026-01-01 00:00,1172,2025-11-12 13:00,2026-01-01 00:00,1762952400000,1767225600000,0,0,False,0,0,0,0,0,0,16,16,0,0,0,0,1,0,16,16,0,0,1.4641000032424927,0.230880007147789,1.4641000032424927,0
RLSUSDT,583,2025-12-02 11:00,2026-01-01 00:00,694,2025-12-02 11:00,2026-01-01 00:00,1764673200000,1767225600000,0,0,False,0,0,0,0,0,0,16,16,0,0,0,0,0,0,16,16,0,0,0.010877000167965889,0.029934000223875046,0.010877000167965889,0
ZKPUSDT,591,2025-12-21 11:00,2026-01-01 00:00,254,2025-12-21 11:00,2026-01-01 00:00,1766314800000,1767225600000,0,0,False,0,0,0,0,0,0,0,0,0,0,0,0,0,0,0,0,0,0,0.1301800012588501,0.13308000564575195,0.1301800012588501,0
GUAUSDT,592,2025-12-21 11:00,2026-01-01 00:00,254,2025-12-21 11:00,2026-01-01 00:00,1766314800000,1767225600000,0,0,False,0,0,0,0,0,0,0,0,0,0,0,0,0,0,0,0,0,0,0.11812999844551086,0.1917400062084198,0.11812999844551086,0
IRUSDT,593,2025-12-21 11:00,2026-01-01 00:00,254,2025-12-21 11:00,2026-01-01 00:00,1766314800000,1767225600000,0,0,False,0,0,0,0,0,0,0,0,0,0,0,0,0,0,0,0,0,0,0.07955999672412872,0.24765999615192413,0.07955999672412872,0
BREVUSDT,594,2025-12-30 11:00,2026-01-01 00:00,38,2025-12-30 11:00,2026-01-01 00:00,1767092400000,1767225600000,0,0,False,0,0,0,0,0,0,0,0,0,0,0,0,0,0,0,0,0,0,0.40299999713897705,0.3779999911785126,0.40299999713897705,0
COLLECTUSDT,595,2025-12-31 14:00,2026-01-01 00:00,11,2025-12-31 14:00,2026-01-01 00:00,1767189600000,1767225600000,0,0,False,0,0,0,0,0,0,0,0,0,0,0,0,0,0,0,0,0,0,0.08590000122785568,0.07987000048160553,0.08590000122785568,0
MAGMAUSDT,596,2025-12-31 14:00,2026-01-01 00:00,11,2025-12-31 14:00,2026-01-01 00:00,1767189600000,1767225600000,0,0,False,0,0,0,0,0,0,0,0,0,0,0,0,0,0,0,0,0,0,0.14511999487876892,0.1615000069141388,0.14511999487876892,0
USDCUSDT,664,2023-04-05 00:00,2023-04-05 00:00,1,2023-04-05 00:00,2023-04-05 00:00,1680652800000,1680652800000,0,0,False,0,0,0,0,0,0,0,0,0,0,0,0,0,0,24606,24605,24047,558,0.9990800023078918,0.9990800023078918,0.9990800023078918,0
