symbol,symId,symId_old_map,first_ts_v1,last_ts_v1,first_real_ts,first_real_src,last_real_ts,last_real_src,first_real_h_v1,last_real_h_v1,status,delisted_in_dev,listing_flag,tail_stale_h,n_gap24,h_gap24,head_stale_h,std_1h,uncertain,notes,source
0GUSDT,524,524,2025-09-17 16:00,2026-01-01 00:00,2025-09-17 15:45,aero_1m,2025-12-31 23:59,aero_1m,2025-09-17 16:00,2026-01-01 00:00,active,False,True,0,0,0,0,0.02457,,,v1 CLOSES_1H x Binance Vision 1h volume (2026-10-03) + Aerospike kline_1m_opt (phut v>0)
1000000BOBUSDT,453,453,2025-06-05 09:00,2026-01-01 00:00,2025-06-05 08:30,aero_1m,2025-12-31 23:59,aero_1m,2025-06-05 09:00,2026-01-01 00:00,active,False,True,0,0,0,0,0.0181,,,v1 CLOSES_1H x Binance Vision 1h volume (2026-10-03) + Aerospike kline_1m_opt (phut v>0)
1000000MOGUSDT,311,311,2024-11-07 13:00,2026-01-01 00:00,2024-11-07 12:30,aero_1m,2025-12-31 23:59,aero_1m,2024-11-07 13:00,2026-01-01 00:00,active,False,True,0,0,0,0,0.01813,,,v1 CLOSES_1H x Binance Vision 1h volume (2026-10-03) + Aerospike kline_1m_opt (phut v>0)
1000BONKUSDT,210,210,2023-11-22 15:00,2026-01-01 00:00,2023-11-22 14:00,aero_1m,2025-12-31 23:59,aero_1m,2023-11-22 15:00,2026-01-01 00:00,active,False,True,0,0,0,0,0.01654,,,v1 CLOSES_1H x Binance Vision 1h volume (2026-10-03) + Aerospike kline_1m_opt (phut v>0)
1000CATUSDT,300,300,2024-10-21 13:00,2026-01-01 00:00,2024-10-21 12:30,aero_1m,2025-12-31 23:59,aero_1m,2024-10-21 13:00,2026-01-01 00:00,active,False,True,0,0,0,0,0.01669,,,v1 CLOSES_1H x Binance Vision 1h volume (2026-10-03) + Aerospike kline_1m_opt (phut v>0)
1000CHEEMSUSDT,325,325,2024-11-25 12:00,2026-01-01 00:00,2024-11-25 11:45,aero_1m,2025-12-31 23:59,aero_1m,2024-11-25 12:00,2026-01-01 00:00,active,False,True,0,0,0,0,0.01583,,,v1 CLOSES_1H x Binance Vision 1h volume (2026-10-03) + Aerospike kline_1m_opt (phut v>0)
1000FLOKIUSDT,167,167,2023-05-06 17:00,2026-01-01 00:00,2023-05-06 16:30,aero_1m,2025-12-31 23:59,aero_1m,2023-05-06 17:00,2026-01-01 00:00,active,False,True,0,0,0,0,0.0138,,,v1 CLOSES_1H x Binance Vision 1h volume (2026-10-03) + Aerospike kline_1m_opt (phut v>0)
1000LUNCUSDT,128,128,2022-09-09 14:00,2026-01-01 00:00,2022-09-09 13:00,aero_1m,2025-12-31 23:59,aero_1m,2022-09-09 14:00,2026-01-01 00:00,relist,False,False,0,0,0,0,0.01214,,"Terra Classic (LUNA cu, delist 2022-05) niem yet lai ten moi",v1 CLOSES_1H x Binance Vision 1h volume (2026-10-03) + Aerospike kline_1m_opt (phut v>0)
1000PEPEUSDT,166,166,2023-05-05 17:00,2026-01-01 00:00,2023-05-05 16:30,aero_1m,2025-12-31 23:59,aero_1m,2023-05-05 17:00,2026-01-01 00:00,active,False,True,0,0,0,0,0.01511,,,v1 CLOSES_1H x Binance Vision 1h volume (2026-10-03) + Aerospike kline_1m_opt (phut v>0)
1000RATSUSDT,219,219,2023-12-15 15:00,2026-01-01 00:00,2023-12-15 14:00,aero_1m,2025-12-31 23:59,aero_1m,2023-12-15 15:00,2026-01-01 00:00,active,False,True,0,0,0,0,0.01924,,,v1 CLOSES_1H x Binance Vision 1h volume (2026-10-03) + Aerospike kline_1m_opt (phut v>0)
1000SATSUSDT,217,217,2023-12-12 15:00,2026-01-01 00:00,2023-12-12 14:00,aero_1m,2025-12-31 23:59,aero_1m,2023-12-12 15:00,2026-01-01 00:00,active,False,True,0,0,0,0,0.01578,,,v1 CLOSES_1H x Binance Vision 1h volume (2026-10-03) + Aerospike kline_1m_opt (phut v>0)
1000SHIBUSDT,96,96,2021-05-10 18:00,2026-01-01 00:00,2021-05-10 17:37,aero_1m,2025-12-31 23:59,aero_1m,2021-05-10 18:00,2026-01-01 00:00,active,False,False,0,0,0,0,0.01295,,,v1 CLOSES_1H x Binance Vision 1h volume (2026-10-03) + Aerospike kline_1m_opt (phut v>0)
1000WHYUSDT,324,324,2024-11-25 12:00,2026-01-01 00:00,2024-11-25 11:31,aero_1m,2025-12-31 23:59,aero_1m,2024-11-25 12:00,2026-01-01 00:00,active,False,True,0,0,0,0,0.01618,,,v1 CLOSES_1H x Binance Vision 1h volume (2026-10-03) + Aerospike kline_1m_opt (phut v>0)
1000XECUSDT,104,104,2021-09-17 04:00,2026-01-01 00:00,2021-09-17 03:30,aero_1m,2025-12-31 23:59,aero_1m,2021-09-17 04:00,2026-01-01 00:00,active,False,False,0,0,0,0,0.01043,,,v1 CLOSES_1H x Binance Vision 1h volume (2026-10-03) + Aerospike kline_1m_opt (phut v>0)
1000XUSDT,317,317,2024-11-13 13:00,2026-01-01 00:00,2024-11-13 12:30,aero_1m,2025-11-14 08:59,aero_1m,2024-11-13 13:00,2025-11-14 09:00,delisted,True,True,1143,0,0,0,0.01558,,,v1 CLOSES_1H x Binance Vision 1h volume (2026-10-03) + Aerospike kline_1m_opt (phut v>0)
1INCHUSDT,36,36,2021-01-01 01:00,2026-01-01 00:00,,"left_censored(<=2021-01-01 00:00, truoc dau du lieu)",2025-12-31 23:59,aero_1m,2021-01-01 01:00,2026-01-01 00:00,active,False,False,0,0,0,0,0.01283,,,v1 CLOSES_1H x Binance Vision 1h volume (2026-10-03) + Aerospike kline_1m_opt (phut v>0)
1MBABYDOGEUSDT,288,288,2024-09-16 12:00,2026-01-01 00:00,2024-09-16 11:35,aero_1m,2025-12-31 23:59,aero_1m,2024-09-16 12:00,2026-01-01 00:00,active,False,True,0,0,0,0,0.01396,,,v1 CLOSES_1H x Binance Vision 1h volume (2026-10-03) + Aerospike kline_1m_opt (phut v>0)
2ZUSDT,543,543,2025-10-02 13:00,2026-01-01 00:00,2025-10-02 12:33,aero_1m,2025-12-31 23:59,aero_1m,2025-10-02 13:00,2026-01-01 00:00,active,False,True,0,0,0,0,0.02063,,,v1 CLOSES_1H x Binance Vision 1h volume (2026-10-03) + Aerospike kline_1m_opt (phut v>0)
42USDT,565,565,2025-10-27 11:00,2026-01-01 00:00,2025-10-27 10:30,aero_1m,2025-12-31 23:59,aero_1m,2025-10-27 11:00,2026-01-01 00:00,active,False,True,0,0,0,0,0.01922,,,v1 CLOSES_1H x Binance Vision 1h volume (2026-10-03) + Aerospike kline_1m_opt (phut v>0)
4USDT,547,547,2025-10-08 12:00,2026-01-01 00:00,2025-10-08 11:30,aero_1m,2025-12-31 23:59,aero_1m,2025-10-08 12:00,2026-01-01 00:00,active,False,True,0,0,0,0,0.03347,,,v1 CLOSES_1H x Binance Vision 1h volume (2026-10-03) + Aerospike kline_1m_opt (phut v>0)
A2ZUSDT,487,487,2025-07-30 09:00,2026-01-01 00:00,2025-07-30 08:00,aero_1m,2025-12-31 23:59,aero_1m,2025-07-30 09:00,2026-01-01 00:00,active,False,True,0,0,0,0,0.01573,,,v1 CLOSES_1H x Binance Vision 1h volume (2026-10-03) + Aerospike kline_1m_opt (phut v>0)
AAVEUSDT,24,24,2021-01-01 01:00,2026-01-01 00:00,,"left_censored(<=2021-01-01 00:00, truoc dau du lieu)",2025-12-31 23:59,aero_1m,2021-01-01 01:00,2026-01-01 00:00,active,False,False,0,0,0,0,0.01237,,,v1 CLOSES_1H x Binance Vision 1h volume (2026-10-03) + Aerospike kline_1m_opt (phut v>0)
ACEUSDT,220,220,2023-12-18 11:00,2026-01-01 00:00,2023-12-18 10:00,aero_1m,2025-12-31 23:59,aero_1m,2023-12-18 11:00,2026-01-01 00:00,active,False,True,0,0,0,0,0.01405,,,v1 CLOSES_1H x Binance Vision 1h volume (2026-10-03) + Aerospike kline_1m_opt (phut v>0)
ACHUSDT,147,147,2023-02-22 15:00,2026-01-01 00:00,2023-02-22 14:30,aero_1m,2025-12-31 23:59,aero_1m,2023-02-22 15:00,2026-01-01 00:00,active,False,True,0,0,0,0,0.0122,,,v1 CLOSES_1H x Binance Vision 1h volume (2026-10-03) + Aerospike kline_1m_opt (phut v>0)
ACTUSDT,315,315,2024-11-11 13:00,2026-01-01 00:00,2024-11-11 12:15,aero_1m,2025-12-31 23:59,aero_1m,2024-11-11 13:00,2026-01-01 00:00,active,False,True,0,0,0,0,0.0193,,,v1 CLOSES_1H x Binance Vision 1h volume (2026-10-03) + Aerospike kline_1m_opt (phut v>0)
ACXUSDT,332,332,2024-12-06 16:00,2026-01-01 00:00,2024-12-06 15:00,aero_1m,2025-12-31 23:59,aero_1m,2024-12-06 16:00,2026-01-01 00:00,active,False,True,0,0,0,0,0.01247,,,v1 CLOSES_1H x Binance Vision 1h volume (2026-10-03) + Aerospike kline_1m_opt (phut v>0)
ADAUSDT,14,14,2021-01-01 01:00,2026-01-01 00:00,,"left_censored(<=2021-01-01 00:00, truoc dau du lieu)",2025-12-31 23:59,aero_1m,2021-01-01 01:00,2026-01-01 00:00,active,False,False,0,0,0,0,0.01102,,,v1 CLOSES_1H x Binance Vision 1h volume (2026-10-03) + Aerospike kline_1m_opt (phut v>0)
AERGOUSDT,284,284,2024-09-10 13:00,2026-01-01 00:00,2024-09-10 12:15,aero_1m,2025-12-31 23:59,aero_1m,2024-09-10 13:00,2026-01-01 00:00,active,False,True,0,0,0,0,0.01296,,,v1 CLOSES_1H x Binance Vision 1h volume (2026-10-03) + Aerospike kline_1m_opt (phut v>0)
AEROUSDT,330,330,2024-12-04 15:00,2026-01-01 00:00,2024-12-04 14:15,aero_1m,2025-12-31 23:59,aero_1m,2024-12-04 15:00,2026-01-01 00:00,active,False,True,0,0,0,0,0.0135,,,v1 CLOSES_1H x Binance Vision 1h volume (2026-10-03) + Aerospike kline_1m_opt (phut v>0)
AEVOUSDT,244,244,2024-03-13 14:00,2026-01-01 00:00,2024-03-13 13:30,aero_1m,2025-12-31 23:59,aero_1m,2024-03-13 14:00,2026-01-01 00:00,active,False,True,0,0,0,0,0.01371,,,v1 CLOSES_1H x Binance Vision 1h volume (2026-10-03) + Aerospike kline_1m_opt (phut v>0)
AGIXUSDT,142,142,2023-02-16 15:00,2026-01-01 00:00,2023-02-16 14:15,aero_1m,2024-06-25 09:00,aero_1m,2023-02-16 15:00,2024-06-25 10:00,renamed_to:FETUSDT,True,True,13310,0,0,0,0.01305,"rename da biet nhung ma moi niem yet ngoai cua so [-3d,+14d]: AGIXUSDT->FETUSDT dt=-525.3d ratio=0.3381 (ratio lech)",ASI merge vao FET (2024-07) | heuristic: AGIXUSDT->FETUSDT dt=-525.3d ratio=0.3381 (ratio lech),v1 CLOSES_1H x Binance Vision 1h volume (2026-10-03) + Aerospike kline_1m_opt (phut v>0)
AGLDUSDT,177,177,2023-07-29 03:00,2026-01-01 00:00,2023-07-29 02:30,aero_1m,2025-12-31 23:59,aero_1m,2023-07-29 03:00,2026-01-01 00:00,active,False,True,0,0,0,0,0.01378,,,v1 CLOSES_1H x Binance Vision 1h volume (2026-10-03) + Aerospike kline_1m_opt (phut v>0)
AGTUSDT,441,441,2025-05-20 11:00,2026-01-01 00:00,2025-05-20 10:30,aero_1m,2025-12-31 23:59,aero_1m,2025-05-20 11:00,2026-01-01 00:00,active,False,True,0,0,0,0,0.02061,,,v1 CLOSES_1H x Binance Vision 1h volume (2026-10-03) + Aerospike kline_1m_opt (phut v>0)
AI16ZUSDT,356,356,2025-01-02 14:00,2026-01-01 00:00,2025-01-02 13:45,aero_1m,2025-11-06 09:00,aero_1m,2025-01-02 14:00,2025-11-06 10:00,delisted,True,True,1334,0,0,0,0.02158,,,v1 CLOSES_1H x Binance Vision 1h volume (2026-10-03) + Aerospike kline_1m_opt (phut v>0)
AIAUSDT,525,525,2025-09-18 09:00,2026-01-01 00:00,2025-09-18 08:30,aero_1m,2025-12-11 12:15,aero_1m,2025-09-18 09:00,2025-12-11 13:00,delisted,True,True,491,0,0,0,0.05646,,,v1 CLOSES_1H x Binance Vision 1h volume (2026-10-03) + Aerospike kline_1m_opt (phut v>0)
AINUSDT,476,476,2025-07-10 11:00,2026-01-01 00:00,2025-07-10 10:45,aero_1m,2025-12-31 23:59,aero_1m,2025-07-10 11:00,2026-01-01 00:00,active,False,True,0,0,0,0,0.01875,,,v1 CLOSES_1H x Binance Vision 1h volume (2026-10-03) + Aerospike kline_1m_opt (phut v>0)
AIOTUSDT,426,426,2025-04-30 13:00,2026-01-01 00:00,2025-04-30 12:30,aero_1m,2025-12-31 23:59,aero_1m,2025-04-30 13:00,2026-01-01 00:00,active,False,True,0,0,0,0,0.0206,,,v1 CLOSES_1H x Binance Vision 1h volume (2026-10-03) + Aerospike kline_1m_opt (phut v>0)
AIOUSDT,496,496,2025-08-13 12:00,2026-01-01 00:00,2025-08-13 11:30,aero_1m,2025-12-31 23:59,aero_1m,2025-08-13 12:00,2026-01-01 00:00,active,False,True,0,0,0,0,0.02217,,,v1 CLOSES_1H x Binance Vision 1h volume (2026-10-03) + Aerospike kline_1m_opt (phut v>0)
AIUSDT,223,223,2024-01-08 13:00,2026-01-01 00:00,2024-01-08 12:30,aero_1m,2025-12-31 23:59,aero_1m,2024-01-08 13:00,2026-01-01 00:00,active,False,True,0,0,0,0,0.0143,,,v1 CLOSES_1H x Binance Vision 1h volume (2026-10-03) + Aerospike kline_1m_opt (phut v>0)
AIXBTUSDT,347,347,2024-12-20 19:00,2026-01-01 00:00,2024-12-20 18:31,aero_1m,2025-12-31 23:59,aero_1m,2024-12-20 19:00,2026-01-01 00:00,active,False,True,0,0,0,0,0.01877,,,v1 CLOSES_1H x Binance Vision 1h volume (2026-10-03) + Aerospike kline_1m_opt (phut v>0)
AKEUSDT,534,534,2025-09-26 13:00,2026-01-01 00:00,2025-09-26 12:30,aero_1m,2025-12-31 23:59,aero_1m,2025-09-26 13:00,2026-01-01 00:00,active,False,True,0,0,0,0,0.02976,,,v1 CLOSES_1H x Binance Vision 1h volume (2026-10-03) + Aerospike kline_1m_opt (phut v>0)
AKROUSDT,766,766,2021-01-19 08:00,2022-05-27 09:00,2021-01-19 07:00,aero_1m,2022-05-27 06:59,aero_1m,2021-01-19 08:00,2022-05-27 07:00,delisted,True,False,2,0,0,0,0.01836,,,v1 CLOSES_1H x Binance Vision 1h volume (2026-10-03) + Aerospike kline_1m_opt (phut v>0)
AKTUSDT,321,321,2024-11-18 12:00,2026-01-01 00:00,2024-11-18 11:30,aero_1m,2025-12-31 23:59,aero_1m,2024-11-18 12:00,2026-01-01 00:00,active,False,True,0,0,0,0,0.01197,,,v1 CLOSES_1H x Binance Vision 1h volume (2026-10-03) + Aerospike kline_1m_opt (phut v>0)
ALCHUSDT,360,360,2025-01-07 12:00,2026-01-01 00:00,2025-01-07 11:45,aero_1m,2025-12-31 23:59,aero_1m,2025-01-07 12:00,2026-01-01 00:00,active,False,True,0,0,0,0,0.0236,,,v1 CLOSES_1H x Binance Vision 1h volume (2026-10-03) + Aerospike kline_1m_opt (phut v>0)
ALGOUSDT,25,25,2021-01-01 01:00,2026-01-01 00:00,,"left_censored(<=2021-01-01 00:00, truoc dau du lieu)",2025-12-31 23:59,aero_1m,2021-01-01 01:00,2026-01-01 00:00,active,False,False,0,0,0,0,0.01212,,,v1 CLOSES_1H x Binance Vision 1h volume (2026-10-03) + Aerospike kline_1m_opt (phut v>0)
ALICEUSDT,85,85,2021-03-16 04:00,2026-01-01 00:00,2021-03-16 03:00,aero_1m,2025-12-31 23:59,aero_1m,2021-03-16 04:00,2026-01-01 00:00,active,False,False,0,0,0,0,0.01515,,,v1 CLOSES_1H x Binance Vision 1h volume (2026-10-03) + Aerospike kline_1m_opt (phut v>0)
ALLOUSDT,576,576,2025-11-11 15:00,2026-01-01 00:00,2025-11-11 14:01,aero_1m,2025-12-31 23:59,aero_1m,2025-11-11 15:00,2026-01-01 00:00,active,False,True,0,0,0,0,0.02123,,,v1 CLOSES_1H x Binance Vision 1h volume (2026-10-03) + Aerospike kline_1m_opt (phut v>0)
ALLUSDT,492,492,2025-08-06 10:00,2026-01-01 00:00,2025-08-06 09:30,aero_1m,2025-12-31 23:59,aero_1m,2025-08-06 10:00,2026-01-01 00:00,active,False,True,0,0,0,0,0.0087,,,v1 CLOSES_1H x Binance Vision 1h volume (2026-10-03) + Aerospike kline_1m_opt (phut v>0)
ALPACAUSDT,271,271,2024-08-22 11:00,2026-01-01 00:00,2024-08-22 10:30,aero_1m,2025-04-30 09:02,aero_1m,2024-08-22 11:00,2025-04-30 10:00,delisted,True,True,5894,0,0,0,0.02856,"ung vien rename heuristic (gia 1:1 +-5%, khong co trong danh sach da biet): ALPACAUSDT->ALPINEUSDT dt=+6.0d ratio=0.9828",,v1 CLOSES_1H x Binance Vision 1h volume (2026-10-03) + Aerospike kline_1m_opt (phut v>0)
ALPHAUSDT,23,23,2021-01-01 01:00,2026-01-01 00:00,,"left_censored(<=2021-01-01 00:00, truoc dau du lieu)",2025-09-23 09:00,aero_1m,2021-01-01 01:00,2025-09-23 10:00,delisted,True,False,2390,0,0,0,0.01599,,,v1 CLOSES_1H x Binance Vision 1h volume (2026-10-03) + Aerospike kline_1m_opt (phut v>0)
ALPINEUSDT,431,431,2025-05-06 10:00,2026-01-01 00:00,2025-05-06 09:45,aero_1m,2025-12-31 23:59,aero_1m,2025-05-06 10:00,2026-01-01 00:00,active,False,True,0,0,0,0,0.02474,"ung vien rename heuristic (gia 1:1 +-5%, khong co trong danh sach da biet): ALPACAUSDT->ALPINEUSDT dt=+6.0d ratio=0.9828",,v1 CLOSES_1H x Binance Vision 1h volume (2026-10-03) + Aerospike kline_1m_opt (phut v>0)
ALTUSDT,228,228,2024-01-25 15:00,2026-01-01 00:00,2024-01-25 14:00,aero_1m,2025-12-31 23:59,aero_1m,2024-01-25 15:00,2026-01-01 00:00,active,False,True,0,0,0,0,0.01478,,,v1 CLOSES_1H x Binance Vision 1h volume (2026-10-03) + Aerospike kline_1m_opt (phut v>0)
AMBUSDT,157,157,2023-03-30 13:00,2026-01-01 00:00,2023-03-30 12:00,aero_1m,2025-02-21 08:59,aero_1m,2023-03-30 13:00,2025-02-21 09:00,delisted,True,True,7527,0,0,0,0.01395,,,v1 CLOSES_1H x Binance Vision 1h volume (2026-10-03) + Aerospike kline_1m_opt (phut v>0)
ANCUSDT,761,761,2022-03-08 04:00,2022-05-13 06:00,2022-03-08 03:30,aero_1m,2022-05-13 04:00,aero_1m,2022-03-08 04:00,2022-05-13 05:00,delisted,True,True,1,0,0,0,0.05305,,,v1 CLOSES_1H x Binance Vision 1h volume (2026-10-03) + Aerospike kline_1m_opt (phut v>0)
ANIMEUSDT,372,372,2025-01-23 18:00,2026-01-01 00:00,2025-01-23 17:00,aero_1m,2025-12-31 23:59,aero_1m,2025-01-23 18:00,2026-01-01 00:00,active,False,True,0,0,0,0,0.01386,,,v1 CLOSES_1H x Binance Vision 1h volume (2026-10-03) + Aerospike kline_1m_opt (phut v>0)
ANKRUSDT,75,75,2021-01-26 08:00,2026-01-01 00:00,2021-01-26 07:00,aero_1m,2025-12-31 23:59,aero_1m,2021-01-26 08:00,2026-01-01 00:00,active,False,False,0,0,0,0,0.01338,,,v1 CLOSES_1H x Binance Vision 1h volume (2026-10-03) + Aerospike kline_1m_opt (phut v>0)
ANTUSDT,771,771,2021-12-27 05:00,2024-05-28 07:00,2021-12-27 04:01,aero_1m,2024-04-01 08:59,aero_1m,2021-12-27 05:00,2024-04-01 09:00,delisted,True,False,1366,0,0,0,0.01159,,,v1 CLOSES_1H x Binance Vision 1h volume (2026-10-03) + Aerospike kline_1m_opt (phut v>0)
APEUSDT,120,120,2022-03-17 16:00,2026-01-01 00:00,2022-03-17 15:00,aero_1m,2025-12-31 23:59,aero_1m,2022-03-17 16:00,2026-01-01 00:00,active,False,True,0,0,0,0,0.01248,,,v1 CLOSES_1H x Binance Vision 1h volume (2026-10-03) + Aerospike kline_1m_opt (phut v>0)
API3USDT,118,118,2022-02-22 04:00,2026-01-01 00:00,2022-02-22 03:31,aero_1m,2025-12-31 23:59,aero_1m,2022-02-22 04:00,2026-01-01 00:00,active,False,True,0,0,0,0,0.01358,,,v1 CLOSES_1H x Binance Vision 1h volume (2026-10-03) + Aerospike kline_1m_opt (phut v>0)
APRUSDT,563,563,2025-10-23 11:00,2026-01-01 00:00,2025-10-23 10:30,aero_1m,2025-12-31 23:59,aero_1m,2025-10-23 11:00,2026-01-01 00:00,active,False,True,0,0,0,0,0.02893,,,v1 CLOSES_1H x Binance Vision 1h volume (2026-10-03) + Aerospike kline_1m_opt (phut v>0)
APTUSDT,132,132,2022-10-19 03:00,2026-01-01 00:00,2022-10-19 02:00,aero_1m,2025-12-31 23:59,aero_1m,2022-10-19 03:00,2026-01-01 00:00,active,False,True,0,0,0,0,0.01129,,,v1 CLOSES_1H x Binance Vision 1h volume (2026-10-03) + Aerospike kline_1m_opt (phut v>0)
ARBUSDT,155,155,2023-03-23 16:00,2026-01-01 00:00,2023-03-23 15:01,aero_1m,2025-12-31 23:59,aero_1m,2023-03-23 16:00,2026-01-01 00:00,active,False,True,0,0,0,0,0.01062,,,v1 CLOSES_1H x Binance Vision 1h volume (2026-10-03) + Aerospike kline_1m_opt (phut v>0)
ARCUSDT,367,367,2025-01-17 14:00,2026-01-01 00:00,2025-01-17 13:00,aero_1m,2025-12-31 23:59,aero_1m,2025-01-17 14:00,2026-01-01 00:00,active,False,True,0,0,0,0,0.02576,,,v1 CLOSES_1H x Binance Vision 1h volume (2026-10-03) + Aerospike kline_1m_opt (phut v>0)
ARIAUSDT,511,511,2025-09-03 12:00,2026-01-01 00:00,2025-09-03 11:00,aero_1m,2025-12-31 23:59,aero_1m,2025-09-03 12:00,2026-01-01 00:00,active,False,True,0,0,0,0,0.0202,,,v1 CLOSES_1H x Binance Vision 1h volume (2026-10-03) + Aerospike kline_1m_opt (phut v>0)
ARKMUSDT,176,176,2023-07-28 03:00,2026-01-01 00:00,2023-07-28 02:45,aero_1m,2025-12-31 23:59,aero_1m,2023-07-28 03:00,2026-01-01 00:00,active,False,True,0,0,0,0,0.01436,,,v1 CLOSES_1H x Binance Vision 1h volume (2026-10-03) + Aerospike kline_1m_opt (phut v>0)
ARKUSDT,185,185,2023-09-19 15:00,2026-01-01 00:00,2023-09-19 14:30,aero_1m,2025-12-31 23:59,aero_1m,2023-09-19 15:00,2026-01-01 00:00,active,False,True,0,0,0,0,0.0129,,,v1 CLOSES_1H x Binance Vision 1h volume (2026-10-03) + Aerospike kline_1m_opt (phut v>0)
ARPAUSDT,109,109,2021-10-19 04:00,2026-01-01 00:00,2021-10-19 03:30,aero_1m,2025-12-31 23:59,aero_1m,2021-10-19 04:00,2026-01-01 00:00,active,False,False,0,0,0,0,0.01259,,,v1 CLOSES_1H x Binance Vision 1h volume (2026-10-03) + Aerospike kline_1m_opt (phut v>0)
ARUSDT,107,107,2021-09-28 04:00,2026-01-01 00:00,2021-09-28 03:30,aero_1m,2025-12-31 23:59,aero_1m,2021-09-28 04:00,2026-01-01 00:00,active,False,False,0,0,0,0,0.01342,,,v1 CLOSES_1H x Binance Vision 1h volume (2026-10-03) + Aerospike kline_1m_opt (phut v>0)
ASRUSDT,430,430,2025-05-06 10:00,2026-01-01 00:00,2025-05-06 09:30,aero_1m,2025-12-31 23:59,aero_1m,2025-05-06 10:00,2026-01-01 00:00,active,False,True,0,0,0,0,0.01419,,,v1 CLOSES_1H x Binance Vision 1h volume (2026-10-03) + Aerospike kline_1m_opt (phut v>0)
ASTERUSDT,527,527,2025-09-19 13:00,2026-01-01 00:00,2025-09-19 12:00,aero_1m,2025-12-31 23:59,aero_1m,2025-09-19 13:00,2026-01-01 00:00,active,False,True,0,0,0,0,0.02075,,,v1 CLOSES_1H x Binance Vision 1h volume (2026-10-03) + Aerospike kline_1m_opt (phut v>0)
ASTRUSDT,141,141,2023-02-14 03:00,2026-01-01 00:00,2023-02-14 02:30,aero_1m,2025-12-31 23:59,aero_1m,2023-02-14 03:00,2026-01-01 00:00,active,False,True,0,0,0,0,0.01103,,,v1 CLOSES_1H x Binance Vision 1h volume (2026-10-03) + Aerospike kline_1m_opt (phut v>0)
ATAUSDT,102,102,2021-08-31 04:00,2026-01-01 00:00,2021-08-31 03:30,aero_1m,2025-12-31 23:59,aero_1m,2021-08-31 04:00,2026-01-01 00:00,active,False,False,0,0,0,0,0.0126,,,v1 CLOSES_1H x Binance Vision 1h volume (2026-10-03) + Aerospike kline_1m_opt (phut v>0)
ATHUSDT,407,407,2025-04-02 16:00,2026-01-01 00:00,2025-04-02 15:45,aero_1m,2025-12-31 23:59,aero_1m,2025-04-02 16:00,2026-01-01 00:00,active,False,True,0,0,0,0,0.01304,,,v1 CLOSES_1H x Binance Vision 1h volume (2026-10-03) + Aerospike kline_1m_opt (phut v>0)
ATOMUSDT,12,12,2021-01-01 01:00,2026-01-01 00:00,,"left_censored(<=2021-01-01 00:00, truoc dau du lieu)",2025-12-31 23:59,aero_1m,2021-01-01 01:00,2026-01-01 00:00,active,False,False,0,0,0,0,0.01199,,,v1 CLOSES_1H x Binance Vision 1h volume (2026-10-03) + Aerospike kline_1m_opt (phut v>0)
ATUSDT,568,568,2025-10-29 12:00,2026-01-01 00:00,2025-10-29 11:30,aero_1m,2025-12-31 23:59,aero_1m,2025-10-29 12:00,2026-01-01 00:00,active,False,True,0,0,0,0,0.02381,,,v1 CLOSES_1H x Binance Vision 1h volume (2026-10-03) + Aerospike kline_1m_opt (phut v>0)
AUCTIONUSDT,218,218,2023-12-15 14:00,2026-01-01 00:00,2023-12-15 13:00,aero_1m,2025-12-31 23:59,aero_1m,2023-12-15 14:00,2026-01-01 00:00,active,False,True,0,0,0,0,0.01398,,,v1 CLOSES_1H x Binance Vision 1h volume (2026-10-03) + Aerospike kline_1m_opt (phut v>0)
AUDIOUSDT,765,765,2021-08-19 04:00,2024-05-28 07:00,2021-08-19 03:30,aero_1m,2024-05-16 09:00,aero_1m,2021-08-19 04:00,2024-05-16 10:00,delisted,True,False,285,0,0,0,0.0135,,,v1 CLOSES_1H x Binance Vision 1h volume (2026-10-03) + Aerospike kline_1m_opt (phut v>0)
AUSDT,446,446,2025-05-28 09:00,2026-01-01 00:00,2025-05-28 08:01,aero_1m,2025-12-31 23:59,aero_1m,2025-05-28 09:00,2026-01-01 00:00,renamed_from:EOSUSDT,False,False,0,0,0,0,0.00967,,EOS->Vaulta A 1:1 (2025) | heuristic: EOSUSDT->AUSDT dt=+7.0d ratio=1.018,v1 CLOSES_1H x Binance Vision 1h volume (2026-10-03) + Aerospike kline_1m_opt (phut v>0)
AVAAIUSDT,368,368,2025-01-17 14:00,2026-01-01 00:00,2025-01-17 13:15,aero_1m,2025-12-31 23:59,aero_1m,2025-01-17 14:00,2026-01-01 00:00,active,False,True,0,0,0,0,0.02344,,,v1 CLOSES_1H x Binance Vision 1h volume (2026-10-03) + Aerospike kline_1m_opt (phut v>0)
AVAUSDT,339,339,2024-12-13 14:00,2026-01-01 00:00,2024-12-13 13:00,aero_1m,2025-12-31 23:59,aero_1m,2024-12-13 14:00,2026-01-01 00:00,active,False,True,0,0,0,0,0.01275,,,v1 CLOSES_1H x Binance Vision 1h volume (2026-10-03) + Aerospike kline_1m_opt (phut v>0)
AVAXUSDT,33,33,2021-01-01 01:00,2026-01-01 00:00,,"left_censored(<=2021-01-01 00:00, truoc dau du lieu)",2025-12-31 23:59,aero_1m,2021-01-01 01:00,2026-01-01 00:00,active,False,False,0,0,0,0,0.01322,,,v1 CLOSES_1H x Binance Vision 1h volume (2026-10-03) + Aerospike kline_1m_opt (phut v>0)
AVNTUSDT,517,517,2025-09-09 16:00,2026-01-01 00:00,2025-09-09 15:00,aero_1m,2025-12-31 23:59,aero_1m,2025-09-09 16:00,2026-01-01 00:00,active,False,True,0,0,0,0,0.026,,,v1 CLOSES_1H x Binance Vision 1h volume (2026-10-03) + Aerospike kline_1m_opt (phut v>0)
AWEUSDT,442,442,2025-05-21 09:00,2026-01-01 00:00,2025-05-21 08:00,aero_1m,2025-12-31 23:59,aero_1m,2025-05-21 09:00,2026-01-01 00:00,active,False,True,0,0,0,0,0.01232,,,v1 CLOSES_1H x Binance Vision 1h volume (2026-10-03) + Aerospike kline_1m_opt (phut v>0)
AXLUSDT,241,241,2024-03-01 16:00,2026-01-01 00:00,2024-03-01 15:30,aero_1m,2025-12-31 23:59,aero_1m,2024-03-01 16:00,2026-01-01 00:00,active,False,True,0,0,0,0,0.01303,,,v1 CLOSES_1H x Binance Vision 1h volume (2026-10-03) + Aerospike kline_1m_opt (phut v>0)
AXSUSDT,69,69,2021-01-01 01:00,2026-01-01 00:00,,"left_censored(<=2021-01-01 00:00, truoc dau du lieu)",2025-12-31 23:59,aero_1m,2021-01-01 01:00,2026-01-01 00:00,active,False,False,0,0,0,0,0.01413,,,v1 CLOSES_1H x Binance Vision 1h volume (2026-10-03) + Aerospike kline_1m_opt (phut v>0)
B2USDT,432,432,2025-05-06 14:00,2026-01-01 00:00,2025-05-06 13:30,aero_1m,2025-12-31 23:59,aero_1m,2025-05-06 14:00,2026-01-01 00:00,active,False,True,0,0,0,0,0.01863,,,v1 CLOSES_1H x Binance Vision 1h volume (2026-10-03) + Aerospike kline_1m_opt (phut v>0)
B3USDT,380,380,2025-02-13 12:00,2026-01-01 00:00,2025-02-13 11:30,aero_1m,2025-12-31 23:59,aero_1m,2025-02-13 12:00,2026-01-01 00:00,active,False,True,0,0,0,0,0.01453,,,v1 CLOSES_1H x Binance Vision 1h volume (2026-10-03) + Aerospike kline_1m_opt (phut v>0)
BABYUSDT,408,408,2025-04-05 14:00,2026-01-01 00:00,2025-04-05 13:30,aero_1m,2025-12-31 23:58,aero_1m,2025-04-05 14:00,2026-01-01 00:00,active,False,True,0,0,0,0,0.0141,,,v1 CLOSES_1H x Binance Vision 1h volume (2026-10-03) + Aerospike kline_1m_opt (phut v>0)
BADGERUSDT,205,205,2023-11-09 13:00,2026-01-01 00:00,2023-11-09 12:30,aero_1m,2025-04-14 09:00,aero_1m,2023-11-09 13:00,2025-04-14 10:00,delisted,True,True,6278,0,0,0,0.01247,,,v1 CLOSES_1H x Binance Vision 1h volume (2026-10-03) + Aerospike kline_1m_opt (phut v>0)
BAKEUSDT,97,97,2021-05-19 08:00,2026-01-01 00:00,2021-05-19 07:00,aero_1m,2025-10-03 08:59,aero_1m,2021-05-19 08:00,2025-10-03 09:00,delisted,True,False,2151,0,0,0,0.01565,,,v1 CLOSES_1H x Binance Vision 1h volume (2026-10-03) + Aerospike kline_1m_opt (phut v>0)
BALUSDT,6,6,2021-01-01 01:00,2026-01-01 00:00,,"left_censored(<=2021-01-01 00:00, truoc dau du lieu)",2025-04-14 09:01,aero_1m,2021-01-01 01:00,2025-04-14 10:00,delisted,True,False,6278,0,0,0,0.01152,,,v1 CLOSES_1H x Binance Vision 1h volume (2026-10-03) + Aerospike kline_1m_opt (phut v>0)
BANANAS31USDT,398,398,2025-03-22 10:00,2026-01-01 00:00,2025-03-22 09:15,aero_1m,2025-12-31 23:59,aero_1m,2025-03-22 10:00,2026-01-01 00:00,active,False,True,0,0,0,0,0.01988,,,v1 CLOSES_1H x Binance Vision 1h volume (2026-10-03) + Aerospike kline_1m_opt (phut v>0)
BANANAUSDT,264,264,2024-08-15 03:00,2026-01-01 00:00,2024-08-15 02:00,aero_1m,2025-12-31 23:59,aero_1m,2024-08-15 03:00,2026-01-01 00:00,active,False,True,0,0,0,0,0.01388,,,v1 CLOSES_1H x Binance Vision 1h volume (2026-10-03) + Aerospike kline_1m_opt (phut v>0)
BANDUSDT,56,56,2021-01-01 01:00,2026-01-01 00:00,,"left_censored(<=2021-01-01 00:00, truoc dau du lieu)",2025-12-31 23:59,aero_1m,2021-01-01 01:00,2026-01-01 00:00,active,False,False,0,0,0,0,0.01354,,,v1 CLOSES_1H x Binance Vision 1h volume (2026-10-03) + Aerospike kline_1m_opt (phut v>0)
BANKUSDT,417,417,2025-04-18 19:00,2026-01-01 00:00,2025-04-18 18:30,aero_1m,2025-12-31 23:59,aero_1m,2025-04-18 19:00,2026-01-01 00:00,active,False,True,0,0,0,0,0.0201,,,v1 CLOSES_1H x Binance Vision 1h volume (2026-10-03) + Aerospike kline_1m_opt (phut v>0)
BANUSDT,320,320,2024-11-18 12:00,2026-01-01 00:00,2024-11-18 11:30,aero_1m,2025-12-31 23:59,aero_1m,2024-11-18 12:00,2026-01-01 00:00,active,False,True,0,0,0,0,0.01975,,,v1 CLOSES_1H x Binance Vision 1h volume (2026-10-03) + Aerospike kline_1m_opt (phut v>0)
BARDUSDT,526,526,2025-09-18 12:00,2026-01-01 00:00,2025-09-18 11:00,aero_1m,2025-12-31 23:59,aero_1m,2025-09-18 12:00,2026-01-01 00:00,active,False,True,0,0,0,0,0.01531,,,v1 CLOSES_1H x Binance Vision 1h volume (2026-10-03) + Aerospike kline_1m_opt (phut v>0)
BASUSDT,505,505,2025-08-26 14:00,2026-01-01 00:00,2025-08-26 13:30,aero_1m,2025-12-31 23:59,aero_1m,2025-08-26 14:00,2026-01-01 00:00,active,False,True,0,0,0,0,0.03719,,,v1 CLOSES_1H x Binance Vision 1h volume (2026-10-03) + Aerospike kline_1m_opt (phut v>0)
BATUSDT,26,26,2021-01-01 01:00,2026-01-01 00:00,,"left_censored(<=2021-01-01 00:00, truoc dau du lieu)",2025-12-31 23:59,aero_1m,2021-01-01 01:00,2026-01-01 00:00,active,False,False,0,0,0,0,0.01178,,,v1 CLOSES_1H x Binance Vision 1h volume (2026-10-03) + Aerospike kline_1m_opt (phut v>0)
BBUSDT,255,255,2024-05-13 13:00,2026-01-01 00:00,2024-05-13 12:30,aero_1m,2025-12-31 23:59,aero_1m,2024-05-13 13:00,2026-01-01 00:00,active,False,True,0,0,0,0,0.01489,,,v1 CLOSES_1H x Binance Vision 1h volume (2026-10-03) + Aerospike kline_1m_opt (phut v>0)
BCHUSDT,16,16,2021-01-01 01:00,2026-01-01 00:00,,"left_censored(<=2021-01-01 00:00, truoc dau du lieu)",2025-12-31 23:59,aero_1m,2021-01-01 01:00,2026-01-01 00:00,active,False,False,0,0,0,0,0.01027,,,v1 CLOSES_1H x Binance Vision 1h volume (2026-10-03) + Aerospike kline_1m_opt (phut v>0)
BDXNUSDT,450,450,2025-06-03 11:00,2026-01-01 00:00,2025-06-03 10:30,aero_1m,2025-12-31 23:59,aero_1m,2025-06-03 11:00,2026-01-01 00:00,active,False,True,0,0,0,0,0.03029,,,v1 CLOSES_1H x Binance Vision 1h volume (2026-10-03) + Aerospike kline_1m_opt (phut v>0)
BEAMXUSDT,209,209,2023-11-17 14:00,2026-01-01 00:00,2023-11-17 13:30,aero_1m,2025-12-31 23:59,aero_1m,2023-11-17 14:00,2026-01-01 00:00,active,False,True,0,0,0,0,0.01381,,,v1 CLOSES_1H x Binance Vision 1h volume (2026-10-03) + Aerospike kline_1m_opt (phut v>0)
BEATUSDT,578,578,2025-11-12 13:00,2026-01-01 00:00,2025-11-12 12:15,aero_1m,2025-12-31 23:59,aero_1m,2025-11-12 13:00,2026-01-01 00:00,active,False,True,0,0,0,0,0.04636,,,v1 CLOSES_1H x Binance Vision 1h volume (2026-10-03) + Aerospike kline_1m_opt (phut v>0)
BELUSDT,59,59,2021-01-01 01:00,2026-01-01 00:00,,"left_censored(<=2021-01-01 00:00, truoc dau du lieu)",2025-12-31 23:59,aero_1m,2021-01-01 01:00,2026-01-01 00:00,active,False,False,0,0,0,0,0.01532,,,v1 CLOSES_1H x Binance Vision 1h volume (2026-10-03) + Aerospike kline_1m_opt (phut v>0)
BERAUSDT,376,376,2025-02-06 16:00,2026-01-01 00:00,2025-02-06 15:00,aero_1m,2025-12-31 23:59,aero_1m,2025-02-06 16:00,2026-01-01 00:00,active,False,True,0,0,0,0,0.01397,,,v1 CLOSES_1H x Binance Vision 1h volume (2026-10-03) + Aerospike kline_1m_opt (phut v>0)
BICOUSDT,187,187,2023-09-28 13:00,2026-01-01 00:00,2023-09-28 12:30,aero_1m,2025-12-31 23:59,aero_1m,2023-09-28 13:00,2026-01-01 00:00,active,False,True,0,0,0,0,0.01194,,,v1 CLOSES_1H x Binance Vision 1h volume (2026-10-03) + Aerospike kline_1m_opt (phut v>0)
BIDUSDT,392,392,2025-03-20 10:00,2026-01-01 00:00,2025-03-20 09:30,aero_1m,2025-12-31 23:59,aero_1m,2025-03-20 10:00,2026-01-01 00:00,active,False,True,0,0,0,0,0.02052,,,v1 CLOSES_1H x Binance Vision 1h volume (2026-10-03) + Aerospike kline_1m_opt (phut v>0)
BIGTIMEUSDT,189,189,2023-10-12 15:00,2026-01-01 00:00,2023-10-12 14:30,aero_1m,2025-12-31 23:59,aero_1m,2023-10-12 15:00,2026-01-01 00:00,active,False,True,0,0,0,0,0.01587,,,v1 CLOSES_1H x Binance Vision 1h volume (2026-10-03) + Aerospike kline_1m_opt (phut v>0)
BIOUSDT,358,358,2025-01-03 13:00,2026-01-01 00:00,2025-01-03 12:15,aero_1m,2025-12-31 23:59,aero_1m,2025-01-03 13:00,2026-01-01 00:00,active,False,True,0,0,0,0,0.01712,,,v1 CLOSES_1H x Binance Vision 1h volume (2026-10-03) + Aerospike kline_1m_opt (phut v>0)
BLESSUSDT,529,529,2025-09-23 10:00,2026-01-01 00:00,2025-09-23 09:30,aero_1m,2025-12-31 23:59,aero_1m,2025-09-23 10:00,2026-01-01 00:00,active,False,True,0,0,0,0,0.04444,,,v1 CLOSES_1H x Binance Vision 1h volume (2026-10-03) + Aerospike kline_1m_opt (phut v>0)
BLUAIUSDT,561,561,2025-10-21 12:00,2026-01-01 00:00,2025-10-21 11:30,aero_1m,2025-12-31 23:59,aero_1m,2025-10-21 12:00,2026-01-01 00:00,active,False,True,0,0,0,0,0.02628,,,v1 CLOSES_1H x Binance Vision 1h volume (2026-10-03) + Aerospike kline_1m_opt (phut v>0)
BLUEBIRDUSDT,778,778,2022-11-02 13:00,2024-05-28 07:00,2022-11-02 12:00,aero_1m,2024-03-26 08:59,aero_1m,2022-11-02 13:00,2024-03-26 09:00,index,True,False,1510,0,0,0,0.0068,,index Bluebird,v1 CLOSES_1H x Binance Vision 1h volume (2026-10-03) + Aerospike kline_1m_opt (phut v>0)
BLURUSDT,163,163,2023-04-28 13:00,2026-01-01 00:00,2023-04-28 12:00,aero_1m,2025-12-31 23:59,aero_1m,2023-04-28 13:00,2026-01-01 00:00,active,False,True,0,0,0,0,0.01215,,,v1 CLOSES_1H x Binance Vision 1h volume (2026-10-03) + Aerospike kline_1m_opt (phut v>0)
BLZUSDT,53,53,2021-01-01 01:00,2026-01-01 00:00,,"left_censored(<=2021-01-01 00:00, truoc dau du lieu)",2024-12-23 08:59,aero_1m,2021-01-01 01:00,2024-12-23 09:00,delisted,True,False,8967,0,0,0,0.016,,,v1 CLOSES_1H x Binance Vision 1h volume (2026-10-03) + Aerospike kline_1m_opt (phut v>0)
BMTUSDT,388,388,2025-03-17 14:00,2026-01-01 00:00,2025-03-17 13:30,aero_1m,2025-12-31 23:59,aero_1m,2025-03-17 14:00,2026-01-01 00:00,active,False,True,0,0,0,0,0.01606,,,v1 CLOSES_1H x Binance Vision 1h volume (2026-10-03) + Aerospike kline_1m_opt (phut v>0)
BNBUSDT,3,3,2021-01-01 01:00,2026-01-01 00:00,,"left_censored(<=2021-01-01 00:00, truoc dau du lieu)",2025-12-31 23:59,aero_1m,2021-01-01 01:00,2026-01-01 00:00,active,False,False,0,0,0,0,0.00854,,,v1 CLOSES_1H x Binance Vision 1h volume (2026-10-03) + Aerospike kline_1m_opt (phut v>0)
BNTUSDT,180,180,2023-08-10 13:00,2026-01-01 00:00,2023-08-10 12:00,aero_1m,2025-12-31 23:59,aero_1m,2023-08-10 13:00,2026-01-01 00:00,relist,False,False,0,0,0,0,0.00966,,"gap khong giao dich funding_cache co ky tu 2021-01-01 00:00, som hon gio that dau (2023-08-10 13:00) 951 ngay",v1 CLOSES_1H x Binance Vision 1h volume (2026-10-03) + Aerospike kline_1m_opt (phut v>0)
BNXUSDT,148,148,2023-02-22 15:00,2024-11-22 00:00,2022-04-01 03:00,vision_1h(open gio),2025-03-17 09:59,vision_1h(phut cuoi gio),2023-02-22 15:00,2024-11-22 00:00,renamed_to:FORMUSDT,True,True,0,0,0,0,0.01213,v1 THIEU dau doi: Vision co gio that tu 2022-04-01 04:00 (v1 tu 2023-02-22 15:00) -> first_ts v1 khong phai listing | v1 THIEU cuoi doi: Vision co gio that toi 2025-03-17 10:00 (v1 toi 2024-11-22 00:00),BinaryX BNX->Four FORM (2025) | heuristic: BNXUSDT->FORMUSDT dt=+2.0d ratio=0.91,v1 CLOSES_1H x Binance Vision 1h volume (2026-10-03) + Aerospike kline_1m_opt (phut v>0)
BOBUSDT,581,581,2025-11-21 11:00,2026-01-01 00:00,2025-11-21 10:45,aero_1m,2025-12-31 23:59,aero_1m,2025-11-21 11:00,2026-01-01 00:00,active,False,True,0,0,0,0,0.02918,,,v1 CLOSES_1H x Binance Vision 1h volume (2026-10-03) + Aerospike kline_1m_opt (phut v>0)
BOMEUSDT,246,246,2024-03-16 13:00,2026-01-01 00:00,2024-03-16 12:30,aero_1m,2025-12-31 23:59,aero_1m,2024-03-16 13:00,2026-01-01 00:00,active,False,True,0,0,0,0,0.01533,,,v1 CLOSES_1H x Binance Vision 1h volume (2026-10-03) + Aerospike kline_1m_opt (phut v>0)
BONDUSDT,190,190,2023-10-15 15:00,2026-01-01 00:00,2023-10-15 14:30,aero_1m,2024-12-16 08:59,aero_1m,2023-10-15 15:00,2024-12-16 09:00,delisted,True,True,9135,0,0,0,0.01448,"ung vien rename heuristic (gia 1:1 +-5%, khong co trong danh sach da biet): BONDUSDT->FARTCOINUSDT dt=+4.4d ratio=0.9629",,v1 CLOSES_1H x Binance Vision 1h volume (2026-10-03) + Aerospike kline_1m_opt (phut v>0)
BRETTUSDT,270,270,2024-08-20 11:00,2026-01-01 00:00,2024-08-20 10:35,aero_1m,2025-12-31 23:59,aero_1m,2024-08-20 11:00,2026-01-01 00:00,active,False,True,0,0,0,0,0.01595,,,v1 CLOSES_1H x Binance Vision 1h volume (2026-10-03) + Aerospike kline_1m_opt (phut v>0)
BREVUSDT,594,594,2025-12-30 11:00,2026-01-01 00:00,2025-12-30 10:45,aero_1m,2025-12-31 23:59,aero_1m,2025-12-30 11:00,2026-01-01 00:00,active,False,False,0,0,0,0,,,,v1 CLOSES_1H x Binance Vision 1h volume (2026-10-03) + Aerospike kline_1m_opt (phut v>0)
BROCCOLI714USDT,393,393,2025-03-21 10:00,2026-01-01 00:00,2025-03-21 09:00,aero_1m,2025-12-31 23:59,aero_1m,2025-03-21 10:00,2026-01-01 00:00,active,False,True,0,0,0,0,0.0234,,,v1 CLOSES_1H x Binance Vision 1h volume (2026-10-03) + Aerospike kline_1m_opt (phut v>0)
BROCCOLIF3BUSDT,394,394,2025-03-21 10:00,2026-01-01 00:00,2025-03-21 09:15,aero_1m,2025-12-31 23:59,aero_1m,2025-03-21 10:00,2026-01-01 00:00,active,False,True,0,0,0,0,0.02438,,,v1 CLOSES_1H x Binance Vision 1h volume (2026-10-03) + Aerospike kline_1m_opt (phut v>0)
BRUSDT,395,395,2025-03-21 13:00,2026-01-01 00:00,2025-03-21 12:45,aero_1m,2025-12-31 23:59,aero_1m,2025-03-21 13:00,2026-01-01 00:00,active,False,True,0,0,0,0,0.0202,,,v1 CLOSES_1H x Binance Vision 1h volume (2026-10-03) + Aerospike kline_1m_opt (phut v>0)
BSVUSDT,193,193,2023-10-20 13:00,2026-01-01 00:00,2023-10-20 12:30,aero_1m,2025-12-31 23:59,aero_1m,2023-10-20 13:00,2026-01-01 00:00,relist,False,False,0,0,0,0,0.01026,,"BSV: Binance bo BSV 2019, futures BSVUSDT 2023 (prior auditor xep relist)",v1 CLOSES_1H x Binance Vision 1h volume (2026-10-03) + Aerospike kline_1m_opt (phut v>0)
BSWUSDT,280,280,2024-09-05 07:00,2026-01-01 00:00,2024-09-05 06:00,aero_1m,2025-09-15 08:59,aero_1m,2024-09-05 07:00,2025-09-15 09:00,delisted,True,True,2583,0,0,0,0.01881,,,v1 CLOSES_1H x Binance Vision 1h volume (2026-10-03) + Aerospike kline_1m_opt (phut v>0)
BTCDOMUSDT,307,307,2023-04-05 00:00,2024-11-22 00:00,2021-06-21 03:00,vision_1h(open gio),2025-12-31 23:59,vision_1h(phut cuoi gio),2023-04-05 00:00,2024-11-22 00:00,index,False,False,0,0,0,0,0.00487,v1 THIEU dau doi: Vision co gio that tu 2021-06-21 04:00 (v1 tu 2023-04-05 00:00) -> first_ts v1 khong phai listing | v1 THIEU cuoi doi: Vision co gio that toi 2026-01-01 00:00 (v1 toi 2024-11-22 00:00),index BTC dominance,v1 CLOSES_1H x Binance Vision 1h volume (2026-10-03) + Aerospike kline_1m_opt (phut v>0)
BTCUSDT,1,1,2021-01-01 01:00,2026-01-01 00:00,,"left_censored(<=2021-01-01 00:00, truoc dau du lieu)",2025-12-31 23:59,aero_1m,2021-01-01 01:00,2026-01-01 00:00,active,False,False,0,0,0,0,0.00641,,,v1 CLOSES_1H x Binance Vision 1h volume (2026-10-03) + Aerospike kline_1m_opt (phut v>0)
BTRUSDT,506,506,2025-08-27 11:00,2026-01-01 00:00,2025-08-27 10:30,aero_1m,2025-12-31 23:59,aero_1m,2025-08-27 11:00,2026-01-01 00:00,active,False,True,0,0,0,0,0.022,,,v1 CLOSES_1H x Binance Vision 1h volume (2026-10-03) + Aerospike kline_1m_opt (phut v>0)
BTSUSDT,767,767,2021-02-01 08:00,2024-05-28 07:00,2021-02-01 07:00,aero_1m,2022-08-18 08:59,aero_1m,2021-02-01 08:00,2022-08-18 09:00,delisted,True,False,15574,0,0,0,0.016,,,v1 CLOSES_1H x Binance Vision 1h volume (2026-10-03) + Aerospike kline_1m_opt (phut v>0)
BTTUSDT,774,774,2021-04-06 08:00,2022-01-26 11:00,2021-04-06 07:00,aero_1m,2022-01-14 02:00,aero_1m,2021-04-06 08:00,2022-01-14 03:00,delisted,True,False,296,0,0,0,0.01666,,,v1 CLOSES_1H x Binance Vision 1h volume (2026-10-03) + Aerospike kline_1m_opt (phut v>0)
BULLAUSDT,470,470,2025-07-04 10:00,2026-01-01 00:00,2025-07-04 09:00,aero_1m,2025-12-31 23:59,aero_1m,2025-07-04 10:00,2026-01-01 00:00,active,False,True,0,0,0,0,0.0173,,,v1 CLOSES_1H x Binance Vision 1h volume (2026-10-03) + Aerospike kline_1m_opt (phut v>0)
BUSDT,443,443,2025-05-22 17:00,2026-01-01 00:00,2025-05-22 16:30,aero_1m,2025-12-31 23:59,aero_1m,2025-05-22 17:00,2026-01-01 00:00,active,False,True,0,0,0,0,0.01729,,,v1 CLOSES_1H x Binance Vision 1h volume (2026-10-03) + Aerospike kline_1m_opt (phut v>0)
BZRXUSDT,772,772,2021-01-01 01:00,2021-12-19 02:00,,"left_censored(<=2021-01-01 00:00, truoc dau du lieu)",2021-12-19 01:59,aero_1m,2021-01-01 01:00,2021-12-19 02:00,delisted,True,False,0,0,0,0,0.02136,,,v1 CLOSES_1H x Binance Vision 1h volume (2026-10-03) + Aerospike kline_1m_opt (phut v>0)
C98USDT,100,100,2021-08-24 04:00,2026-01-01 00:00,2021-08-24 03:30,aero_1m,2025-12-31 23:59,aero_1m,2021-08-24 04:00,2026-01-01 00:00,active,False,False,0,0,0,0,0.01275,,,v1 CLOSES_1H x Binance Vision 1h volume (2026-10-03) + Aerospike kline_1m_opt (phut v>0)
CAKEUSDT,199,199,2023-11-02 13:00,2026-01-01 00:00,2023-11-02 12:45,aero_1m,2025-12-31 23:59,aero_1m,2023-11-02 13:00,2026-01-01 00:00,active,False,True,0,0,0,0,0.01129,,,v1 CLOSES_1H x Binance Vision 1h volume (2026-10-03) + Aerospike kline_1m_opt (phut v>0)
CARVUSDT,495,495,2025-08-07 17:00,2026-01-01 00:00,2025-08-07 16:45,aero_1m,2025-12-31 23:59,aero_1m,2025-08-07 17:00,2026-01-01 00:00,active,False,True,0,0,0,0,0.01237,,,v1 CLOSES_1H x Binance Vision 1h volume (2026-10-03) + Aerospike kline_1m_opt (phut v>0)
CATIUSDT,291,291,2024-09-20 12:00,2026-01-01 00:00,2024-09-20 11:30,aero_1m,2025-12-31 23:59,aero_1m,2024-09-20 12:00,2026-01-01 00:00,active,False,True,0,0,0,0,0.01458,,,v1 CLOSES_1H x Binance Vision 1h volume (2026-10-03) + Aerospike kline_1m_opt (phut v>0)
CCUSDT,569,569,2025-10-31 13:00,2026-01-01 00:00,2025-10-31 12:00,aero_1m,2025-12-31 23:59,aero_1m,2025-10-31 13:00,2026-01-01 00:00,active,False,True,0,0,0,0,0.02062,,,v1 CLOSES_1H x Binance Vision 1h volume (2026-10-03) + Aerospike kline_1m_opt (phut v>0)
CELOUSDT,106,106,2021-09-27 04:00,2026-01-01 00:00,2021-09-27 03:30,aero_1m,2025-12-31 23:59,aero_1m,2021-09-27 04:00,2026-01-01 00:00,active,False,False,0,0,0,0,0.01153,,,v1 CLOSES_1H x Binance Vision 1h volume (2026-10-03) + Aerospike kline_1m_opt (phut v>0)
CELRUSDT,91,91,2021-03-29 08:00,2026-01-01 00:00,2021-03-29 07:00,aero_1m,2025-12-31 23:59,aero_1m,2021-03-29 08:00,2026-01-01 00:00,active,False,False,0,0,0,0,0.01376,,,v1 CLOSES_1H x Binance Vision 1h volume (2026-10-03) + Aerospike kline_1m_opt (phut v>0)
CETUSUSDT,310,310,2024-11-06 15:00,2026-01-01 00:00,2024-11-06 14:00,aero_1m,2025-12-31 23:59,aero_1m,2024-11-06 15:00,2026-01-01 00:00,active,False,True,0,0,0,0,0.01504,,,v1 CLOSES_1H x Binance Vision 1h volume (2026-10-03) + Aerospike kline_1m_opt (phut v>0)
CFXUSDT,145,145,2023-02-20 15:00,2026-01-01 00:00,2023-02-20 14:30,aero_1m,2025-12-31 23:59,aero_1m,2023-02-20 15:00,2026-01-01 00:00,active,False,True,0,0,0,0,0.01299,,,v1 CLOSES_1H x Binance Vision 1h volume (2026-10-03) + Aerospike kline_1m_opt (phut v>0)
CGPTUSDT,350,350,2024-12-20 20:00,2026-01-01 00:00,2024-12-20 19:15,aero_1m,2025-12-31 23:59,aero_1m,2024-12-20 20:00,2026-01-01 00:00,active,False,True,0,0,0,0,0.01415,,,v1 CLOSES_1H x Binance Vision 1h volume (2026-10-03) + Aerospike kline_1m_opt (phut v>0)
CHESSUSDT,278,278,2024-08-29 08:00,2026-01-01 00:00,2024-08-29 07:30,aero_1m,2025-12-31 23:59,aero_1m,2024-08-29 08:00,2026-01-01 00:00,active,False,True,0,0,0,0,0.01369,,,v1 CLOSES_1H x Binance Vision 1h volume (2026-10-03) + Aerospike kline_1m_opt (phut v>0)
CHILLGUYUSDT,328,328,2024-11-27 15:00,2026-01-01 00:00,2024-11-27 14:45,aero_1m,2025-12-31 23:59,aero_1m,2024-11-27 15:00,2026-01-01 00:00,active,False,True,0,0,0,0,0.02035,,,v1 CLOSES_1H x Binance Vision 1h volume (2026-10-03) + Aerospike kline_1m_opt (phut v>0)
CHRUSDT,83,83,2021-03-12 08:00,2026-01-01 00:00,2021-03-12 07:00,aero_1m,2025-12-31 23:59,aero_1m,2021-03-12 08:00,2026-01-01 00:00,active,False,False,0,0,0,0,0.01457,,,v1 CLOSES_1H x Binance Vision 1h volume (2026-10-03) + Aerospike kline_1m_opt (phut v>0)
CHZUSDT,73,73,2021-01-21 08:00,2026-01-01 00:00,2021-01-21 07:00,aero_1m,2025-12-31 23:59,aero_1m,2021-01-21 08:00,2026-01-01 00:00,active,False,False,0,0,0,0,0.01353,,,v1 CLOSES_1H x Binance Vision 1h volume (2026-10-03) + Aerospike kline_1m_opt (phut v>0)
CKBUSDT,150,150,2023-02-28 13:00,2026-01-01 00:00,2023-02-28 12:00,aero_1m,2025-12-31 23:59,aero_1m,2023-02-28 13:00,2026-01-01 00:00,active,False,True,0,0,0,0,0.01261,,,v1 CLOSES_1H x Binance Vision 1h volume (2026-10-03) + Aerospike kline_1m_opt (phut v>0)
CLANKERUSDT,577,577,2025-11-12 13:00,2026-01-01 00:00,2025-11-12 12:00,aero_1m,2025-12-31 23:59,aero_1m,2025-11-12 13:00,2026-01-01 00:00,active,False,True,0,0,0,0,0.01535,,,v1 CLOSES_1H x Binance Vision 1h volume (2026-10-03) + Aerospike kline_1m_opt (phut v>0)
CLOUSDT,554,554,2025-10-14 12:00,2026-01-01 00:00,2025-10-14 11:30,aero_1m,2025-12-31 23:59,aero_1m,2025-10-14 12:00,2026-01-01 00:00,active,False,True,0,0,0,0,0.03232,,,v1 CLOSES_1H x Binance Vision 1h volume (2026-10-03) + Aerospike kline_1m_opt (phut v>0)
COAIUSDT,531,531,2025-09-25 08:00,2026-01-01 00:00,2025-09-25 07:30,aero_1m,2025-12-31 23:59,aero_1m,2025-09-25 08:00,2026-01-01 00:00,active,False,True,0,0,0,0,0.04823,,,v1 CLOSES_1H x Binance Vision 1h volume (2026-10-03) + Aerospike kline_1m_opt (phut v>0)
COLLECTUSDT,595,595,2025-12-31 14:00,2026-01-01 00:00,2025-12-31 13:15,aero_1m,2025-12-31 23:59,aero_1m,2025-12-31 14:00,2026-01-01 00:00,active,False,False,0,0,0,0,,,,v1 CLOSES_1H x Binance Vision 1h volume (2026-10-03) + Aerospike kline_1m_opt (phut v>0)
COMBOUSDT,170,170,2023-06-02 13:00,2026-01-01 00:00,2023-06-02 12:00,aero_1m,2025-03-27 09:00,aero_1m,2023-06-02 13:00,2025-03-27 10:00,delisted,True,True,6710,0,0,0,0.01207,,,v1 CLOSES_1H x Binance Vision 1h volume (2026-10-03) + Aerospike kline_1m_opt (phut v>0)
COMMONUSDT,566,566,2025-10-27 13:00,2026-01-01 00:00,2025-10-27 12:30,aero_1m,2025-12-31 23:59,aero_1m,2025-10-27 13:00,2026-01-01 00:00,active,False,True,0,0,0,0,0.02031,,,v1 CLOSES_1H x Binance Vision 1h volume (2026-10-03) + Aerospike kline_1m_opt (phut v>0)
COMPUSDT,47,47,2021-01-01 01:00,2026-01-01 00:00,,"left_censored(<=2021-01-01 00:00, truoc dau du lieu)",2025-12-31 23:59,aero_1m,2021-01-01 01:00,2026-01-01 00:00,active,False,False,0,0,0,0,0.01235,,,v1 CLOSES_1H x Binance Vision 1h volume (2026-10-03) + Aerospike kline_1m_opt (phut v>0)
COOKIEUSDT,359,359,2025-01-07 12:00,2026-01-01 00:00,2025-01-07 11:30,aero_1m,2025-12-31 23:59,aero_1m,2025-01-07 12:00,2026-01-01 00:00,active,False,True,0,0,0,0,0.01732,,,v1 CLOSES_1H x Binance Vision 1h volume (2026-10-03) + Aerospike kline_1m_opt (phut v>0)
COSUSDT,297,297,2024-09-30 14:00,2026-01-01 00:00,2024-09-30 13:00,aero_1m,2025-12-31 23:59,aero_1m,2024-09-30 14:00,2026-01-01 00:00,active,False,True,0,0,0,0,0.0108,,,v1 CLOSES_1H x Binance Vision 1h volume (2026-10-03) + Aerospike kline_1m_opt (phut v>0)
COTIUSDT,82,82,2021-03-10 08:00,2026-01-01 00:00,2021-03-10 07:00,aero_1m,2025-12-31 23:59,aero_1m,2021-03-10 08:00,2026-01-01 00:00,active,False,False,0,0,0,0,0.01422,,,v1 CLOSES_1H x Binance Vision 1h volume (2026-10-03) + Aerospike kline_1m_opt (phut v>0)
COWUSDT,309,309,2024-11-06 14:00,2026-01-01 00:00,2024-11-06 13:30,aero_1m,2025-12-31 23:59,aero_1m,2024-11-06 14:00,2026-01-01 00:00,active,False,True,0,0,0,0,0.01547,,,v1 CLOSES_1H x Binance Vision 1h volume (2026-10-03) + Aerospike kline_1m_opt (phut v>0)
CROSSUSDT,475,475,2025-07-10 11:00,2026-01-01 00:00,2025-07-10 10:30,aero_1m,2025-12-31 23:59,aero_1m,2025-07-10 11:00,2026-01-01 00:00,active,False,True,0,0,0,0,0.02107,,,v1 CLOSES_1H x Binance Vision 1h volume (2026-10-03) + Aerospike kline_1m_opt (phut v>0)
CRVUSDT,60,60,2021-01-01 01:00,2026-01-01 00:00,,"left_censored(<=2021-01-01 00:00, truoc dau du lieu)",2025-12-31 23:59,aero_1m,2021-01-01 01:00,2026-01-01 00:00,active,False,False,0,0,0,0,0.01457,,,v1 CLOSES_1H x Binance Vision 1h volume (2026-10-03) + Aerospike kline_1m_opt (phut v>0)
CTSIUSDT,110,110,2021-10-26 04:00,2026-01-01 00:00,2021-10-26 03:30,aero_1m,2025-12-31 23:59,aero_1m,2021-10-26 04:00,2026-01-01 00:00,active,False,False,0,0,0,0,0.01258,,,v1 CLOSES_1H x Binance Vision 1h volume (2026-10-03) + Aerospike kline_1m_opt (phut v>0)
CUDISUSDT,500,500,2025-08-20 12:00,2026-01-01 00:00,2025-08-20 11:15,aero_1m,2025-12-31 23:59,aero_1m,2025-08-20 12:00,2026-01-01 00:00,active,False,True,0,0,0,0,0.04824,,,v1 CLOSES_1H x Binance Vision 1h volume (2026-10-03) + Aerospike kline_1m_opt (phut v>0)
CUSDT,477,477,2025-07-15 10:00,2026-01-01 00:00,2025-07-15 09:00,aero_1m,2025-12-31 23:59,aero_1m,2025-07-15 10:00,2026-01-01 00:00,active,False,True,0,0,0,0,0.02047,,,v1 CLOSES_1H x Binance Vision 1h volume (2026-10-03) + Aerospike kline_1m_opt (phut v>0)
CYBERUSDT,183,183,2023-08-21 13:00,2026-01-01 00:00,2023-08-21 12:00,aero_1m,2025-12-31 23:59,aero_1m,2023-08-21 13:00,2026-01-01 00:00,active,False,True,0,0,0,0,0.01501,,,v1 CLOSES_1H x Binance Vision 1h volume (2026-10-03) + Aerospike kline_1m_opt (phut v>0)
CYSUSDT,589,589,2025-12-12 12:00,2026-01-01 00:00,2025-12-12 11:00,aero_1m,2025-12-31 23:59,aero_1m,2025-12-12 12:00,2026-01-01 00:00,active,False,True,0,0,0,0,0.03273,,,v1 CLOSES_1H x Binance Vision 1h volume (2026-10-03) + Aerospike kline_1m_opt (phut v>0)
DAMUSDT,499,499,2025-08-18 13:00,2026-01-01 00:00,2025-08-18 12:30,aero_1m,2025-12-31 23:59,aero_1m,2025-08-18 13:00,2026-01-01 00:00,active,False,True,0,0,0,0,0.02735,,,v1 CLOSES_1H x Binance Vision 1h volume (2026-10-03) + Aerospike kline_1m_opt (phut v>0)
DARUSDT,123,123,2022-04-29 04:00,2026-01-01 00:00,2022-04-29 03:30,aero_1m,2024-12-26 09:00,aero_1m,2022-04-29 04:00,2024-12-26 10:00,renamed_to:DUSDT,True,True,8894,0,0,0,0.01325,"rename da biet nhung ma moi niem yet ngoai cua so [-3d,+14d]: DARUSDT->DUSDT dt=+14.0d ratio=1.258 (ratio lech)",Mines of Dalarnia DAR->D (2025) | heuristic: DARUSDT->DUSDT dt=+14.0d ratio=1.258 (ratio lech),v1 CLOSES_1H x Binance Vision 1h volume (2026-10-03) + Aerospike kline_1m_opt (phut v>0)
DASHUSDT,39,39,2021-01-01 01:00,2026-01-01 00:00,,"left_censored(<=2021-01-01 00:00, truoc dau du lieu)",2025-12-31 23:59,aero_1m,2021-01-01 01:00,2026-01-01 00:00,active,False,False,0,0,0,0,0.01174,,,v1 CLOSES_1H x Binance Vision 1h volume (2026-10-03) + Aerospike kline_1m_opt (phut v>0)
DEEPUSDT,419,419,2025-04-22 09:00,2026-01-01 00:00,2025-04-22 08:30,aero_1m,2025-12-31 23:59,aero_1m,2025-04-22 09:00,2026-01-01 00:00,active,False,True,0,0,0,0,0.0134,,,v1 CLOSES_1H x Binance Vision 1h volume (2026-10-03) + Aerospike kline_1m_opt (phut v>0)
DEFIUSDT,46,46,2021-01-01 01:00,2026-01-01 00:00,,"left_censored(<=2021-01-01 00:00, truoc dau du lieu)",2025-08-11 08:59,aero_1m,2021-01-01 01:00,2025-08-11 09:00,index,True,False,3423,0,0,0,0.01063,,index DeFi composite,v1 CLOSES_1H x Binance Vision 1h volume (2026-10-03) + Aerospike kline_1m_opt (phut v>0)
DEGENUSDT,319,319,2024-11-15 12:00,2026-01-01 00:00,2024-11-15 11:30,aero_1m,2025-12-31 23:59,aero_1m,2024-11-15 12:00,2026-01-01 00:00,active,False,True,0,0,0,0,0.0157,,,v1 CLOSES_1H x Binance Vision 1h volume (2026-10-03) + Aerospike kline_1m_opt (phut v>0)
DEGOUSDT,340,340,2024-12-13 14:00,2026-01-01 00:00,2024-12-13 13:15,aero_1m,2025-12-31 23:59,aero_1m,2024-12-13 14:00,2026-01-01 00:00,active,False,True,0,0,0,0,0.01863,,,v1 CLOSES_1H x Binance Vision 1h volume (2026-10-03) + Aerospike kline_1m_opt (phut v>0)
DENTUSDT,90,90,2021-03-24 05:00,2026-01-01 00:00,2021-03-24 04:01,aero_1m,2025-12-31 23:59,aero_1m,2021-03-24 05:00,2026-01-01 00:00,active,False,False,0,0,0,0,0.01361,,,v1 CLOSES_1H x Binance Vision 1h volume (2026-10-03) + Aerospike kline_1m_opt (phut v>0)
DEXEUSDT,352,352,2024-12-24 12:00,2026-01-01 00:00,2024-12-24 11:30,aero_1m,2025-12-31 23:59,aero_1m,2024-12-24 12:00,2026-01-01 00:00,active,False,True,0,0,0,0,0.01583,,,v1 CLOSES_1H x Binance Vision 1h volume (2026-10-03) + Aerospike kline_1m_opt (phut v>0)
DFUSDT,354,354,2024-12-30 12:00,2026-01-01 00:00,2024-12-30 11:45,aero_1m,2025-12-31 23:59,aero_1m,2024-12-30 12:00,2026-01-01 00:00,active,False,True,0,0,0,0,0.01363,,,v1 CLOSES_1H x Binance Vision 1h volume (2026-10-03) + Aerospike kline_1m_opt (phut v>0)
DGBUSDT,783,783,2021-04-21 04:00,2024-04-11 12:00,2021-04-21 03:30,aero_1m,2024-04-01 09:59,vision_1h(phut cuoi gio),2021-04-21 04:00,2024-04-01 09:00,delisted,True,False,243,0,0,0,0.01284,,,v1 CLOSES_1H x Binance Vision 1h volume (2026-10-03) + Aerospike kline_1m_opt (phut v>0)
DIAUSDT,299,299,2024-10-02 13:00,2026-01-01 00:00,2024-10-02 12:30,aero_1m,2025-12-31 23:59,aero_1m,2024-10-02 13:00,2026-01-01 00:00,active,False,True,0,0,0,0,0.01351,,,v1 CLOSES_1H x Binance Vision 1h volume (2026-10-03) + Aerospike kline_1m_opt (phut v>0)
DMCUSDT,465,465,2025-06-24 14:00,2026-01-01 00:00,2025-06-24 13:00,aero_1m,2025-12-31 23:59,aero_1m,2025-06-24 14:00,2026-01-01 00:00,active,False,True,0,0,0,0,0.02138,,,v1 CLOSES_1H x Binance Vision 1h volume (2026-10-03) + Aerospike kline_1m_opt (phut v>0)
DODOUSDT,763,763,2021-02-19 14:00,2022-05-27 09:00,2021-02-19 13:00,aero_1m,2022-05-27 08:59,aero_1m,2021-02-19 14:00,2022-05-27 09:00,delisted,True,False,0,0,0,0,0.01829,,,v1 CLOSES_1H x Binance Vision 1h volume (2026-10-03) + Aerospike kline_1m_opt (phut v>0)
DODOXUSDT,179,179,2023-08-08 13:00,2026-01-01 00:00,2023-08-08 12:00,aero_1m,2025-12-31 23:59,aero_1m,2023-08-08 13:00,2026-01-01 00:00,active,False,True,0,0,0,0,0.01181,,,v1 CLOSES_1H x Binance Vision 1h volume (2026-10-03) + Aerospike kline_1m_opt (phut v>0)
DOGEUSDT,27,27,2021-01-01 01:00,2026-01-01 00:00,,"left_censored(<=2021-01-01 00:00, truoc dau du lieu)",2025-12-31 23:59,aero_1m,2021-01-01 01:00,2026-01-01 00:00,active,False,False,0,0,0,0,0.01429,,,v1 CLOSES_1H x Binance Vision 1h volume (2026-10-03) + Aerospike kline_1m_opt (phut v>0)
DOGSUSDT,276,276,2024-08-26 13:00,2026-01-01 00:00,2024-08-26 12:30,aero_1m,2025-12-31 23:59,aero_1m,2024-08-26 13:00,2026-01-01 00:00,active,False,True,0,0,0,0,0.01404,,,v1 CLOSES_1H x Binance Vision 1h volume (2026-10-03) + Aerospike kline_1m_opt (phut v>0)
DOLOUSDT,427,427,2025-05-01 04:00,2026-01-01 00:00,2025-05-01 03:00,aero_1m,2025-12-31 23:59,aero_1m,2025-05-01 04:00,2026-01-01 00:00,active,False,True,0,0,0,0,0.01976,,,v1 CLOSES_1H x Binance Vision 1h volume (2026-10-03) + Aerospike kline_1m_opt (phut v>0)
DOODUSDT,436,436,2025-05-09 14:00,2026-01-01 00:00,2025-05-09 13:30,aero_1m,2025-12-31 23:59,aero_1m,2025-05-09 14:00,2026-01-01 00:00,active,False,True,0,0,0,0,0.02078,,,v1 CLOSES_1H x Binance Vision 1h volume (2026-10-03) + Aerospike kline_1m_opt (phut v>0)
DOTECOUSDT,779,779,2021-01-20 08:00,2021-02-19 09:00,2021-01-20 07:00,aero_1m,2021-02-19 09:59,vision_1h(phut cuoi gio),2021-01-20 08:00,2021-02-19 09:00,delisted,True,False,0,0,0,0,0.01756,,,v1 CLOSES_1H x Binance Vision 1h volume (2026-10-03) + Aerospike kline_1m_opt (phut v>0)
DOTUSDT,62,62,2021-01-01 01:00,2026-01-01 00:00,,"left_censored(<=2021-01-01 00:00, truoc dau du lieu)",2025-12-31 23:59,aero_1m,2021-01-01 01:00,2026-01-01 00:00,active,False,False,0,0,0,0,0.01133,,,v1 CLOSES_1H x Binance Vision 1h volume (2026-10-03) + Aerospike kline_1m_opt (phut v>0)
DRIFTUSDT,313,313,2024-11-08 16:00,2026-01-01 00:00,2024-11-08 15:45,aero_1m,2025-12-31 23:59,aero_1m,2024-11-08 16:00,2026-01-01 00:00,active,False,True,0,0,0,0,0.01442,,,v1 CLOSES_1H x Binance Vision 1h volume (2026-10-03) + Aerospike kline_1m_opt (phut v>0)
DUSDT,363,363,2025-01-09 11:00,2026-01-01 00:00,2025-01-09 10:00,aero_1m,2025-12-31 23:59,aero_1m,2025-01-09 11:00,2026-01-01 00:00,renamed_from:DARUSDT,False,False,0,0,0,0,0.01367,"rename da biet nhung ma moi niem yet ngoai cua so [-3d,+14d]: DARUSDT->DUSDT dt=+14.0d ratio=1.258 (ratio lech)",Mines of Dalarnia DAR->D (2025) | heuristic: DARUSDT->DUSDT dt=+14.0d ratio=1.258 (ratio lech),v1 CLOSES_1H x Binance Vision 1h volume (2026-10-03) + Aerospike kline_1m_opt (phut v>0)
DUSKUSDT,115,115,2022-01-07 04:00,2026-01-01 00:00,2022-01-07 03:30,aero_1m,2025-12-31 23:59,aero_1m,2022-01-07 04:00,2026-01-01 00:00,active,False,True,0,0,0,0,0.01297,,,v1 CLOSES_1H x Binance Vision 1h volume (2026-10-03) + Aerospike kline_1m_opt (phut v>0)
DYDXUSDT,103,103,2021-09-10 04:00,2026-01-01 00:00,2021-09-10 03:30,aero_1m,2025-12-31 23:59,aero_1m,2021-09-10 04:00,2026-01-01 00:00,active,False,False,0,0,0,0,0.01328,,,v1 CLOSES_1H x Binance Vision 1h volume (2026-10-03) + Aerospike kline_1m_opt (phut v>0)
DYMUSDT,233,233,2024-02-07 08:00,2026-01-01 00:00,2024-02-07 07:00,aero_1m,2025-12-31 23:59,aero_1m,2024-02-07 08:00,2026-01-01 00:00,active,False,True,0,0,0,0,0.01501,,,v1 CLOSES_1H x Binance Vision 1h volume (2026-10-03) + Aerospike kline_1m_opt (phut v>0)
EDENUSDT,539,539,2025-09-30 12:00,2026-01-01 00:00,2025-09-30 11:00,aero_1m,2025-12-31 23:59,aero_1m,2025-09-30 12:00,2026-01-01 00:00,active,False,True,0,0,0,0,0.02209,,,v1 CLOSES_1H x Binance Vision 1h volume (2026-10-03) + Aerospike kline_1m_opt (phut v>0)
EDUUSDT,164,164,2023-04-30 13:00,2026-01-01 00:00,2023-04-30 12:00,aero_1m,2025-12-31 23:59,aero_1m,2023-04-30 13:00,2026-01-01 00:00,active,False,True,0,0,0,0,0.01308,,,v1 CLOSES_1H x Binance Vision 1h volume (2026-10-03) + Aerospike kline_1m_opt (phut v>0)
EGLDUSDT,63,63,2021-01-01 01:00,2026-01-01 00:00,,"left_censored(<=2021-01-01 00:00, truoc dau du lieu)",2025-12-31 23:59,aero_1m,2021-01-01 01:00,2026-01-01 00:00,active,False,False,0,0,0,0,0.0119,,,v1 CLOSES_1H x Binance Vision 1h volume (2026-10-03) + Aerospike kline_1m_opt (phut v>0)
EIGENUSDT,298,298,2024-10-01 07:00,2026-01-01 00:00,2024-10-01 06:00,aero_1m,2025-12-31 23:59,aero_1m,2024-10-01 07:00,2026-01-01 00:00,active,False,True,0,0,0,0,0.01537,,,v1 CLOSES_1H x Binance Vision 1h volume (2026-10-03) + Aerospike kline_1m_opt (phut v>0)
ENAUSDT,248,248,2024-04-02 13:00,2026-01-01 00:00,2024-04-02 12:30,aero_1m,2025-12-31 23:59,aero_1m,2024-04-02 13:00,2026-01-01 00:00,active,False,True,0,0,0,0,0.01526,,,v1 CLOSES_1H x Binance Vision 1h volume (2026-10-03) + Aerospike kline_1m_opt (phut v>0)
ENJUSDT,8,8,2021-01-01 01:00,2026-01-01 00:00,,"left_censored(<=2021-01-01 00:00, truoc dau du lieu)",2025-12-31 23:59,aero_1m,2021-01-01 01:00,2026-01-01 00:00,active,False,False,0,0,0,0,0.0137,,,v1 CLOSES_1H x Binance Vision 1h volume (2026-10-03) + Aerospike kline_1m_opt (phut v>0)
ENSOUSDT,553,553,2025-10-14 10:00,2026-01-01 00:00,2025-10-14 09:00,aero_1m,2025-12-31 23:59,aero_1m,2025-10-14 10:00,2026-01-01 00:00,active,False,True,0,0,0,0,0.01946,,,v1 CLOSES_1H x Binance Vision 1h volume (2026-10-03) + Aerospike kline_1m_opt (phut v>0)
ENSUSDT,112,112,2021-11-30 04:00,2026-01-01 00:00,2021-11-30 03:30,aero_1m,2025-12-31 23:59,aero_1m,2021-11-30 04:00,2026-01-01 00:00,active,False,False,0,0,0,0,0.01289,,,v1 CLOSES_1H x Binance Vision 1h volume (2026-10-03) + Aerospike kline_1m_opt (phut v>0)
EOSUSDT,4,4,2021-01-01 01:00,2024-11-22 00:00,,"left_censored(<=2021-01-01 00:00, truoc dau du lieu)",2025-05-21 08:59,vision_1h(phut cuoi gio),2021-01-01 01:00,2024-11-22 00:00,renamed_to:AUSDT,True,False,0,0,0,0,0.01101,v1 THIEU cuoi doi: Vision co gio that toi 2025-05-21 09:00 (v1 toi 2024-11-22 00:00),EOS->Vaulta A 1:1 (2025) | heuristic: EOSUSDT->AUSDT dt=+7.0d ratio=1.018,v1 CLOSES_1H x Binance Vision 1h volume (2026-10-03) + Aerospike kline_1m_opt (phut v>0)
EPICUSDT,387,387,2025-03-13 09:00,2026-01-01 00:00,2025-03-13 08:00,aero_1m,2025-12-31 23:59,aero_1m,2025-03-13 09:00,2026-01-01 00:00,active,False,True,0,0,0,0,0.01573,,,v1 CLOSES_1H x Binance Vision 1h volume (2026-10-03) + Aerospike kline_1m_opt (phut v>0)
EPTUSDT,418,418,2025-04-21 14:00,2026-01-01 00:00,2025-04-21 13:00,aero_1m,2025-12-31 23:59,aero_1m,2025-04-21 14:00,2026-01-01 00:00,active,False,True,0,0,0,0,0.01868,,,v1 CLOSES_1H x Binance Vision 1h volume (2026-10-03) + Aerospike kline_1m_opt (phut v>0)
ERAUSDT,480,480,2025-07-17 16:00,2026-01-01 00:00,2025-07-17 15:30,aero_1m,2025-12-31 23:59,aero_1m,2025-07-17 16:00,2026-01-01 00:00,active,False,True,0,0,0,0,0.01323,,,v1 CLOSES_1H x Binance Vision 1h volume (2026-10-03) + Aerospike kline_1m_opt (phut v>0)
ESPORTSUSDT,485,485,2025-07-29 11:00,2026-01-01 00:00,2025-07-29 10:00,aero_1m,2025-12-31 23:59,aero_1m,2025-07-29 11:00,2026-01-01 00:00,active,False,True,0,0,0,0,0.02181,,,v1 CLOSES_1H x Binance Vision 1h volume (2026-10-03) + Aerospike kline_1m_opt (phut v>0)
ETCUSDT,19,19,2021-01-01 01:00,2026-01-01 00:00,,"left_censored(<=2021-01-01 00:00, truoc dau du lieu)",2025-12-31 23:59,aero_1m,2021-01-01 01:00,2026-01-01 00:00,active,False,False,0,0,0,0,0.01142,,,v1 CLOSES_1H x Binance Vision 1h volume (2026-10-03) + Aerospike kline_1m_opt (phut v>0)
ETHFIUSDT,247,247,2024-03-18 16:00,2026-01-01 00:00,2024-03-18 15:30,aero_1m,2025-12-31 23:59,aero_1m,2024-03-18 16:00,2026-01-01 00:00,active,False,True,0,0,0,0,0.01463,,,v1 CLOSES_1H x Binance Vision 1h volume (2026-10-03) + Aerospike kline_1m_opt (phut v>0)
ETHUSDT,2,2,2021-01-01 01:00,2026-01-01 00:00,,"left_censored(<=2021-01-01 00:00, truoc dau du lieu)",2025-12-31 23:59,aero_1m,2021-01-01 01:00,2026-01-01 00:00,active,False,False,0,0,0,0,0.00842,,,v1 CLOSES_1H x Binance Vision 1h volume (2026-10-03) + Aerospike kline_1m_opt (phut v>0)
ETHWUSDT,215,215,2023-11-28 13:00,2026-01-01 00:00,2023-11-28 12:30,aero_1m,2025-12-31 23:59,aero_1m,2023-11-28 13:00,2026-01-01 00:00,active,False,True,0,0,0,0,0.01232,,,v1 CLOSES_1H x Binance Vision 1h volume (2026-10-03) + Aerospike kline_1m_opt (phut v>0)
EULUSDT,552,552,2025-10-13 15:00,2026-01-01 00:00,2025-10-13 14:30,aero_1m,2025-12-31 23:59,aero_1m,2025-10-13 15:00,2026-01-01 00:00,active,False,True,0,0,0,0,0.01236,,,v1 CLOSES_1H x Binance Vision 1h volume (2026-10-03) + Aerospike kline_1m_opt (phut v>0)
EVAAUSDT,544,544,2025-10-03 11:00,2026-01-01 00:00,2025-10-03 10:32,aero_1m,2025-12-31 23:59,aero_1m,2025-10-03 11:00,2026-01-01 00:00,active,False,True,0,0,0,0,0.03433,,,v1 CLOSES_1H x Binance Vision 1h volume (2026-10-03) + Aerospike kline_1m_opt (phut v>0)
FARTCOINUSDT,348,348,2024-12-20 19:00,2026-01-01 00:00,2024-12-20 18:45,aero_1m,2025-12-31 23:59,aero_1m,2024-12-20 19:00,2026-01-01 00:00,active,False,True,0,0,0,0,0.02395,"ung vien rename heuristic (gia 1:1 +-5%, khong co trong danh sach da biet): BONDUSDT->FARTCOINUSDT dt=+4.4d ratio=0.9629",,v1 CLOSES_1H x Binance Vision 1h volume (2026-10-03) + Aerospike kline_1m_opt (phut v>0)
FETUSDT,134,134,2023-01-17 03:00,2026-01-01 00:00,2023-01-17 02:30,aero_1m,2025-12-31 23:59,aero_1m,2023-01-17 03:00,2026-01-01 00:00,active,False,True,0,0,0,0,0.01318,"rename da biet nhung ma moi niem yet ngoai cua so [-3d,+14d]: OCEANUSDT->FETUSDT dt=-525.3d ratio=0.3352 (ratio lech) | rename da biet nhung ma moi niem yet ngoai cua so [-3d,+14d]: AGIXUSDT->FETUSDT dt=-525.3d ratio=0.3381 (ratio lech)",heuristic: OCEANUSDT->FETUSDT dt=-525.3d ratio=0.3352 (ratio lech) | heuristic: AGIXUSDT->FETUSDT dt=-525.3d ratio=0.3381 (ratio lech),v1 CLOSES_1H x Binance Vision 1h volume (2026-10-03) + Aerospike kline_1m_opt (phut v>0)
FFUSDT,538,538,2025-09-29 14:00,2026-01-01 00:00,2025-09-29 13:30,aero_1m,2025-12-31 23:59,aero_1m,2025-09-29 14:00,2026-01-01 00:00,active,False,True,0,0,0,0,0.01974,,,v1 CLOSES_1H x Binance Vision 1h volume (2026-10-03) + Aerospike kline_1m_opt (phut v>0)
FHEUSDT,413,413,2025-04-12 16:00,2026-01-01 00:00,2025-04-12 15:00,aero_1m,2025-12-31 23:59,aero_1m,2025-04-12 16:00,2026-01-01 00:00,active,False,True,0,0,0,0,0.02793,,,v1 CLOSES_1H x Binance Vision 1h volume (2026-10-03) + Aerospike kline_1m_opt (phut v>0)
FIDAUSDT,290,290,2024-09-19 13:00,2026-01-01 00:00,2024-09-19 12:30,aero_1m,2025-12-31 23:59,aero_1m,2024-09-19 13:00,2026-01-01 00:00,active,False,True,0,0,0,0,0.01347,,,v1 CLOSES_1H x Binance Vision 1h volume (2026-10-03) + Aerospike kline_1m_opt (phut v>0)
FILUSDT,45,45,2021-01-01 01:00,2026-01-01 00:00,,"left_censored(<=2021-01-01 00:00, truoc dau du lieu)",2025-12-31 23:59,aero_1m,2021-01-01 01:00,2026-01-01 00:00,active,False,False,0,0,0,0,0.01187,,,v1 CLOSES_1H x Binance Vision 1h volume (2026-10-03) + Aerospike kline_1m_opt (phut v>0)
FIOUSDT,292,292,2024-09-20 12:00,2026-01-01 00:00,2024-09-20 11:30,aero_1m,2025-12-31 23:59,aero_1m,2024-09-20 12:00,2026-01-01 00:00,active,False,True,0,0,0,0,0.01302,,,v1 CLOSES_1H x Binance Vision 1h volume (2026-10-03) + Aerospike kline_1m_opt (phut v>0)
FISUSDT,422,422,2025-04-25 08:00,2026-01-01 00:00,2025-04-25 07:30,aero_1m,2025-12-10 08:59,aero_1m,2025-04-25 08:00,2025-12-10 09:00,delisted,True,True,519,0,0,0,0.01564,,,v1 CLOSES_1H x Binance Vision 1h volume (2026-10-03) + Aerospike kline_1m_opt (phut v>0)
FLMUSDT,72,72,2021-01-01 01:00,2026-01-01 00:00,,"left_censored(<=2021-01-01 00:00, truoc dau du lieu)",2025-11-21 08:59,aero_1m,2021-01-01 01:00,2025-11-21 09:00,delisted,True,False,975,0,0,0,0.01538,,,v1 CLOSES_1H x Binance Vision 1h volume (2026-10-03) + Aerospike kline_1m_opt (phut v>0)
FLOCKUSDT,515,515,2025-09-09 07:00,2026-01-01 00:00,2025-09-09 06:48,aero_1m,2025-12-31 23:59,aero_1m,2025-09-09 07:00,2026-01-01 00:00,active,False,True,0,0,0,0,0.01497,,,v1 CLOSES_1H x Binance Vision 1h volume (2026-10-03) + Aerospike kline_1m_opt (phut v>0)
FLOWUSDT,116,116,2022-02-10 04:00,2026-01-01 00:00,2022-02-10 03:30,aero_1m,2025-12-31 23:59,aero_1m,2022-02-10 04:00,2026-01-01 00:00,active,False,True,0,0,0,0,0.01079,,,v1 CLOSES_1H x Binance Vision 1h volume (2026-10-03) + Aerospike kline_1m_opt (phut v>0)
FLUIDUSDT,530,530,2025-09-24 11:00,2026-01-01 00:00,2025-09-24 10:15,aero_1m,2025-12-31 23:59,aero_1m,2025-09-24 11:00,2026-01-01 00:00,active,False,True,0,0,0,0,0.01374,,,v1 CLOSES_1H x Binance Vision 1h volume (2026-10-03) + Aerospike kline_1m_opt (phut v>0)
FLUXUSDT,279,279,2024-09-03 08:00,2026-01-01 00:00,2024-09-03 07:00,aero_1m,2025-12-31 23:59,aero_1m,2024-09-03 08:00,2026-01-01 00:00,active,False,True,0,0,0,0,0.0139,,,v1 CLOSES_1H x Binance Vision 1h volume (2026-10-03) + Aerospike kline_1m_opt (phut v>0)
FOLKSUSDT,574,574,2025-11-06 13:00,2026-01-01 00:00,2025-11-06 12:30,aero_1m,2025-12-31 23:59,aero_1m,2025-11-06 13:00,2026-01-01 00:00,active,False,True,0,0,0,0,0.04515,,,v1 CLOSES_1H x Binance Vision 1h volume (2026-10-03) + Aerospike kline_1m_opt (phut v>0)
FOOTBALLUSDT,776,776,2022-09-01 04:00,2024-05-28 07:00,2022-09-01 03:00,aero_1m,2024-03-26 08:59,aero_1m,2022-09-01 04:00,2024-03-26 09:00,index,True,False,1510,0,0,0,0.00808,,index Football fan-token,v1 CLOSES_1H x Binance Vision 1h volume (2026-10-03) + Aerospike kline_1m_opt (phut v>0)
FORMUSDT,390,390,2025-03-19 09:00,2026-01-01 00:00,2025-03-19 08:00,aero_1m,2025-12-31 23:59,aero_1m,2025-03-19 09:00,2026-01-01 00:00,renamed_from:BNXUSDT,False,False,0,0,0,0,0.0157,,BinaryX BNX->Four FORM (2025) | heuristic: BNXUSDT->FORMUSDT dt=+2.0d ratio=0.91,v1 CLOSES_1H x Binance Vision 1h volume (2026-10-03) + Aerospike kline_1m_opt (phut v>0)
FORTHUSDT,409,409,2025-04-08 09:00,2026-01-01 00:00,2025-04-08 08:30,aero_1m,2025-12-31 23:59,aero_1m,2025-04-08 09:00,2026-01-01 00:00,active,False,True,0,0,0,0,0.01162,,,v1 CLOSES_1H x Binance Vision 1h volume (2026-10-03) + Aerospike kline_1m_opt (phut v>0)
FRONTUSDT,186,186,2023-09-22 15:00,2024-09-11 00:00,2023-09-22 14:30,aero_1m,2024-08-23 08:59,aero_1m,2023-09-22 15:00,2024-08-23 09:00,delisted,True,True,447,0,0,0,0.01584,,,v1 CLOSES_1H x Binance Vision 1h volume (2026-10-03) + Aerospike kline_1m_opt (phut v>0)
FTMUSDT,55,55,2021-01-01 01:00,2026-01-01 00:00,,"left_censored(<=2021-01-01 00:00, truoc dau du lieu)",2025-01-06 09:00,aero_1m,2021-01-01 01:00,2025-01-06 10:00,renamed_to:SUSDT,True,False,8630,0,0,0,0.01659,,Fantom->Sonic 1:1 (2025-01) | heuristic: FTMUSDT->SUSDT dt=+10.0d ratio=1.023,v1 CLOSES_1H x Binance Vision 1h volume (2026-10-03) + Aerospike kline_1m_opt (phut v>0)
FTTUSDT,782,782,2022-04-15 04:00,2024-04-11 12:00,2022-04-15 03:30,aero_1m,2022-11-14 04:59,vision_1h(phut cuoi gio),2022-04-15 04:00,2022-11-14 04:00,delisted,True,True,12344,0,0,0,0.02004,,,v1 CLOSES_1H x Binance Vision 1h volume (2026-10-03) + Aerospike kline_1m_opt (phut v>0)
FUNUSDT,404,404,2025-03-31 09:00,2026-01-01 00:00,2025-03-31 08:30,aero_1m,2025-12-31 23:59,aero_1m,2025-03-31 09:00,2026-01-01 00:00,active,False,True,0,0,0,0,0.01689,,,v1 CLOSES_1H x Binance Vision 1h volume (2026-10-03) + Aerospike kline_1m_opt (phut v>0)
FUSDT,463,463,2025-06-18 13:00,2026-01-01 00:00,2025-06-18 12:45,aero_1m,2025-12-31 23:59,aero_1m,2025-06-18 13:00,2026-01-01 00:00,active,False,True,0,0,0,0,0.02109,,,v1 CLOSES_1H x Binance Vision 1h volume (2026-10-03) + Aerospike kline_1m_opt (phut v>0)
FXSUSDT,135,135,2023-01-20 04:00,2026-01-01 00:00,2023-01-20 03:00,aero_1m,2025-12-31 23:59,aero_1m,2023-01-20 04:00,2026-01-01 00:00,active,False,True,0,0,0,0,0.01103,,,v1 CLOSES_1H x Binance Vision 1h volume (2026-10-03) + Aerospike kline_1m_opt (phut v>0)
GALAUSDT,105,105,2021-09-18 04:00,2026-01-01 00:00,2021-09-18 03:30,aero_1m,2025-12-31 23:59,aero_1m,2021-09-18 04:00,2026-01-01 00:00,active,False,False,0,0,0,0,0.01373,,,v1 CLOSES_1H x Binance Vision 1h volume (2026-10-03) + Aerospike kline_1m_opt (phut v>0)
GALUSDT,768,768,2022-05-05 15:00,2024-07-30 06:00,2022-05-05 14:00,aero_1m,2024-07-11 09:00,aero_1m,2022-05-05 15:00,2024-07-11 10:00,renamed_to:GUSDT,True,True,452,0,0,0,0.01497,"rename da biet nhung ma moi niem yet ngoai cua so [-3d,+14d]: GALUSDT->GUSDT dt=+35.1d ratio=0.01586",Galxe GAL->Gravity G 1:60 (2024-07) | heuristic: GALUSDT->GUSDT dt=+35.1d ratio=0.01586,v1 CLOSES_1H x Binance Vision 1h volume (2026-10-03) + Aerospike kline_1m_opt (phut v>0)
GASUSDT,196,196,2023-10-25 03:00,2026-01-01 00:00,2023-10-25 02:45,aero_1m,2025-12-31 23:59,aero_1m,2023-10-25 03:00,2026-01-01 00:00,active,False,True,0,0,0,0,0.01207,,,v1 CLOSES_1H x Binance Vision 1h volume (2026-10-03) + Aerospike kline_1m_opt (phut v>0)
GHSTUSDT,293,293,2024-09-23 14:00,2026-01-01 00:00,2024-09-23 13:00,aero_1m,2025-12-31 23:59,aero_1m,2024-09-23 14:00,2026-01-01 00:00,active,False,True,0,0,0,0,0.01081,,,v1 CLOSES_1H x Binance Vision 1h volume (2026-10-03) + Aerospike kline_1m_opt (phut v>0)
GIGGLEUSDT,548,548,2025-10-09 10:00,2026-01-01 00:00,2025-10-09 09:45,aero_1m,2025-12-31 23:59,aero_1m,2025-10-09 10:00,2026-01-01 00:00,active,False,True,0,0,0,0,0.04117,,,v1 CLOSES_1H x Binance Vision 1h volume (2026-10-03) + Aerospike kline_1m_opt (phut v>0)
GLMRUSDT,785,785,2023-09-26 02:00,2024-05-15 09:00,2023-09-26 01:30,aero_1m,2024-05-15 09:59,vision_1h(phut cuoi gio),2023-09-26 02:00,2024-05-15 09:00,delisted,True,True,0,0,0,0,0.01232,,,v1 CLOSES_1H x Binance Vision 1h volume (2026-10-03) + Aerospike kline_1m_opt (phut v>0)
GLMUSDT,238,238,2024-02-22 11:00,2026-01-01 00:00,2024-02-22 10:00,aero_1m,2025-12-31 23:59,aero_1m,2024-02-22 11:00,2026-01-01 00:00,active,False,True,0,0,0,0,0.01194,,,v1 CLOSES_1H x Binance Vision 1h volume (2026-10-03) + Aerospike kline_1m_opt (phut v>0)
GMTUSDT,119,119,2022-03-15 05:00,2026-01-01 00:00,2022-03-15 04:00,aero_1m,2025-12-31 23:59,aero_1m,2022-03-15 05:00,2026-01-01 00:00,active,False,True,0,0,0,0,0.01294,,,v1 CLOSES_1H x Binance Vision 1h volume (2026-10-03) + Aerospike kline_1m_opt (phut v>0)
GMXUSDT,144,144,2023-02-17 15:00,2026-01-01 00:00,2023-02-17 14:30,aero_1m,2025-12-31 23:59,aero_1m,2023-02-17 15:00,2026-01-01 00:00,active,False,True,0,0,0,0,0.01029,,,v1 CLOSES_1H x Binance Vision 1h volume (2026-10-03) + Aerospike kline_1m_opt (phut v>0)
GOATUSDT,302,302,2024-10-24 14:00,2026-01-01 00:00,2024-10-24 13:30,aero_1m,2025-12-31 23:59,aero_1m,2024-10-24 14:00,2026-01-01 00:00,active,False,True,0,0,0,0,0.0184,,,v1 CLOSES_1H x Binance Vision 1h volume (2026-10-03) + Aerospike kline_1m_opt (phut v>0)
GPSUSDT,382,382,2025-02-17 18:00,2026-01-01 00:00,2025-02-17 17:00,aero_1m,2025-12-31 23:59,aero_1m,2025-02-17 18:00,2026-01-01 00:00,active,False,True,0,0,0,0,0.01766,,,v1 CLOSES_1H x Binance Vision 1h volume (2026-10-03) + Aerospike kline_1m_opt (phut v>0)
GRASSUSDT,312,312,2024-11-08 16:00,2026-01-01 00:00,2024-11-08 15:30,aero_1m,2025-12-31 23:59,aero_1m,2024-11-08 16:00,2026-01-01 00:00,active,False,True,0,0,0,0,0.01673,,,v1 CLOSES_1H x Binance Vision 1h volume (2026-10-03) + Aerospike kline_1m_opt (phut v>0)
GRIFFAINUSDT,355,355,2025-01-02 14:00,2026-01-01 00:00,2025-01-02 13:30,aero_1m,2025-12-31 23:59,aero_1m,2025-01-02 14:00,2026-01-01 00:00,active,False,True,0,0,0,0,0.02161,,,v1 CLOSES_1H x Binance Vision 1h volume (2026-10-03) + Aerospike kline_1m_opt (phut v>0)
GRTUSDT,71,71,2021-01-01 01:00,2026-01-01 00:00,,"left_censored(<=2021-01-01 00:00, truoc dau du lieu)",2025-12-31 23:59,aero_1m,2021-01-01 01:00,2026-01-01 00:00,active,False,False,0,0,0,0,0.01326,,,v1 CLOSES_1H x Binance Vision 1h volume (2026-10-03) + Aerospike kline_1m_opt (phut v>0)
GTCUSDT,98,98,2021-06-11 04:00,2026-01-01 00:00,2021-06-11 03:30,aero_1m,2025-12-31 23:59,aero_1m,2021-06-11 04:00,2026-01-01 00:00,active,False,False,0,0,0,0,0.01395,,,v1 CLOSES_1H x Binance Vision 1h volume (2026-10-03) + Aerospike kline_1m_opt (phut v>0)
GUAUSDT,592,592,2025-12-21 11:00,2026-01-01 00:00,2025-12-21 10:15,aero_1m,2025-12-31 23:59,aero_1m,2025-12-21 11:00,2026-01-01 00:00,active,False,True,0,0,0,0,0.02265,,,v1 CLOSES_1H x Binance Vision 1h volume (2026-10-03) + Aerospike kline_1m_opt (phut v>0)
GUNUSDT,406,406,2025-03-31 14:00,2026-01-01 00:00,2025-03-31 13:00,aero_1m,2025-12-31 23:59,aero_1m,2025-03-31 14:00,2026-01-01 00:00,active,False,True,0,0,0,0,0.01491,,,v1 CLOSES_1H x Binance Vision 1h volume (2026-10-03) + Aerospike kline_1m_opt (phut v>0)
GUSDT,265,265,2024-08-15 13:00,2026-01-01 00:00,2024-08-15 12:30,aero_1m,2025-12-31 23:59,aero_1m,2024-08-15 13:00,2026-01-01 00:00,renamed_from:GALUSDT,False,False,0,0,0,0,0.00964,"rename da biet nhung ma moi niem yet ngoai cua so [-3d,+14d]: GALUSDT->GUSDT dt=+35.1d ratio=0.01586",Galxe GAL->Gravity G 1:60 (2024-07) | heuristic: GALUSDT->GUSDT dt=+35.1d ratio=0.01586,v1 CLOSES_1H x Binance Vision 1h volume (2026-10-03) + Aerospike kline_1m_opt (phut v>0)
HAEDALUSDT,428,428,2025-05-01 04:00,2026-01-01 00:00,2025-05-01 03:15,aero_1m,2025-12-31 23:59,aero_1m,2025-05-01 04:00,2026-01-01 00:00,active,False,True,0,0,0,0,0.01585,,,v1 CLOSES_1H x Binance Vision 1h volume (2026-10-03) + Aerospike kline_1m_opt (phut v>0)
HANAUSDT,532,532,2025-09-26 12:00,2026-01-01 00:00,2025-09-26 11:30,aero_1m,2025-12-31 23:59,aero_1m,2025-09-26 12:00,2026-01-01 00:00,active,False,True,0,0,0,0,0.03198,"ung vien rename heuristic (gia 1:1 +-5%, khong co trong danh sach da biet): UXLINKUSDT->HANAUSDT dt=+0.1d ratio=1.022 | niem yet 2h sau khi UXLINK dung, gia ~1:1 — trung hop (UXLINK bi hack/delist), khong phai rename",,v1 CLOSES_1H x Binance Vision 1h volume (2026-10-03) + Aerospike kline_1m_opt (phut v>0)
HBARUSDT,86,86,2021-03-17 08:00,2026-01-01 00:00,2021-03-17 07:00,aero_1m,2025-12-31 23:59,aero_1m,2021-03-17 08:00,2026-01-01 00:00,active,False,False,0,0,0,0,0.01199,,,v1 CLOSES_1H x Binance Vision 1h volume (2026-10-03) + Aerospike kline_1m_opt (phut v>0)
HEIUSDT,379,379,2025-02-13 10:00,2026-01-01 00:00,2025-02-13 09:00,aero_1m,2025-12-31 23:59,aero_1m,2025-02-13 10:00,2026-01-01 00:00,active,False,True,0,0,0,0,0.01529,,,v1 CLOSES_1H x Binance Vision 1h volume (2026-10-03) + Aerospike kline_1m_opt (phut v>0)
HEMIUSDT,508,508,2025-08-29 05:00,2026-01-01 00:00,2025-08-29 04:30,aero_1m,2025-12-31 23:59,aero_1m,2025-08-29 05:00,2026-01-01 00:00,active,False,True,0,0,0,0,0.02437,,,v1 CLOSES_1H x Binance Vision 1h volume (2026-10-03) + Aerospike kline_1m_opt (phut v>0)
HFTUSDT,161,161,2023-04-06 13:00,2026-01-01 00:00,2023-04-06 12:00,aero_1m,2025-12-31 23:59,aero_1m,2023-04-06 13:00,2026-01-01 00:00,active,False,True,0,0,0,0,0.01221,,,v1 CLOSES_1H x Binance Vision 1h volume (2026-10-03) + Aerospike kline_1m_opt (phut v>0)
HIFIUSDT,184,184,2023-09-16 15:00,2026-01-01 00:00,2023-09-16 14:30,aero_1m,2025-10-03 09:00,aero_1m,2023-09-16 15:00,2025-10-03 10:00,delisted,True,True,2150,0,0,0,0.01831,,,v1 CLOSES_1H x Binance Vision 1h volume (2026-10-03) + Aerospike kline_1m_opt (phut v>0)
HIGHUSDT,139,139,2023-02-07 03:00,2026-01-01 00:00,2023-02-07 02:30,aero_1m,2025-12-31 23:59,aero_1m,2023-02-07 03:00,2026-01-01 00:00,active,False,True,0,0,0,0,0.01296,,,v1 CLOSES_1H x Binance Vision 1h volume (2026-10-03) + Aerospike kline_1m_opt (phut v>0)
HIPPOUSDT,318,318,2024-11-13 13:00,2026-01-01 00:00,2024-11-13 12:30,aero_1m,2025-12-31 23:59,aero_1m,2024-11-13 13:00,2026-01-01 00:00,active,False,True,0,0,0,0,0.02955,,,v1 CLOSES_1H x Binance Vision 1h volume (2026-10-03) + Aerospike kline_1m_opt (phut v>0)
HIVEUSDT,351,351,2024-12-23 12:00,2026-01-01 00:00,2024-12-23 11:30,aero_1m,2025-12-31 23:59,aero_1m,2024-12-23 12:00,2026-01-01 00:00,active,False,True,0,0,0,0,0.0109,,,v1 CLOSES_1H x Binance Vision 1h volume (2026-10-03) + Aerospike kline_1m_opt (phut v>0)
HMSTRUSDT,295,295,2024-09-26 13:00,2026-01-01 00:00,2024-09-26 12:30,aero_1m,2025-12-31 23:59,aero_1m,2024-09-26 13:00,2026-01-01 00:00,active,False,True,0,0,0,0,0.01441,,,v1 CLOSES_1H x Binance Vision 1h volume (2026-10-03) + Aerospike kline_1m_opt (phut v>0)
HNTUSDT,764,764,2021-01-01 01:00,2024-05-28 07:00,,"left_censored(<=2021-01-01 00:00, truoc dau du lieu)",2023-03-20 09:00,aero_1m,2021-01-01 01:00,2023-03-20 10:00,delisted,True,False,10437,0,0,0,0.01645,,,v1 CLOSES_1H x Binance Vision 1h volume (2026-10-03) + Aerospike kline_1m_opt (phut v>0)
HOLOUSDT,518,518,2025-09-11 13:00,2026-01-01 00:00,2025-09-11 12:00,aero_1m,2025-12-31 23:59,aero_1m,2025-09-11 13:00,2026-01-01 00:00,active,False,True,0,0,0,0,0.01503,,,v1 CLOSES_1H x Binance Vision 1h volume (2026-10-03) + Aerospike kline_1m_opt (phut v>0)
HOMEUSDT,456,456,2025-06-10 12:00,2026-01-01 00:00,2025-06-10 11:30,aero_1m,2025-12-31 23:59,aero_1m,2025-06-10 12:00,2026-01-01 00:00,active,False,True,0,0,0,0,0.01395,,,v1 CLOSES_1H x Binance Vision 1h volume (2026-10-03) + Aerospike kline_1m_opt (phut v>0)
HOOKUSDT,136,136,2023-01-23 04:00,2026-01-01 00:00,2023-01-23 03:00,aero_1m,2025-12-31 23:59,aero_1m,2023-01-23 04:00,2026-01-01 00:00,active,False,True,0,0,0,0,0.01316,,,v1 CLOSES_1H x Binance Vision 1h volume (2026-10-03) + Aerospike kline_1m_opt (phut v>0)
HOTUSDT,92,92,2021-03-30 08:00,2026-01-01 00:00,2021-03-30 07:00,aero_1m,2025-12-31 23:59,aero_1m,2021-03-30 08:00,2026-01-01 00:00,active,False,False,0,0,0,0,0.01246,,,v1 CLOSES_1H x Binance Vision 1h volume (2026-10-03) + Aerospike kline_1m_opt (phut v>0)
HUMAUSDT,445,445,2025-05-26 14:00,2026-01-01 00:00,2025-05-26 13:00,aero_1m,2025-12-31 23:59,aero_1m,2025-05-26 14:00,2026-01-01 00:00,active,False,True,0,0,0,0,0.01291,,,v1 CLOSES_1H x Binance Vision 1h volume (2026-10-03) + Aerospike kline_1m_opt (phut v>0)
HUSDT,466,466,2025-06-25 10:00,2026-01-01 00:00,2025-06-25 09:30,aero_1m,2025-12-31 23:59,aero_1m,2025-06-25 10:00,2026-01-01 00:00,active,False,True,0,0,0,0,0.02961,,,v1 CLOSES_1H x Binance Vision 1h volume (2026-10-03) + Aerospike kline_1m_opt (phut v>0)
HYPERUSDT,420,420,2025-04-22 14:00,2026-01-01 00:00,2025-04-22 13:00,aero_1m,2025-12-31 23:59,aero_1m,2025-04-22 14:00,2026-01-01 00:00,active,False,True,0,0,0,0,0.01843,,,v1 CLOSES_1H x Binance Vision 1h volume (2026-10-03) + Aerospike kline_1m_opt (phut v>0)
HYPEUSDT,449,449,2025-05-30 11:00,2026-01-01 00:00,2025-05-30 10:30,aero_1m,2025-12-31 23:59,aero_1m,2025-05-30 11:00,2026-01-01 00:00,active,False,True,0,0,0,0,0.01109,,,v1 CLOSES_1H x Binance Vision 1h volume (2026-10-03) + Aerospike kline_1m_opt (phut v>0)
ICNTUSDT,469,469,2025-07-03 14:00,2026-01-01 00:00,2025-07-03 13:00,aero_1m,2025-12-31 23:59,aero_1m,2025-07-03 14:00,2026-01-01 00:00,active,False,True,0,0,0,0,0.02283,,,v1 CLOSES_1H x Binance Vision 1h volume (2026-10-03) + Aerospike kline_1m_opt (phut v>0)
ICPUSDT,131,131,2022-09-27 03:00,2026-01-01 00:00,2021-05-11 03:00,vision_1h(open gio),2025-12-31 23:59,aero_1m,2022-09-27 03:00,2026-01-01 00:00,relist,False,False,0,0,0,0,0.01081,v1 THIEU dau doi: Vision co gio that tu 2021-05-11 04:00 (v1 tu 2022-09-27 03:00) -> first_ts v1 khong phai listing,gap khong giao dich Vision 2022-06-10 10:00..2022-09-27 03:00 (2609h),v1 CLOSES_1H x Binance Vision 1h volume (2026-10-03) + Aerospike kline_1m_opt (phut v>0)
ICXUSDT,52,52,2021-01-01 01:00,2026-01-01 00:00,,"left_censored(<=2021-01-01 00:00, truoc dau du lieu)",2025-12-31 23:59,aero_1m,2021-01-01 01:00,2026-01-01 00:00,active,False,False,0,0,0,0,0.01249,,,v1 CLOSES_1H x Binance Vision 1h volume (2026-10-03) + Aerospike kline_1m_opt (phut v>0)
IDEXUSDT,787,787,2023-05-03 13:00,2024-05-15 09:00,2023-05-03 12:00,aero_1m,2024-05-15 09:59,vision_1h(phut cuoi gio),2023-05-03 13:00,2024-05-15 09:00,delisted,True,True,0,0,0,0,0.01084,,,v1 CLOSES_1H x Binance Vision 1h volume (2026-10-03) + Aerospike kline_1m_opt (phut v>0)
IDOLUSDT,471,471,2025-07-04 10:00,2026-01-01 00:00,2025-07-04 09:15,aero_1m,2025-12-31 23:59,aero_1m,2025-07-04 10:00,2026-01-01 00:00,active,False,True,0,0,0,0,0.01838,,,v1 CLOSES_1H x Binance Vision 1h volume (2026-10-03) + Aerospike kline_1m_opt (phut v>0)
IDUSDT,154,154,2023-03-23 15:00,2026-01-01 00:00,2023-03-23 14:30,aero_1m,2025-12-31 23:59,aero_1m,2023-03-23 15:00,2026-01-01 00:00,active,False,True,0,0,0,0,0.01205,,,v1 CLOSES_1H x Binance Vision 1h volume (2026-10-03) + Aerospike kline_1m_opt (phut v>0)
ILVUSDT,206,206,2023-11-10 17:00,2026-01-01 00:00,2023-11-10 16:30,aero_1m,2025-12-31 23:59,aero_1m,2023-11-10 17:00,2026-01-01 00:00,active,False,True,0,0,0,0,0.01182,,,v1 CLOSES_1H x Binance Vision 1h volume (2026-10-03) + Aerospike kline_1m_opt (phut v>0)
IMXUSDT,117,117,2022-02-11 04:00,2026-01-01 00:00,2022-02-11 03:31,aero_1m,2025-12-31 23:59,aero_1m,2022-02-11 04:00,2026-01-01 00:00,active,False,True,0,0,0,0,0.01259,,,v1 CLOSES_1H x Binance Vision 1h volume (2026-10-03) + Aerospike kline_1m_opt (phut v>0)
INITUSDT,416,416,2025-04-16 07:00,2026-01-01 00:00,2025-04-16 06:30,aero_1m,2025-12-31 23:59,aero_1m,2025-04-16 07:00,2026-01-01 00:00,active,False,True,0,0,0,0,0.01627,,,v1 CLOSES_1H x Binance Vision 1h volume (2026-10-03) + Aerospike kline_1m_opt (phut v>0)
INJUSDT,125,125,2022-08-17 03:00,2026-01-01 00:00,2022-08-17 02:45,aero_1m,2025-12-31 23:59,aero_1m,2022-08-17 03:00,2026-01-01 00:00,active,False,True,0,0,0,0,0.01254,,,v1 CLOSES_1H x Binance Vision 1h volume (2026-10-03) + Aerospike kline_1m_opt (phut v>0)
INUSDT,493,493,2025-08-07 11:00,2026-01-01 00:00,2025-08-07 10:30,aero_1m,2025-12-31 23:58,aero_1m,2025-08-07 11:00,2026-01-01 00:00,active,False,True,0,0,0,0,0.02404,,,v1 CLOSES_1H x Binance Vision 1h volume (2026-10-03) + Aerospike kline_1m_opt (phut v>0)
IOSTUSDT,18,18,2021-01-01 01:00,2026-01-01 00:00,,"left_censored(<=2021-01-01 00:00, truoc dau du lieu)",2025-12-31 23:59,aero_1m,2021-01-01 01:00,2026-01-01 00:00,active,False,False,0,0,0,0,0.01223,,,v1 CLOSES_1H x Binance Vision 1h volume (2026-10-03) + Aerospike kline_1m_opt (phut v>0)
IOTAUSDT,13,13,2021-01-01 01:00,2026-01-01 00:00,,"left_censored(<=2021-01-01 00:00, truoc dau du lieu)",2025-12-31 23:59,aero_1m,2021-01-01 01:00,2026-01-01 00:00,active,False,False,0,0,0,0,0.01226,,,v1 CLOSES_1H x Binance Vision 1h volume (2026-10-03) + Aerospike kline_1m_opt (phut v>0)
IOTXUSDT,99,99,2021-08-12 04:00,2026-01-01 00:00,2021-08-12 03:30,aero_1m,2025-12-31 23:59,aero_1m,2021-08-12 04:00,2026-01-01 00:00,active,False,False,0,0,0,0,0.01276,,,v1 CLOSES_1H x Binance Vision 1h volume (2026-10-03) + Aerospike kline_1m_opt (phut v>0)
IOUSDT,258,258,2024-06-11 15:00,2026-01-01 00:00,2024-06-11 14:00,aero_1m,2025-12-31 23:59,aero_1m,2024-06-11 15:00,2026-01-01 00:00,active,False,True,0,0,0,0,0.01443,,,v1 CLOSES_1H x Binance Vision 1h volume (2026-10-03) + Aerospike kline_1m_opt (phut v>0)
IPUSDT,381,381,2025-02-13 18:00,2026-01-01 00:00,2025-02-13 17:00,aero_1m,2025-12-31 23:59,aero_1m,2025-02-13 18:00,2026-01-01 00:00,active,False,True,0,0,0,0,0.01722,,,v1 CLOSES_1H x Binance Vision 1h volume (2026-10-03) + Aerospike kline_1m_opt (phut v>0)
IRUSDT,593,593,2025-12-21 11:00,2026-01-01 00:00,2025-12-21 10:30,aero_1m,2025-12-31 23:59,aero_1m,2025-12-21 11:00,2026-01-01 00:00,active,False,True,0,0,0,0,0.02836,,,v1 CLOSES_1H x Binance Vision 1h volume (2026-10-03) + Aerospike kline_1m_opt (phut v>0)
IRYSUSDT,582,582,2025-11-26 17:00,2026-01-01 00:00,2025-11-26 16:00,aero_1m,2025-12-31 23:59,aero_1m,2025-11-26 17:00,2026-01-01 00:00,active,False,True,0,0,0,0,0.02235,,,v1 CLOSES_1H x Binance Vision 1h volume (2026-10-03) + Aerospike kline_1m_opt (phut v>0)
JASMYUSDT,122,122,2022-04-20 04:00,2026-01-01 00:00,2022-04-20 03:30,aero_1m,2025-12-31 23:59,aero_1m,2022-04-20 04:00,2026-01-01 00:00,active,False,True,0,0,0,0,0.01322,,,v1 CLOSES_1H x Binance Vision 1h volume (2026-10-03) + Aerospike kline_1m_opt (phut v>0)
JCTUSDT,575,575,2025-11-10 11:00,2026-01-01 00:00,2025-11-10 10:30,aero_1m,2025-12-31 23:59,aero_1m,2025-11-10 11:00,2026-01-01 00:00,active,False,True,0,0,0,0,0.03197,,,v1 CLOSES_1H x Binance Vision 1h volume (2026-10-03) + Aerospike kline_1m_opt (phut v>0)
JELLYJELLYUSDT,401,401,2025-03-26 17:00,2026-01-01 00:00,2025-03-26 16:00,aero_1m,2025-12-31 23:59,aero_1m,2025-03-26 17:00,2026-01-01 00:00,active,False,True,0,0,0,0,0.02846,,,v1 CLOSES_1H x Binance Vision 1h volume (2026-10-03) + Aerospike kline_1m_opt (phut v>0)
JOEUSDT,156,156,2023-03-29 13:00,2026-01-01 00:00,2023-03-29 12:12,aero_1m,2025-12-31 23:59,aero_1m,2023-03-29 13:00,2026-01-01 00:00,active,False,True,0,0,0,0,0.01171,,,v1 CLOSES_1H x Binance Vision 1h volume (2026-10-03) + Aerospike kline_1m_opt (phut v>0)
JSTUSDT,423,423,2025-04-28 10:00,2026-01-01 00:00,2025-04-28 09:30,aero_1m,2025-12-31 23:59,aero_1m,2025-04-28 10:00,2026-01-01 00:00,active,False,True,0,0,0,0,0.00523,,,v1 CLOSES_1H x Binance Vision 1h volume (2026-10-03) + Aerospike kline_1m_opt (phut v>0)
JTOUSDT,216,216,2023-12-08 11:00,2026-01-01 00:00,2023-12-08 10:01,aero_1m,2025-12-31 23:59,aero_1m,2023-12-08 11:00,2026-01-01 00:00,active,False,True,0,0,0,0,0.01391,,,v1 CLOSES_1H x Binance Vision 1h volume (2026-10-03) + Aerospike kline_1m_opt (phut v>0)
JUPUSDT,230,230,2024-01-31 19:00,2026-01-01 00:00,2024-01-31 18:30,aero_1m,2025-12-31 23:59,aero_1m,2024-01-31 19:00,2026-01-01 00:00,active,False,True,0,0,0,0,0.01299,,,v1 CLOSES_1H x Binance Vision 1h volume (2026-10-03) + Aerospike kline_1m_opt (phut v>0)
KAIAUSDT,329,329,2024-12-04 15:00,2026-01-01 00:00,2024-12-04 14:00,aero_1m,2025-12-31 23:58,aero_1m,2024-12-04 15:00,2026-01-01 00:00,renamed_from:KLAYUSDT,False,False,0,0,0,0,0.00996,"rename da biet nhung ma moi niem yet ngoai cua so [-3d,+14d]: KLAYUSDT->KAIAUSDT dt=+43.2d ratio=2.928 (ratio lech)",Klaytn->Kaia 1:1 (2024-10) | heuristic: KLAYUSDT->KAIAUSDT dt=+43.2d ratio=2.928 (ratio lech),v1 CLOSES_1H x Binance Vision 1h volume (2026-10-03) + Aerospike kline_1m_opt (phut v>0)
KAITOUSDT,384,384,2025-02-20 14:00,2026-01-01 00:00,2025-02-20 13:00,aero_1m,2025-12-31 23:59,aero_1m,2025-02-20 14:00,2026-01-01 00:00,active,False,True,0,0,0,0,0.01505,,,v1 CLOSES_1H x Binance Vision 1h volume (2026-10-03) + Aerospike kline_1m_opt (phut v>0)
KASUSDT,208,208,2023-11-17 03:00,2026-01-01 00:00,2023-11-17 02:00,aero_1m,2025-12-31 23:59,aero_1m,2023-11-17 03:00,2026-01-01 00:00,active,False,True,0,0,0,0,0.01199,,,v1 CLOSES_1H x Binance Vision 1h volume (2026-10-03) + Aerospike kline_1m_opt (phut v>0)
KAVAUSDT,41,41,2021-01-01 01:00,2026-01-01 00:00,,"left_censored(<=2021-01-01 00:00, truoc dau du lieu)",2025-12-31 23:59,aero_1m,2021-01-01 01:00,2026-01-01 00:00,active,False,False,0,0,0,0,0.01282,,,v1 CLOSES_1H x Binance Vision 1h volume (2026-10-03) + Aerospike kline_1m_opt (phut v>0)
KDAUSDT,289,289,2024-09-18 14:00,2026-01-01 00:00,2024-09-18 13:30,aero_1m,2025-11-06 09:01,aero_1m,2024-09-18 14:00,2025-11-06 10:00,delisted,True,True,1334,0,0,0,0.01583,,,v1 CLOSES_1H x Binance Vision 1h volume (2026-10-03) + Aerospike kline_1m_opt (phut v>0)
KEEPUSDT,775,775,2021-06-22 04:00,2022-02-15 02:00,2021-06-22 03:30,aero_1m,2022-02-15 02:59,vision_1h(phut cuoi gio),2021-06-22 04:00,2022-02-15 02:00,renamed_to:TUSDT,True,False,0,0,0,0,0.01823,"rename da biet nhung ma moi niem yet ngoai cua so [-3d,+14d]: KEEPUSDT->TUSDT dt=+351.5d ratio=0.07941 (ratio lech)",NU+KEEP merge -> Threshold T (2022) | heuristic: KEEPUSDT->TUSDT dt=+351.5d ratio=0.07941 (ratio lech),v1 CLOSES_1H x Binance Vision 1h volume (2026-10-03) + Aerospike kline_1m_opt (phut v>0)
KERNELUSDT,414,414,2025-04-14 13:00,2026-01-01 00:00,2025-04-14 12:00,aero_1m,2025-12-31 23:59,aero_1m,2025-04-14 13:00,2026-01-01 00:00,active,False,True,0,0,0,0,0.01709,,,v1 CLOSES_1H x Binance Vision 1h volume (2026-10-03) + Aerospike kline_1m_opt (phut v>0)
KEYUSDT,169,169,2023-05-24 13:00,2026-01-01 00:00,2023-05-24 12:00,aero_1m,2024-12-03 08:59,aero_1m,2023-05-24 13:00,2024-12-03 09:00,delisted,True,True,9447,0,0,0,0.0125,,,v1 CLOSES_1H x Binance Vision 1h volume (2026-10-03) + Aerospike kline_1m_opt (phut v>0)
KGENUSDT,546,546,2025-10-07 15:00,2026-01-01 00:00,2025-10-07 14:30,aero_1m,2025-12-31 23:59,aero_1m,2025-10-07 15:00,2026-01-01 00:00,active,False,True,0,0,0,0,0.03598,,,v1 CLOSES_1H x Binance Vision 1h volume (2026-10-03) + Aerospike kline_1m_opt (phut v>0)
KITEUSDT,567,567,2025-10-29 11:00,2026-01-01 00:00,2025-10-29 10:30,aero_1m,2025-12-31 23:59,aero_1m,2025-10-29 11:00,2026-01-01 00:00,active,False,True,0,0,0,0,0.02186,,,v1 CLOSES_1H x Binance Vision 1h volume (2026-10-03) + Aerospike kline_1m_opt (phut v>0)
KLAYUSDT,108,108,2021-10-12 04:00,2026-01-01 00:00,2021-10-12 03:30,aero_1m,2024-10-22 08:59,aero_1m,2021-10-12 04:00,2024-10-22 09:00,renamed_to:KAIAUSDT,True,False,10455,0,0,0,0.00934,"rename da biet nhung ma moi niem yet ngoai cua so [-3d,+14d]: KLAYUSDT->KAIAUSDT dt=+43.2d ratio=2.928 (ratio lech)",Klaytn->Kaia 1:1 (2024-10) | heuristic: KLAYUSDT->KAIAUSDT dt=+43.2d ratio=2.928 (ratio lech),v1 CLOSES_1H x Binance Vision 1h volume (2026-10-03) + Aerospike kline_1m_opt (phut v>0)
KMNOUSDT,349,349,2024-12-20 20:00,2026-01-01 00:00,2024-12-20 19:00,aero_1m,2025-12-31 23:59,aero_1m,2024-12-20 20:00,2026-01-01 00:00,active,False,True,0,0,0,0,0.01313,,,v1 CLOSES_1H x Binance Vision 1h volume (2026-10-03) + Aerospike kline_1m_opt (phut v>0)
KNCUSDT,7,7,2021-01-01 01:00,2026-01-01 00:00,,"left_censored(<=2021-01-01 00:00, truoc dau du lieu)",2025-12-31 23:58,aero_1m,2021-01-01 01:00,2026-01-01 00:00,active,False,False,0,0,0,0,0.01273,,,v1 CLOSES_1H x Binance Vision 1h volume (2026-10-03) + Aerospike kline_1m_opt (phut v>0)
KOMAUSDT,335,335,2024-12-10 13:00,2026-01-01 00:00,2024-12-10 12:15,aero_1m,2025-12-31 23:59,aero_1m,2024-12-10 13:00,2026-01-01 00:00,active,False,True,0,0,0,0,0.01976,,,v1 CLOSES_1H x Binance Vision 1h volume (2026-10-03) + Aerospike kline_1m_opt (phut v>0)
KSMUSDT,64,64,2021-01-01 01:00,2026-01-01 00:00,,"left_censored(<=2021-01-01 00:00, truoc dau du lieu)",2025-12-31 23:59,aero_1m,2021-01-01 01:00,2026-01-01 00:00,active,False,False,0,0,0,0,0.01283,,,v1 CLOSES_1H x Binance Vision 1h volume (2026-10-03) + Aerospike kline_1m_opt (phut v>0)
LABUSDT,557,557,2025-10-17 15:00,2026-01-01 00:00,2025-10-17 14:30,aero_1m,2025-12-31 23:59,aero_1m,2025-10-17 15:00,2026-01-01 00:00,active,False,True,0,0,0,0,0.036,,,v1 CLOSES_1H x Binance Vision 1h volume (2026-10-03) + Aerospike kline_1m_opt (phut v>0)
LAUSDT,454,454,2025-06-05 10:00,2026-01-01 00:00,2025-06-05 09:00,aero_1m,2025-12-31 23:59,aero_1m,2025-06-05 10:00,2026-01-01 00:00,active,False,True,0,0,0,0,0.01602,,,v1 CLOSES_1H x Binance Vision 1h volume (2026-10-03) + Aerospike kline_1m_opt (phut v>0)
LAYERUSDT,378,378,2025-02-11 16:00,2026-01-01 00:00,2025-02-11 15:45,aero_1m,2025-12-31 23:59,aero_1m,2025-02-11 16:00,2026-01-01 00:00,active,False,True,0,0,0,0,0.01444,,,v1 CLOSES_1H x Binance Vision 1h volume (2026-10-03) + Aerospike kline_1m_opt (phut v>0)
LDOUSDT,130,130,2022-09-22 13:00,2026-01-01 00:00,2022-09-22 12:00,aero_1m,2025-12-31 23:59,aero_1m,2022-09-22 13:00,2026-01-01 00:00,active,False,True,0,0,0,0,0.01243,,,v1 CLOSES_1H x Binance Vision 1h volume (2026-10-03) + Aerospike kline_1m_opt (phut v>0)
LEVERUSDT,158,158,2023-03-30 13:00,2026-01-01 00:00,2023-03-30 12:15,aero_1m,2025-09-03 08:59,aero_1m,2023-03-30 13:00,2025-09-03 09:00,delisted,True,True,2871,0,0,0,0.0159,,,v1 CLOSES_1H x Binance Vision 1h volume (2026-10-03) + Aerospike kline_1m_opt (phut v>0)
LIGHTUSDT,536,536,2025-09-27 12:00,2026-01-01 00:00,2025-09-27 11:30,aero_1m,2025-12-31 23:59,aero_1m,2025-09-27 12:00,2026-01-01 00:00,active,False,True,0,0,0,0,0.04735,,,v1 CLOSES_1H x Binance Vision 1h volume (2026-10-03) + Aerospike kline_1m_opt (phut v>0)
LINAUSDT,88,88,2021-03-19 08:00,2026-01-01 00:00,2021-03-19 07:00,aero_1m,2025-03-27 09:01,aero_1m,2021-03-19 08:00,2025-03-27 10:00,delisted,True,False,6710,0,0,0,0.01498,,,v1 CLOSES_1H x Binance Vision 1h volume (2026-10-03) + Aerospike kline_1m_opt (phut v>0)
LINEAUSDT,509,509,2025-09-01 09:00,2026-01-01 00:00,2025-09-01 08:30,aero_1m,2025-12-31 23:59,aero_1m,2025-09-01 09:00,2026-01-01 00:00,active,False,True,0,0,0,0,0.01567,,,v1 CLOSES_1H x Binance Vision 1h volume (2026-10-03) + Aerospike kline_1m_opt (phut v>0)
LINKUSDT,44,44,2021-01-01 01:00,2026-01-01 00:00,,"left_censored(<=2021-01-01 00:00, truoc dau du lieu)",2025-12-31 23:59,aero_1m,2021-01-01 01:00,2026-01-01 00:00,active,False,False,0,0,0,0,0.01121,,,v1 CLOSES_1H x Binance Vision 1h volume (2026-10-03) + Aerospike kline_1m_opt (phut v>0)
LISTAUSDT,261,261,2024-06-20 13:00,2026-01-01 00:00,2024-06-20 12:30,aero_1m,2025-12-31 23:59,aero_1m,2024-06-20 13:00,2026-01-01 00:00,active,False,True,0,0,0,0,0.01612,,,v1 CLOSES_1H x Binance Vision 1h volume (2026-10-03) + Aerospike kline_1m_opt (phut v>0)
LITUSDT,76,76,2021-02-18 08:00,2026-01-01 00:00,2021-02-18 07:00,aero_1m,2025-12-31 23:59,aero_1m,2021-02-18 08:00,2026-01-01 00:00,relist,False,False,0,1,7719,0,0.01493,,"gap khong giao dich v1 2025-01-31 10:00..2025-12-19 00:00 (7719h), Vision 2025-01-31 09:00..2025-12-23 18:00 (7833h)",v1 CLOSES_1H x Binance Vision 1h volume (2026-10-03) + Aerospike kline_1m_opt (phut v>0)
LOKAUSDT,294,294,2024-09-24 12:00,2026-01-01 00:00,2024-09-24 11:30,aero_1m,2025-07-21 08:59,aero_1m,2024-09-24 12:00,2025-07-21 09:00,delisted,True,True,3927,0,0,0,0.0143,,,v1 CLOSES_1H x Binance Vision 1h volume (2026-10-03) + Aerospike kline_1m_opt (phut v>0)
LOOMUSDT,188,188,2023-10-11 15:00,2026-01-01 00:00,2023-10-11 14:30,aero_1m,2024-12-09 08:59,aero_1m,2023-10-11 15:00,2024-12-09 09:00,delisted,True,True,9303,0,0,0,0.01248,,,v1 CLOSES_1H x Binance Vision 1h volume (2026-10-03) + Aerospike kline_1m_opt (phut v>0)
LPTUSDT,111,111,2021-11-11 04:00,2026-01-01 00:00,2021-11-11 03:30,aero_1m,2025-12-31 23:59,aero_1m,2021-11-11 04:00,2026-01-01 00:00,active,False,False,0,0,0,0,0.01346,,,v1 CLOSES_1H x Binance Vision 1h volume (2026-10-03) + Aerospike kline_1m_opt (phut v>0)
LQTYUSDT,153,153,2023-03-10 13:00,2026-01-01 00:00,2023-03-10 12:00,aero_1m,2025-12-31 23:59,aero_1m,2023-03-10 13:00,2026-01-01 00:00,active,False,True,0,0,0,0,0.01283,,,v1 CLOSES_1H x Binance Vision 1h volume (2026-10-03) + Aerospike kline_1m_opt (phut v>0)
LRCUSDT,31,31,2021-01-01 01:00,2026-01-01 00:00,,"left_censored(<=2021-01-01 00:00, truoc dau du lieu)",2025-12-31 23:59,aero_1m,2021-01-01 01:00,2026-01-01 00:00,active,False,False,0,0,0,0,0.0137,,,v1 CLOSES_1H x Binance Vision 1h volume (2026-10-03) + Aerospike kline_1m_opt (phut v>0)
LSKUSDT,229,229,2024-01-25 15:00,2026-01-01 00:00,2024-01-25 14:15,aero_1m,2025-12-31 23:59,aero_1m,2024-01-25 15:00,2026-01-01 00:00,active,False,True,0,0,0,0,0.01128,,,v1 CLOSES_1H x Binance Vision 1h volume (2026-10-03) + Aerospike kline_1m_opt (phut v>0)
LTCUSDT,57,57,2021-01-01 01:00,2026-01-01 00:00,,"left_censored(<=2021-01-01 00:00, truoc dau du lieu)",2025-12-31 23:59,aero_1m,2021-01-01 01:00,2026-01-01 00:00,active,False,False,0,0,0,0,0.01002,,,v1 CLOSES_1H x Binance Vision 1h volume (2026-10-03) + Aerospike kline_1m_opt (phut v>0)
LUMIAUSDT,345,345,2024-12-18 12:00,2026-01-01 00:00,2024-12-18 11:30,aero_1m,2025-12-31 23:59,aero_1m,2024-12-18 12:00,2026-01-01 00:00,active,False,True,0,0,0,0,0.01431,,,v1 CLOSES_1H x Binance Vision 1h volume (2026-10-03) + Aerospike kline_1m_opt (phut v>0)
LUNA2USDT,129,129,2022-09-10 04:00,2026-01-01 00:00,2022-09-10 03:00,aero_1m,2025-12-31 23:59,aero_1m,2022-09-10 04:00,2026-01-01 00:00,active,False,True,0,0,0,0,0.01334,Terra 2.0 (chain moi sau sap LUNA 2022-05) — giu active/listing; prior auditor khong xep nhiem,,v1 CLOSES_1H x Binance Vision 1h volume (2026-10-03) + Aerospike kline_1m_opt (phut v>0)
LUNAUSDT,760,760,2021-01-28 08:00,2022-05-13 06:00,2021-01-28 07:00,aero_1m,2022-05-12 15:32,aero_1m,2021-01-28 08:00,2022-05-12 16:00,delisted,True,False,14,0,0,0,0.03652,,,v1 CLOSES_1H x Binance Vision 1h volume (2026-10-03) + Aerospike kline_1m_opt (phut v>0)
LYNUSDT,545,545,2025-10-06 08:00,2026-01-01 00:00,2025-10-06 07:30,aero_1m,2025-12-31 23:59,aero_1m,2025-10-06 08:00,2026-01-01 00:00,active,False,True,0,0,0,0,0.0268,,,v1 CLOSES_1H x Binance Vision 1h volume (2026-10-03) + Aerospike kline_1m_opt (phut v>0)
MAGICUSDT,137,137,2023-01-25 04:00,2026-01-01 00:00,2023-01-25 03:00,aero_1m,2025-12-31 23:59,aero_1m,2023-01-25 04:00,2026-01-01 00:00,active,False,True,0,0,0,0,0.01377,,,v1 CLOSES_1H x Binance Vision 1h volume (2026-10-03) + Aerospike kline_1m_opt (phut v>0)
MAGMAUSDT,596,596,2025-12-31 14:00,2026-01-01 00:00,2025-12-31 13:30,aero_1m,2025-12-31 23:59,aero_1m,2025-12-31 14:00,2026-01-01 00:00,active,False,False,0,0,0,0,,,,v1 CLOSES_1H x Binance Vision 1h volume (2026-10-03) + Aerospike kline_1m_opt (phut v>0)
MANAUSDT,84,84,2021-03-15 08:00,2026-01-01 00:00,2021-03-15 07:00,aero_1m,2025-12-31 23:59,aero_1m,2021-03-15 08:00,2026-01-01 00:00,active,False,False,0,0,0,0,0.0127,,,v1 CLOSES_1H x Binance Vision 1h volume (2026-10-03) + Aerospike kline_1m_opt (phut v>0)
MANTAUSDT,225,225,2024-01-18 15:00,2026-01-01 00:00,2024-01-18 14:00,aero_1m,2025-12-31 23:59,aero_1m,2024-01-18 15:00,2026-01-01 00:00,active,False,True,0,0,0,0,0.0133,,,v1 CLOSES_1H x Binance Vision 1h volume (2026-10-03) + Aerospike kline_1m_opt (phut v>0)
MASKUSDT,101,101,2021-08-27 04:00,2026-01-01 00:00,2021-08-27 03:30,aero_1m,2025-12-31 23:59,aero_1m,2021-08-27 04:00,2026-01-01 00:00,active,False,False,0,0,0,0,0.01409,,,v1 CLOSES_1H x Binance Vision 1h volume (2026-10-03) + Aerospike kline_1m_opt (phut v>0)
MATICUSDT,35,35,2021-01-01 01:00,2024-09-11 00:00,,"left_censored(<=2021-01-01 00:00, truoc dau du lieu)",2024-09-04 08:59,aero_1m,2021-01-01 01:00,2024-09-04 09:00,renamed_to:POLUSDT,True,False,159,0,0,0,0.0142,"ung vien rename heuristic (gia 1:1 +-5%, khong co trong danh sach da biet): MATICUSDT->UXLINKUSDT dt=+11.3d ratio=1.018",Polygon MATIC->POL 1:1 (2024-09) | heuristic: MATICUSDT->POLUSDT dt=+9.2d ratio=1.105 (ratio lech),v1 CLOSES_1H x Binance Vision 1h volume (2026-10-03) + Aerospike kline_1m_opt (phut v>0)
MAVIAUSDT,237,237,2024-02-21 11:00,2026-01-01 00:00,2024-02-21 10:00,aero_1m,2025-12-31 23:59,aero_1m,2024-02-21 11:00,2026-01-01 00:00,relist,False,False,0,0,0,0,0.01694,,gap khong giao dich Vision 2024-12-16 10:00..2025-03-26 18:00 (2408h),v1 CLOSES_1H x Binance Vision 1h volume (2026-10-03) + Aerospike kline_1m_opt (phut v>0)
MAVUSDT,172,172,2023-06-29 13:00,2026-01-01 00:00,2023-06-29 12:00,aero_1m,2025-12-31 23:59,aero_1m,2023-06-29 13:00,2026-01-01 00:00,active,False,True,0,0,0,0,0.0136,,,v1 CLOSES_1H x Binance Vision 1h volume (2026-10-03) + Aerospike kline_1m_opt (phut v>0)
MBOXUSDT,277,277,2024-08-28 10:00,2026-01-01 00:00,2024-08-28 09:30,aero_1m,2025-12-31 23:59,aero_1m,2024-08-28 10:00,2026-01-01 00:00,active,False,True,0,0,0,0,0.01305,,,v1 CLOSES_1H x Binance Vision 1h volume (2026-10-03) + Aerospike kline_1m_opt (phut v>0)
MDTUSDT,786,786,2023-06-30 13:00,2024-05-16 09:00,2023-06-30 12:00,aero_1m,2024-05-16 09:59,vision_1h(phut cuoi gio),2023-06-30 13:00,2024-05-16 09:00,delisted,True,True,0,0,0,0,0.01422,,,v1 CLOSES_1H x Binance Vision 1h volume (2026-10-03) + Aerospike kline_1m_opt (phut v>0)
MELANIAUSDT,370,370,2025-01-20 10:00,2026-01-01 00:00,2025-01-20 09:30,aero_1m,2025-12-31 23:59,aero_1m,2025-01-20 10:00,2026-01-01 00:00,active,False,True,0,0,0,0,0.01649,,,v1 CLOSES_1H x Binance Vision 1h volume (2026-10-03) + Aerospike kline_1m_opt (phut v>0)
MEMEFIUSDT,421,421,2025-04-25 08:00,2026-01-01 00:00,2025-04-25 07:15,aero_1m,2025-08-11 09:00,aero_1m,2025-04-25 08:00,2025-08-11 10:00,delisted,True,True,3422,0,0,0,0.03228,,,v1 CLOSES_1H x Binance Vision 1h volume (2026-10-03) + Aerospike kline_1m_opt (phut v>0)
MEMEUSDT,200,200,2023-11-03 13:00,2026-01-01 00:00,2023-11-03 12:00,aero_1m,2025-12-31 23:59,aero_1m,2023-11-03 13:00,2026-01-01 00:00,active,False,True,0,0,0,0,0.01498,,,v1 CLOSES_1H x Binance Vision 1h volume (2026-10-03) + Aerospike kline_1m_opt (phut v>0)
MERLUSDT,448,448,2025-05-29 09:00,2026-01-01 00:00,2025-05-29 08:30,aero_1m,2025-12-31 23:59,aero_1m,2025-05-29 09:00,2026-01-01 00:00,active,False,True,0,0,0,0,0.01824,,,v1 CLOSES_1H x Binance Vision 1h volume (2026-10-03) + Aerospike kline_1m_opt (phut v>0)
METISUSDT,243,243,2024-03-12 09:00,2026-01-01 00:00,2024-03-12 08:30,aero_1m,2025-12-31 23:59,aero_1m,2024-03-12 09:00,2026-01-01 00:00,active,False,True,0,0,0,0,0.01207,,,v1 CLOSES_1H x Binance Vision 1h volume (2026-10-03) + Aerospike kline_1m_opt (phut v>0)
METUSDT,551,551,2025-10-11 13:00,2026-01-01 00:00,2025-10-11 12:30,aero_1m,2025-12-31 23:59,aero_1m,2025-10-11 13:00,2026-01-01 00:00,active,False,True,0,0,0,0,0.01818,,,v1 CLOSES_1H x Binance Vision 1h volume (2026-10-03) + Aerospike kline_1m_opt (phut v>0)
MEUSDT,338,338,2024-12-10 18:00,2026-01-01 00:00,2024-12-10 17:00,aero_1m,2025-12-31 23:59,aero_1m,2024-12-10 18:00,2026-01-01 00:00,active,False,True,0,0,0,0,0.0128,,,v1 CLOSES_1H x Binance Vision 1h volume (2026-10-03) + Aerospike kline_1m_opt (phut v>0)
MEWUSDT,260,260,2024-06-17 15:00,2026-01-01 00:00,2024-06-17 14:00,aero_1m,2025-12-31 23:59,aero_1m,2024-06-17 15:00,2026-01-01 00:00,active,False,True,0,0,0,0,0.01415,,,v1 CLOSES_1H x Binance Vision 1h volume (2026-10-03) + Aerospike kline_1m_opt (phut v>0)
MILKUSDT,433,433,2025-05-06 14:00,2026-01-01 00:00,2025-05-06 13:45,aero_1m,2025-12-05 08:59,aero_1m,2025-05-06 14:00,2025-12-05 09:00,delisted,True,True,639,0,0,0,0.01354,,,v1 CLOSES_1H x Binance Vision 1h volume (2026-10-03) + Aerospike kline_1m_opt (phut v>0)
MINAUSDT,140,140,2023-02-07 12:00,2026-01-01 00:00,2023-02-07 11:00,aero_1m,2025-12-31 23:59,aero_1m,2023-02-07 12:00,2026-01-01 00:00,active,False,True,0,0,0,0,0.01165,,,v1 CLOSES_1H x Binance Vision 1h volume (2026-10-03) + Aerospike kline_1m_opt (phut v>0)
MIRAUSDT,533,533,2025-09-26 13:00,2026-01-01 00:00,2025-09-26 12:00,aero_1m,2025-12-31 23:59,aero_1m,2025-09-26 13:00,2026-01-01 00:00,active,False,True,0,0,0,0,0.01496,,,v1 CLOSES_1H x Binance Vision 1h volume (2026-10-03) + Aerospike kline_1m_opt (phut v>0)
MITOUSDT,507,507,2025-08-28 17:00,2026-01-01 00:00,2025-08-28 16:30,aero_1m,2025-12-31 23:59,aero_1m,2025-08-28 17:00,2026-01-01 00:00,active,False,True,0,0,0,0,0.02382,,,v1 CLOSES_1H x Binance Vision 1h volume (2026-10-03) + Aerospike kline_1m_opt (phut v>0)
MKRUSDT,38,38,2021-01-01 01:00,2026-01-01 00:00,,"left_censored(<=2021-01-01 00:00, truoc dau du lieu)",2025-09-08 08:59,aero_1m,2021-01-01 01:00,2025-09-08 09:00,renamed_to:SKYUSDT,True,False,2751,0,0,0,0.01148,,Maker->Sky 1:24000 (2025-09) | heuristic: MKRUSDT->SKYUSDT dt=+1.0d ratio=4.657e-05 (ratio lech),v1 CLOSES_1H x Binance Vision 1h volume (2026-10-03) + Aerospike kline_1m_opt (phut v>0)
MLNUSDT,405,405,2025-03-31 09:00,2026-01-01 00:00,2025-03-31 08:45,aero_1m,2025-12-31 23:59,aero_1m,2025-03-31 09:00,2026-01-01 00:00,active,False,True,0,0,0,0,0.01476,,,v1 CLOSES_1H x Binance Vision 1h volume (2026-10-03) + Aerospike kline_1m_opt (phut v>0)
MMTUSDT,570,570,2025-11-04 13:00,2026-01-01 00:00,2025-11-04 12:00,aero_1m,2025-12-31 23:59,aero_1m,2025-11-04 13:00,2026-01-01 00:00,active,False,True,0,0,0,0,0.04153,,,v1 CLOSES_1H x Binance Vision 1h volume (2026-10-03) + Aerospike kline_1m_opt (phut v>0)
MOCAUSDT,342,342,2024-12-16 12:00,2026-01-01 00:00,2024-12-16 11:30,aero_1m,2025-12-31 23:59,aero_1m,2024-12-16 12:00,2026-01-01 00:00,active,False,True,0,0,0,0,0.01415,,,v1 CLOSES_1H x Binance Vision 1h volume (2026-10-03) + Aerospike kline_1m_opt (phut v>0)
MONUSDT,549,549,2025-10-10 08:00,2026-01-01 00:00,2025-10-10 07:17,aero_1m,2025-12-31 23:59,aero_1m,2025-10-10 08:00,2026-01-01 00:00,active,False,True,0,0,0,0,0.02563,,,v1 CLOSES_1H x Binance Vision 1h volume (2026-10-03) + Aerospike kline_1m_opt (phut v>0)
MOODENGUSDT,303,303,2024-10-25 11:00,2026-01-01 00:00,2024-10-25 10:00,aero_1m,2025-12-31 23:59,aero_1m,2024-10-25 11:00,2026-01-01 00:00,active,False,True,0,0,0,0,0.0215,,,v1 CLOSES_1H x Binance Vision 1h volume (2026-10-03) + Aerospike kline_1m_opt (phut v>0)
MORPHOUSDT,327,327,2024-11-27 15:00,2026-01-01 00:00,2024-11-27 14:30,aero_1m,2025-12-31 23:59,aero_1m,2024-11-27 15:00,2026-01-01 00:00,active,False,True,0,0,0,0,0.01428,,,v1 CLOSES_1H x Binance Vision 1h volume (2026-10-03) + Aerospike kline_1m_opt (phut v>0)
MOVEUSDT,333,333,2024-12-09 15:00,2026-01-01 00:00,2024-12-09 14:00,aero_1m,2025-12-31 23:59,aero_1m,2024-12-09 15:00,2026-01-01 00:00,active,False,True,0,0,0,0,0.01478,,,v1 CLOSES_1H x Binance Vision 1h volume (2026-10-03) + Aerospike kline_1m_opt (phut v>0)
MOVRUSDT,221,221,2023-12-26 13:00,2026-01-01 00:00,2023-12-26 12:30,aero_1m,2025-12-31 23:59,aero_1m,2023-12-26 13:00,2026-01-01 00:00,active,False,True,0,0,0,0,0.01253,,,v1 CLOSES_1H x Binance Vision 1h volume (2026-10-03) + Aerospike kline_1m_opt (phut v>0)
MTLUSDT,93,93,2021-03-31 08:00,2026-01-01 00:00,2021-03-31 07:00,aero_1m,2025-12-31 23:59,aero_1m,2021-03-31 08:00,2026-01-01 00:00,active,False,False,0,0,0,0,0.013,,,v1 CLOSES_1H x Binance Vision 1h volume (2026-10-03) + Aerospike kline_1m_opt (phut v>0)
MUBARAKUSDT,389,389,2025-03-17 14:00,2026-01-01 00:00,2025-03-17 13:45,aero_1m,2025-12-31 23:59,aero_1m,2025-03-17 14:00,2026-01-01 00:00,active,False,True,0,0,0,0,0.0202,,,v1 CLOSES_1H x Binance Vision 1h volume (2026-10-03) + Aerospike kline_1m_opt (phut v>0)
MUSDT,472,472,2025-07-07 10:00,2026-01-01 00:00,2025-07-07 09:30,aero_1m,2025-12-31 23:59,aero_1m,2025-07-07 10:00,2026-01-01 00:00,active,False,True,0,0,0,0,0.02215,,,v1 CLOSES_1H x Binance Vision 1h volume (2026-10-03) + Aerospike kline_1m_opt (phut v>0)
MYROUSDT,242,242,2024-03-05 09:00,2026-01-01 00:00,2024-03-05 08:30,aero_1m,2025-11-14 08:59,aero_1m,2024-03-05 09:00,2025-11-14 09:00,delisted,True,True,1143,0,0,0,0.01918,,,v1 CLOSES_1H x Binance Vision 1h volume (2026-10-03) + Aerospike kline_1m_opt (phut v>0)
MYXUSDT,462,462,2025-06-18 13:00,2026-01-01 00:00,2025-06-18 12:30,aero_1m,2025-12-31 23:59,aero_1m,2025-06-18 13:00,2026-01-01 00:00,active,False,True,0,0,0,0,0.03509,,,v1 CLOSES_1H x Binance Vision 1h volume (2026-10-03) + Aerospike kline_1m_opt (phut v>0)
NAORISUSDT,489,489,2025-07-31 13:00,2026-01-01 00:00,2025-07-31 12:30,aero_1m,2025-12-31 23:59,aero_1m,2025-07-31 13:00,2026-01-01 00:00,active,False,True,0,0,0,0,0.0333,,,v1 CLOSES_1H x Binance Vision 1h volume (2026-10-03) + Aerospike kline_1m_opt (phut v>0)
NEARUSDT,15,15,2021-01-01 01:00,2026-01-01 00:00,,"left_censored(<=2021-01-01 00:00, truoc dau du lieu)",2025-12-31 23:59,aero_1m,2021-01-01 01:00,2026-01-01 00:00,active,False,False,0,0,0,0,0.01363,,,v1 CLOSES_1H x Binance Vision 1h volume (2026-10-03) + Aerospike kline_1m_opt (phut v>0)
NEIROETHUSDT,282,282,2024-09-06 15:00,2026-01-01 00:00,2024-09-06 14:00,aero_1m,2025-09-26 09:00,aero_1m,2024-09-06 15:00,2025-09-26 10:00,delisted,True,True,2318,0,0,0,0.02399,,,v1 CLOSES_1H x Binance Vision 1h volume (2026-10-03) + Aerospike kline_1m_opt (phut v>0)
NEIROUSDT,287,287,2024-09-16 12:00,2026-01-01 00:00,2024-09-16 11:32,aero_1m,2025-12-31 23:59,aero_1m,2024-09-16 12:00,2026-01-01 00:00,active,False,True,0,0,0,0,0.01795,,,v1 CLOSES_1H x Binance Vision 1h volume (2026-10-03) + Aerospike kline_1m_opt (phut v>0)
NEOUSDT,37,37,2021-01-01 01:00,2026-01-01 00:00,,"left_censored(<=2021-01-01 00:00, truoc dau du lieu)",2025-12-31 23:59,aero_1m,2021-01-01 01:00,2026-01-01 00:00,active,False,False,0,0,0,0,0.01162,,,v1 CLOSES_1H x Binance Vision 1h volume (2026-10-03) + Aerospike kline_1m_opt (phut v>0)
NEWTUSDT,464,464,2025-06-19 15:00,2026-01-01 00:00,2025-06-19 14:30,aero_1m,2025-12-31 23:59,aero_1m,2025-06-19 15:00,2026-01-01 00:00,active,False,True,0,0,0,0,0.0162,,,v1 CLOSES_1H x Binance Vision 1h volume (2026-10-03) + Aerospike kline_1m_opt (phut v>0)
NFPUSDT,222,222,2023-12-27 14:00,2026-01-01 00:00,2023-12-27 13:30,aero_1m,2025-12-31 23:59,aero_1m,2023-12-27 14:00,2026-01-01 00:00,active,False,True,0,0,0,0,0.01368,,,v1 CLOSES_1H x Binance Vision 1h volume (2026-10-03) + Aerospike kline_1m_opt (phut v>0)
NIGHTUSDT,586,586,2025-12-10 12:00,2026-01-01 00:00,2025-12-10 11:00,aero_1m,2025-12-31 23:59,aero_1m,2025-12-10 12:00,2026-01-01 00:00,active,False,True,0,0,0,0,0.03149,,,v1 CLOSES_1H x Binance Vision 1h volume (2026-10-03) + Aerospike kline_1m_opt (phut v>0)
NILUSDT,399,399,2025-03-24 14:00,2026-01-01 00:00,2025-03-24 13:00,aero_1m,2025-12-31 23:59,aero_1m,2025-03-24 14:00,2026-01-01 00:00,active,False,True,0,0,0,0,0.01566,,,v1 CLOSES_1H x Binance Vision 1h volume (2026-10-03) + Aerospike kline_1m_opt (phut v>0)
NKNUSDT,95,95,2021-04-09 08:00,2026-01-01 00:00,2021-04-09 07:00,aero_1m,2025-12-31 23:59,aero_1m,2021-04-09 08:00,2026-01-01 00:00,active,False,False,0,0,0,0,0.01457,,,v1 CLOSES_1H x Binance Vision 1h volume (2026-10-03) + Aerospike kline_1m_opt (phut v>0)
NMRUSDT,171,171,2023-06-22 13:00,2026-01-01 00:00,2023-06-22 12:00,aero_1m,2025-12-31 23:59,aero_1m,2023-06-22 13:00,2026-01-01 00:00,active,False,True,0,0,0,0,0.01289,,,v1 CLOSES_1H x Binance Vision 1h volume (2026-10-03) + Aerospike kline_1m_opt (phut v>0)
NOMUSDT,541,541,2025-10-01 09:00,2026-01-01 00:00,2025-10-01 08:00,aero_1m,2025-12-31 23:59,aero_1m,2025-10-01 09:00,2026-01-01 00:00,active,False,True,0,0,0,0,0.01769,,,v1 CLOSES_1H x Binance Vision 1h volume (2026-10-03) + Aerospike kline_1m_opt (phut v>0)
NOTUSDT,256,256,2024-05-16 15:00,2026-01-01 00:00,2024-05-16 14:00,aero_1m,2025-12-31 23:59,aero_1m,2024-05-16 15:00,2026-01-01 00:00,active,False,True,0,0,0,0,0.01416,,,v1 CLOSES_1H x Binance Vision 1h volume (2026-10-03) + Aerospike kline_1m_opt (phut v>0)
NTRNUSDT,207,207,2023-11-14 13:00,2026-01-01 00:00,2023-11-14 12:00,aero_1m,2025-12-31 23:59,aero_1m,2023-11-14 13:00,2026-01-01 00:00,active,False,True,0,0,0,0,0.01284,,,v1 CLOSES_1H x Binance Vision 1h volume (2026-10-03) + Aerospike kline_1m_opt (phut v>0)
NULSUSDT,275,275,2024-08-26 09:00,2026-01-01 00:00,2024-08-26 08:30,aero_1m,2025-04-14 09:01,aero_1m,2024-08-26 09:00,2025-04-14 10:00,delisted,True,True,6278,0,0,0,0.01554,,,v1 CLOSES_1H x Binance Vision 1h volume (2026-10-03) + Aerospike kline_1m_opt (phut v>0)
NUUSDT,777,777,2021-10-21 04:00,2022-02-15 02:00,2021-10-21 03:30,aero_1m,2022-02-15 02:59,vision_1h(phut cuoi gio),2021-10-21 04:00,2022-02-15 02:00,renamed_to:TUSDT,True,False,0,0,0,0,0.01345,"rename da biet nhung ma moi niem yet ngoai cua so [-3d,+14d]: NUUSDT->TUSDT dt=+351.5d ratio=0.09077",NU+KEEP merge -> Threshold T (2022) | heuristic: NUUSDT->TUSDT dt=+351.5d ratio=0.09077,v1 CLOSES_1H x Binance Vision 1h volume (2026-10-03) + Aerospike kline_1m_opt (phut v>0)
NXPCUSDT,440,440,2025-05-15 07:00,2026-01-01 00:00,2025-05-15 06:30,aero_1m,2025-12-31 23:59,aero_1m,2025-05-15 07:00,2026-01-01 00:00,active,False,True,0,0,0,0,0.0126,,,v1 CLOSES_1H x Binance Vision 1h volume (2026-10-03) + Aerospike kline_1m_opt (phut v>0)
OBOLUSDT,435,435,2025-05-07 11:00,2026-01-01 00:00,2025-05-07 10:30,aero_1m,2025-12-05 09:29,aero_1m,2025-05-07 11:00,2025-12-05 10:00,delisted,True,True,638,0,0,0,0.01746,,,v1 CLOSES_1H x Binance Vision 1h volume (2026-10-03) + Aerospike kline_1m_opt (phut v>0)
OCEANUSDT,70,70,2021-01-01 01:00,2026-01-01 00:00,,"left_censored(<=2021-01-01 00:00, truoc dau du lieu)",2024-06-25 09:01,aero_1m,2021-01-01 01:00,2024-06-25 10:00,renamed_to:FETUSDT,True,False,13310,0,0,0,0.01428,"rename da biet nhung ma moi niem yet ngoai cua so [-3d,+14d]: OCEANUSDT->FETUSDT dt=-525.3d ratio=0.3352 (ratio lech)",ASI merge vao FET (2024-07) | heuristic: OCEANUSDT->FETUSDT dt=-525.3d ratio=0.3352 (ratio lech),v1 CLOSES_1H x Binance Vision 1h volume (2026-10-03) + Aerospike kline_1m_opt (phut v>0)
OGNUSDT,94,94,2021-04-01 08:00,2026-01-01 00:00,2021-04-01 07:00,aero_1m,2025-12-31 23:59,aero_1m,2021-04-01 08:00,2026-01-01 00:00,active,False,False,0,0,0,0,0.01438,,,v1 CLOSES_1H x Binance Vision 1h volume (2026-10-03) + Aerospike kline_1m_opt (phut v>0)
OGUSDT,437,437,2025-05-12 10:00,2026-01-01 00:00,2025-05-12 09:00,aero_1m,2025-12-31 23:59,aero_1m,2025-05-12 10:00,2026-01-01 00:00,relist,False,False,0,0,0,0,0.01233,,"gap khong giao dich funding_cache co ky tu 2023-04-09 08:00, som hon gio that dau (2025-05-12 10:00) 764 ngay",v1 CLOSES_1H x Binance Vision 1h volume (2026-10-03) + Aerospike kline_1m_opt (phut v>0)
OLUSDT,467,467,2025-06-25 12:00,2026-01-01 00:00,2025-06-25 11:30,aero_1m,2025-12-31 23:59,aero_1m,2025-06-25 12:00,2026-01-01 00:00,active,False,True,0,0,0,0,0.01723,,,v1 CLOSES_1H x Binance Vision 1h volume (2026-10-03) + Aerospike kline_1m_opt (phut v>0)
OMGUSDT,51,51,2021-01-01 01:00,2026-01-01 00:00,,"left_censored(<=2021-01-01 00:00, truoc dau du lieu)",2025-01-31 09:00,aero_1m,2021-01-01 01:00,2025-01-31 10:00,delisted,True,False,8030,0,0,0,0.01358,,,v1 CLOSES_1H x Binance Vision 1h volume (2026-10-03) + Aerospike kline_1m_opt (phut v>0)
OMNIUSDT,253,253,2024-04-17 15:00,2026-01-01 00:00,2024-04-17 14:00,aero_1m,2025-09-22 09:00,aero_1m,2024-04-17 15:00,2025-09-22 10:00,delisted,True,True,2414,0,0,0,0.01566,,,v1 CLOSES_1H x Binance Vision 1h volume (2026-10-03) + Aerospike kline_1m_opt (phut v>0)
OMUSDT,234,234,2024-02-13 15:00,2026-01-01 00:00,2024-02-13 14:00,aero_1m,2025-12-31 23:59,aero_1m,2024-02-13 15:00,2026-01-01 00:00,active,False,True,0,0,0,0,0.02044,,,v1 CLOSES_1H x Binance Vision 1h volume (2026-10-03) + Aerospike kline_1m_opt (phut v>0)
ONDOUSDT,227,227,2024-01-20 14:00,2026-01-01 00:00,2024-01-20 13:00,aero_1m,2025-12-31 23:59,aero_1m,2024-01-20 14:00,2026-01-01 00:00,active,False,True,0,0,0,0,0.0137,,,v1 CLOSES_1H x Binance Vision 1h volume (2026-10-03) + Aerospike kline_1m_opt (phut v>0)
ONEUSDT,87,87,2021-03-18 08:00,2026-01-01 00:00,2021-03-18 07:00,aero_1m,2025-12-31 23:59,aero_1m,2021-03-18 08:00,2026-01-01 00:00,active,False,False,0,0,0,0,0.01387,,,v1 CLOSES_1H x Binance Vision 1h volume (2026-10-03) + Aerospike kline_1m_opt (phut v>0)
ONGUSDT,214,214,2023-11-27 14:00,2026-01-01 00:00,2023-11-27 13:00,aero_1m,2025-12-31 23:59,aero_1m,2023-11-27 14:00,2026-01-01 00:00,active,False,True,0,0,0,0,0.01049,,,v1 CLOSES_1H x Binance Vision 1h volume (2026-10-03) + Aerospike kline_1m_opt (phut v>0)
ONTUSDT,65,65,2021-01-01 01:00,2026-01-01 00:00,,"left_censored(<=2021-01-01 00:00, truoc dau du lieu)",2025-12-31 23:59,aero_1m,2021-01-01 01:00,2026-01-01 00:00,active,False,False,0,0,0,0,0.01189,,,v1 CLOSES_1H x Binance Vision 1h volume (2026-10-03) + Aerospike kline_1m_opt (phut v>0)
ONUSDT,564,564,2025-10-24 09:00,2026-01-01 00:00,2025-10-24 08:30,aero_1m,2025-12-31 23:59,aero_1m,2025-10-24 09:00,2026-01-01 00:00,active,False,True,0,0,0,0,0.01981,,,v1 CLOSES_1H x Binance Vision 1h volume (2026-10-03) + Aerospike kline_1m_opt (phut v>0)
OPENUSDT,514,514,2025-09-08 14:00,2026-01-01 00:00,2025-09-08 13:00,aero_1m,2025-12-31 23:59,aero_1m,2025-09-08 14:00,2026-01-01 00:00,active,False,True,0,0,0,0,0.01774,,,v1 CLOSES_1H x Binance Vision 1h volume (2026-10-03) + Aerospike kline_1m_opt (phut v>0)
OPUSDT,124,124,2022-06-01 15:00,2026-01-01 00:00,2022-06-01 14:01,aero_1m,2025-12-31 23:59,aero_1m,2022-06-01 15:00,2026-01-01 00:00,active,False,True,0,0,0,0,0.01273,,,v1 CLOSES_1H x Binance Vision 1h volume (2026-10-03) + Aerospike kline_1m_opt (phut v>0)
ORBSUSDT,191,191,2023-10-17 07:00,2026-01-01 00:00,2023-10-17 06:00,aero_1m,2024-12-09 08:59,aero_1m,2023-10-17 07:00,2024-12-09 09:00,delisted,True,True,9303,0,0,0,0.01179,,,v1 CLOSES_1H x Binance Vision 1h volume (2026-10-03) + Aerospike kline_1m_opt (phut v>0)
ORCAUSDT,331,331,2024-12-06 16:00,2026-01-01 00:00,2024-12-06 15:00,aero_1m,2025-12-31 23:59,aero_1m,2024-12-06 16:00,2026-01-01 00:00,active,False,True,0,0,0,0,0.01477,,,v1 CLOSES_1H x Binance Vision 1h volume (2026-10-03) + Aerospike kline_1m_opt (phut v>0)
ORDERUSDT,535,535,2025-09-26 13:00,2026-01-01 00:00,2025-09-26 12:45,aero_1m,2025-12-31 23:59,aero_1m,2025-09-26 13:00,2026-01-01 00:00,active,False,True,0,0,0,0,0.01897,,,v1 CLOSES_1H x Binance Vision 1h volume (2026-10-03) + Aerospike kline_1m_opt (phut v>0)
ORDIUSDT,203,203,2023-11-07 13:00,2026-01-01 00:00,2023-11-07 12:30,aero_1m,2025-12-31 23:59,aero_1m,2023-11-07 13:00,2026-01-01 00:00,active,False,True,0,0,0,0,0.01478,,,v1 CLOSES_1H x Binance Vision 1h volume (2026-10-03) + Aerospike kline_1m_opt (phut v>0)
OXTUSDT,181,181,2023-08-11 13:00,2026-01-01 00:00,2023-08-11 12:00,aero_1m,2025-12-31 23:59,aero_1m,2023-08-11 13:00,2026-01-01 00:00,active,False,True,0,0,0,0,0.01061,,,v1 CLOSES_1H x Binance Vision 1h volume (2026-10-03) + Aerospike kline_1m_opt (phut v>0)
PARTIUSDT,400,400,2025-03-25 14:00,2026-01-01 00:00,2025-03-25 13:00,aero_1m,2025-12-31 23:59,aero_1m,2025-03-25 14:00,2026-01-01 00:00,active,False,True,0,0,0,0,0.01794,,,v1 CLOSES_1H x Binance Vision 1h volume (2026-10-03) + Aerospike kline_1m_opt (phut v>0)
PAXGUSDT,402,402,2025-03-27 11:00,2026-01-01 00:00,2025-03-27 10:30,aero_1m,2025-12-31 23:59,aero_1m,2025-03-27 11:00,2026-01-01 00:00,index,False,False,0,0,0,0,0.00217,,gold-backed token (commodity-like),v1 CLOSES_1H x Binance Vision 1h volume (2026-10-03) + Aerospike kline_1m_opt (phut v>0)
PENDLEUSDT,175,175,2023-07-28 03:00,2026-01-01 00:00,2023-07-28 02:30,aero_1m,2025-12-31 23:59,aero_1m,2023-07-28 03:00,2026-01-01 00:00,active,False,True,0,0,0,0,0.01287,,,v1 CLOSES_1H x Binance Vision 1h volume (2026-10-03) + Aerospike kline_1m_opt (phut v>0)
PENGUUSDT,344,344,2024-12-17 17:00,2026-01-01 00:00,2024-12-17 16:15,aero_1m,2025-12-31 23:59,aero_1m,2024-12-17 17:00,2026-01-01 00:00,active,False,True,0,0,0,0,0.01665,"ung vien rename heuristic (gia 1:1 +-5%, khong co trong danh sach da biet): XEMUSDT->PENGUUSDT dt=+8.3d ratio=0.9556",,v1 CLOSES_1H x Binance Vision 1h volume (2026-10-03) + Aerospike kline_1m_opt (phut v>0)
PEOPLEUSDT,113,113,2021-12-24 05:00,2026-01-01 00:00,2021-12-24 04:00,aero_1m,2025-12-31 23:59,aero_1m,2021-12-24 05:00,2026-01-01 00:00,active,False,False,0,0,0,0,0.01661,,,v1 CLOSES_1H x Binance Vision 1h volume (2026-10-03) + Aerospike kline_1m_opt (phut v>0)
PERPUSDT,151,151,2023-03-06 13:00,2026-01-01 00:00,2023-03-06 12:00,aero_1m,2025-11-21 09:00,aero_1m,2023-03-06 13:00,2025-11-21 10:00,delisted,True,True,974,0,0,0,0.01278,,,v1 CLOSES_1H x Binance Vision 1h volume (2026-10-03) + Aerospike kline_1m_opt (phut v>0)
PHAUSDT,353,353,2024-12-30 12:00,2026-01-01 00:00,2024-12-30 11:30,aero_1m,2025-12-31 23:59,aero_1m,2024-12-30 12:00,2026-01-01 00:00,active,False,True,0,0,0,0,0.01338,,,v1 CLOSES_1H x Binance Vision 1h volume (2026-10-03) + Aerospike kline_1m_opt (phut v>0)
PHBUSDT,143,143,2023-02-16 15:00,2026-01-01 00:00,2023-02-16 14:30,aero_1m,2025-12-31 23:59,aero_1m,2023-02-16 15:00,2026-01-01 00:00,active,False,True,0,0,0,0,0.01349,,,v1 CLOSES_1H x Binance Vision 1h volume (2026-10-03) + Aerospike kline_1m_opt (phut v>0)
PIEVERSEUSDT,579,579,2025-11-14 12:00,2026-01-01 00:00,2025-11-14 11:30,aero_1m,2025-12-31 23:59,aero_1m,2025-11-14 12:00,2026-01-01 00:00,active,False,True,0,0,0,0,0.04414,,,v1 CLOSES_1H x Binance Vision 1h volume (2026-10-03) + Aerospike kline_1m_opt (phut v>0)
PIPPINUSDT,374,374,2025-01-24 11:00,2026-01-01 00:00,2025-01-24 10:15,aero_1m,2025-12-31 23:59,aero_1m,2025-01-24 11:00,2026-01-01 00:00,active,False,True,0,0,0,0,0.03147,,,v1 CLOSES_1H x Binance Vision 1h volume (2026-10-03) + Aerospike kline_1m_opt (phut v>0)
PIXELUSDT,235,235,2024-02-19 16:00,2026-01-01 00:00,2024-02-19 15:00,aero_1m,2025-12-31 23:59,aero_1m,2024-02-19 16:00,2026-01-01 00:00,active,False,True,0,0,0,0,0.01422,,,v1 CLOSES_1H x Binance Vision 1h volume (2026-10-03) + Aerospike kline_1m_opt (phut v>0)
PLAYUSDT,488,488,2025-07-31 10:00,2026-01-01 00:00,2025-07-31 09:30,aero_1m,2025-12-31 23:59,aero_1m,2025-07-31 10:00,2026-01-01 00:00,active,False,True,0,0,0,0,0.02138,,,v1 CLOSES_1H x Binance Vision 1h volume (2026-10-03) + Aerospike kline_1m_opt (phut v>0)
PLUMEUSDT,396,396,2025-03-21 14:00,2026-01-01 00:00,2025-03-21 13:00,aero_1m,2025-12-31 23:59,aero_1m,2025-03-21 14:00,2026-01-01 00:00,active,False,True,0,0,0,0,0.01435,,,v1 CLOSES_1H x Binance Vision 1h volume (2026-10-03) + Aerospike kline_1m_opt (phut v>0)
PNUTUSDT,316,316,2024-11-11 13:00,2026-01-01 00:00,2024-11-11 12:30,aero_1m,2025-12-31 23:59,aero_1m,2024-11-11 13:00,2026-01-01 00:00,active,False,True,0,0,0,0,0.01869,,,v1 CLOSES_1H x Binance Vision 1h volume (2026-10-03) + Aerospike kline_1m_opt (phut v>0)
POLUSDT,285,285,2024-09-13 13:00,2026-01-01 00:00,2024-09-13 12:15,aero_1m,2025-12-31 23:59,aero_1m,2024-09-13 13:00,2026-01-01 00:00,renamed_from:MATICUSDT,False,False,0,0,0,0,0.00986,,Polygon MATIC->POL 1:1 (2024-09) | heuristic: MATICUSDT->POLUSDT dt=+9.2d ratio=1.105 (ratio lech),v1 CLOSES_1H x Binance Vision 1h volume (2026-10-03) + Aerospike kline_1m_opt (phut v>0)
POLYXUSDT,195,195,2023-10-25 03:00,2026-01-01 00:00,2023-10-25 02:30,aero_1m,2025-12-31 23:59,aero_1m,2023-10-25 03:00,2026-01-01 00:00,active,False,True,0,0,0,0,0.01225,,,v1 CLOSES_1H x Binance Vision 1h volume (2026-10-03) + Aerospike kline_1m_opt (phut v>0)
PONKEUSDT,308,308,2024-11-04 13:00,2026-01-01 00:00,2024-11-04 12:30,aero_1m,2025-11-28 08:59,aero_1m,2024-11-04 13:00,2025-11-28 09:00,delisted,True,True,807,0,0,0,0.01502,,,v1 CLOSES_1H x Binance Vision 1h volume (2026-10-03) + Aerospike kline_1m_opt (phut v>0)
POPCATUSDT,272,272,2024-08-22 14:00,2026-01-01 00:00,2024-08-22 13:00,aero_1m,2025-12-31 23:59,aero_1m,2024-08-22 14:00,2026-01-01 00:00,active,False,True,0,0,0,0,0.01799,,,v1 CLOSES_1H x Binance Vision 1h volume (2026-10-03) + Aerospike kline_1m_opt (phut v>0)
PORT3USDT,452,452,2025-06-04 09:00,2026-01-01 00:00,2025-06-04 08:45,aero_1m,2025-11-23 06:30,aero_1m,2025-06-04 09:00,2025-11-23 07:00,delisted,True,True,929,0,0,0,0.0372,,,v1 CLOSES_1H x Binance Vision 1h volume (2026-10-03) + Aerospike kline_1m_opt (phut v>0)
PORTALUSDT,239,239,2024-02-29 16:00,2026-01-01 00:00,2024-02-29 15:00,aero_1m,2025-12-31 23:59,aero_1m,2024-02-29 16:00,2026-01-01 00:00,active,False,True,0,0,0,0,0.0146,,,v1 CLOSES_1H x Binance Vision 1h volume (2026-10-03) + Aerospike kline_1m_opt (phut v>0)
POWERUSDT,584,584,2025-12-06 10:00,2026-01-01 00:00,2025-12-06 09:00,aero_1m,2025-12-31 23:59,aero_1m,2025-12-06 10:00,2026-01-01 00:00,active,False,True,0,0,0,0,0.03475,,,v1 CLOSES_1H x Binance Vision 1h volume (2026-10-03) + Aerospike kline_1m_opt (phut v>0)
POWRUSDT,197,197,2023-10-27 03:00,2026-01-01 00:00,2023-10-27 02:30,aero_1m,2025-12-31 23:59,aero_1m,2023-10-27 03:00,2026-01-01 00:00,active,False,True,0,0,0,0,0.01115,,,v1 CLOSES_1H x Binance Vision 1h volume (2026-10-03) + Aerospike kline_1m_opt (phut v>0)
PROMPTUSDT,410,410,2025-04-11 07:00,2026-01-01 00:00,2025-04-11 06:30,aero_1m,2025-12-31 23:59,aero_1m,2025-04-11 07:00,2026-01-01 00:00,active,False,True,0,0,0,0,0.01958,,,v1 CLOSES_1H x Binance Vision 1h volume (2026-10-03) + Aerospike kline_1m_opt (phut v>0)
PROMUSDT,364,364,2025-01-15 13:00,2026-01-01 00:00,2025-01-15 12:30,aero_1m,2025-12-31 23:59,aero_1m,2025-01-15 13:00,2026-01-01 00:00,active,False,True,0,0,0,0,0.00969,,,v1 CLOSES_1H x Binance Vision 1h volume (2026-10-03) + Aerospike kline_1m_opt (phut v>0)
PROVEUSDT,491,491,2025-08-05 18:00,2026-01-01 00:00,2025-08-05 17:00,aero_1m,2025-12-31 23:59,aero_1m,2025-08-05 18:00,2026-01-01 00:00,active,False,True,0,0,0,0,0.01507,,,v1 CLOSES_1H x Binance Vision 1h volume (2026-10-03) + Aerospike kline_1m_opt (phut v>0)
PTBUSDT,513,513,2025-09-03 13:00,2026-01-01 00:00,2025-09-03 12:30,aero_1m,2025-12-31 23:59,aero_1m,2025-09-03 13:00,2026-01-01 00:00,active,False,True,0,0,0,0,0.02831,,,v1 CLOSES_1H x Binance Vision 1h volume (2026-10-03) + Aerospike kline_1m_opt (phut v>0)
PUFFERUSDT,451,451,2025-06-04 09:00,2026-01-01 00:00,2025-06-04 08:30,aero_1m,2025-12-31 23:59,aero_1m,2025-06-04 09:00,2026-01-01 00:00,active,False,True,0,0,0,0,0.01494,,,v1 CLOSES_1H x Binance Vision 1h volume (2026-10-03) + Aerospike kline_1m_opt (phut v>0)
PUMPBTCUSDT,460,460,2025-06-13 11:00,2026-01-01 00:00,2025-06-13 10:00,aero_1m,2025-12-31 23:59,aero_1m,2025-06-13 11:00,2026-01-01 00:00,active,False,True,0,0,0,0,0.03606,,,v1 CLOSES_1H x Binance Vision 1h volume (2026-10-03) + Aerospike kline_1m_opt (phut v>0)
PUMPUSDT,474,474,2025-07-10 08:00,2026-01-01 00:00,2025-04-12 14:00,vision_1h(open gio),2025-12-31 23:59,aero_1m,2025-07-10 08:00,2026-01-01 00:00,active,False,True,0,0,0,0,0.01802,v1 THIEU dau doi: Vision co gio that tu 2025-04-12 15:00 (v1 tu 2025-07-10 08:00) -> first_ts v1 khong phai listing,,v1 CLOSES_1H x Binance Vision 1h volume (2026-10-03) + Aerospike kline_1m_opt (phut v>0)
PUNDIXUSDT,425,425,2025-04-30 11:00,2026-01-01 00:00,2025-04-30 10:00,aero_1m,2025-12-31 23:59,aero_1m,2025-04-30 11:00,2026-01-01 00:00,active,False,True,0,0,0,0,0.01013,,,v1 CLOSES_1H x Binance Vision 1h volume (2026-10-03) + Aerospike kline_1m_opt (phut v>0)
PYTHUSDT,211,211,2023-11-22 15:00,2026-01-01 00:00,2023-11-22 14:30,aero_1m,2025-12-31 23:59,aero_1m,2023-11-22 15:00,2026-01-01 00:00,active,False,True,0,0,0,0,0.01321,,,v1 CLOSES_1H x Binance Vision 1h volume (2026-10-03) + Aerospike kline_1m_opt (phut v>0)
QNTUSDT,133,133,2022-10-20 03:00,2026-01-01 00:00,2022-10-20 02:30,aero_1m,2025-12-31 23:59,aero_1m,2022-10-20 03:00,2026-01-01 00:00,active,False,True,0,0,0,0,0.00894,,,v1 CLOSES_1H x Binance Vision 1h volume (2026-10-03) + Aerospike kline_1m_opt (phut v>0)
QTUMUSDT,10,10,2021-01-01 01:00,2026-01-01 00:00,,"left_censored(<=2021-01-01 00:00, truoc dau du lieu)",2025-12-31 23:59,aero_1m,2021-01-01 01:00,2026-01-01 00:00,active,False,False,0,0,0,0,0.01231,,,v1 CLOSES_1H x Binance Vision 1h volume (2026-10-03) + Aerospike kline_1m_opt (phut v>0)
QUICKUSDT,281,281,2024-09-06 06:00,2026-01-01 00:00,2024-09-06 05:00,aero_1m,2025-11-28 09:00,aero_1m,2024-09-06 06:00,2025-11-28 10:00,delisted,True,True,806,0,0,0,0.01242,,,v1 CLOSES_1H x Binance Vision 1h volume (2026-10-03) + Aerospike kline_1m_opt (phut v>0)
QUSDT,510,510,2025-09-02 08:00,2026-01-01 00:00,2025-09-02 07:30,aero_1m,2025-12-31 23:59,aero_1m,2025-09-02 08:00,2026-01-01 00:00,active,False,True,0,0,0,0,0.03111,,,v1 CLOSES_1H x Binance Vision 1h volume (2026-10-03) + Aerospike kline_1m_opt (phut v>0)
RADUSDT,788,788,2023-05-10 13:00,2024-05-14 09:00,2023-05-10 12:00,aero_1m,2024-05-14 09:59,vision_1h(phut cuoi gio),2023-05-10 13:00,2024-05-14 09:00,delisted,True,True,0,0,0,0,0.0111,,,v1 CLOSES_1H x Binance Vision 1h volume (2026-10-03) + Aerospike kline_1m_opt (phut v>0)
RAREUSDT,266,266,2024-08-15 14:00,2026-01-01 00:00,2024-08-15 13:00,aero_1m,2025-12-31 23:59,aero_1m,2024-08-15 14:00,2026-01-01 00:00,active,False,True,0,0,0,0,0.01468,,,v1 CLOSES_1H x Binance Vision 1h volume (2026-10-03) + Aerospike kline_1m_opt (phut v>0)
RAVEUSDT,590,590,2025-12-14 16:00,2026-01-01 00:00,2025-12-14 15:30,aero_1m,2025-12-31 23:59,aero_1m,2025-12-14 16:00,2026-01-01 00:00,active,False,True,0,0,0,0,0.04112,,,v1 CLOSES_1H x Binance Vision 1h volume (2026-10-03) + Aerospike kline_1m_opt (phut v>0)
RAYSOLUSDT,334,334,2024-12-10 13:00,2026-01-01 00:00,2024-12-10 12:00,aero_1m,2025-12-31 23:59,aero_1m,2024-12-10 13:00,2026-01-01 00:00,relist,False,False,0,0,0,0,0.0142,,Raydium (RAYUSDT delist 2022-11) niem yet lai ten moi,v1 CLOSES_1H x Binance Vision 1h volume (2026-10-03) + Aerospike kline_1m_opt (phut v>0)
RAYUSDT,780,780,2021-08-20 04:00,2024-04-11 12:00,2021-08-20 03:30,aero_1m,2022-11-15 04:59,vision_1h(phut cuoi gio),2021-08-20 04:00,2022-11-15 04:00,delisted,True,False,12320,0,0,0,0.01235,,,v1 CLOSES_1H x Binance Vision 1h volume (2026-10-03) + Aerospike kline_1m_opt (phut v>0)
RDNTUSDT,160,160,2023-04-05 13:00,2026-01-01 00:00,2023-04-05 12:00,aero_1m,2025-12-31 23:59,aero_1m,2023-04-05 13:00,2026-01-01 00:00,active,False,True,0,0,0,0,0.01275,,,v1 CLOSES_1H x Binance Vision 1h volume (2026-10-03) + Aerospike kline_1m_opt (phut v>0)
RECALLUSDT,555,555,2025-10-15 13:00,2026-01-01 00:00,2025-10-15 12:30,aero_1m,2025-12-31 23:59,aero_1m,2025-10-15 13:00,2026-01-01 00:00,active,False,True,0,0,0,0,0.02658,,,v1 CLOSES_1H x Binance Vision 1h volume (2026-10-03) + Aerospike kline_1m_opt (phut v>0)
REDUSDT,385,385,2025-03-06 17:00,2026-01-01 00:00,2025-03-06 16:00,aero_1m,2025-12-31 23:59,aero_1m,2025-03-06 17:00,2026-01-01 00:00,active,False,True,0,0,0,0,0.01405,,,v1 CLOSES_1H x Binance Vision 1h volume (2026-10-03) + Aerospike kline_1m_opt (phut v>0)
REEFUSDT,78,78,2021-02-22 08:00,2026-01-01 00:00,2021-02-22 07:08,aero_1m,2025-01-22 09:00,aero_1m,2021-02-22 08:00,2025-01-22 10:00,delisted,True,False,8246,0,0,0,0.01479,,,v1 CLOSES_1H x Binance Vision 1h volume (2026-10-03) + Aerospike kline_1m_opt (phut v>0)
REIUSDT,296,296,2024-09-27 12:00,2026-01-01 00:00,2024-09-27 11:00,aero_1m,2025-12-10 09:00,aero_1m,2024-09-27 12:00,2025-12-10 10:00,delisted,True,True,518,0,0,0,0.01234,,,v1 CLOSES_1H x Binance Vision 1h volume (2026-10-03) + Aerospike kline_1m_opt (phut v>0)
RENDERUSDT,263,263,2024-07-26 11:00,2026-01-01 00:00,2024-07-26 10:00,aero_1m,2025-12-31 23:59,aero_1m,2024-07-26 11:00,2026-01-01 00:00,renamed_from:RNDRUSDT,False,False,0,0,0,0,0.01267,,Render migration 1:1 (2024-07) | heuristic: RNDRUSDT->RENDERUSDT dt=+10.1d ratio=1.041,v1 CLOSES_1H x Binance Vision 1h volume (2026-10-03) + Aerospike kline_1m_opt (phut v>0)
RENUSDT,54,54,2021-01-01 01:00,2026-01-01 00:00,,"left_censored(<=2021-01-01 00:00, truoc dau du lieu)",2024-12-03 09:00,aero_1m,2021-01-01 01:00,2024-12-03 10:00,delisted,True,False,9446,0,0,0,0.01489,,,v1 CLOSES_1H x Binance Vision 1h volume (2026-10-03) + Aerospike kline_1m_opt (phut v>0)
RESOLVUSDT,457,457,2025-06-10 14:00,2026-01-01 00:00,2025-06-10 13:30,aero_1m,2025-12-31 23:59,aero_1m,2025-06-10 14:00,2026-01-01 00:00,active,False,True,0,0,0,0,0.02129,,,v1 CLOSES_1H x Binance Vision 1h volume (2026-10-03) + Aerospike kline_1m_opt (phut v>0)
REZUSDT,254,254,2024-04-30 15:00,2026-01-01 00:00,2024-04-30 14:00,aero_1m,2025-12-31 23:59,aero_1m,2024-04-30 15:00,2026-01-01 00:00,active,False,True,0,0,0,0,0.01559,,,v1 CLOSES_1H x Binance Vision 1h volume (2026-10-03) + Aerospike kline_1m_opt (phut v>0)
RIFUSDT,194,194,2023-10-21 13:00,2026-01-01 00:00,2023-10-21 12:30,aero_1m,2025-12-31 23:58,aero_1m,2023-10-21 13:00,2026-01-01 00:00,relist,False,False,0,0,0,0,0.01156,,"gap khong giao dich funding_cache co ky tu 2023-05-09 08:00, som hon gio that dau (2023-10-21 13:00) 165 ngay",v1 CLOSES_1H x Binance Vision 1h volume (2026-10-03) + Aerospike kline_1m_opt (phut v>0)
RIVERUSDT,558,558,2025-10-17 15:00,2026-01-01 00:00,2025-10-17 14:45,aero_1m,2025-12-31 23:59,aero_1m,2025-10-17 15:00,2026-01-01 00:00,active,False,True,0,0,0,0,0.03388,,,v1 CLOSES_1H x Binance Vision 1h volume (2026-10-03) + Aerospike kline_1m_opt (phut v>0)
RLCUSDT,28,28,2021-01-01 01:00,2026-01-01 00:00,,"left_censored(<=2021-01-01 00:00, truoc dau du lieu)",2025-12-31 23:59,aero_1m,2021-01-01 01:00,2026-01-01 00:00,active,False,False,0,0,0,0,0.01419,,,v1 CLOSES_1H x Binance Vision 1h volume (2026-10-03) + Aerospike kline_1m_opt (phut v>0)
RLSUSDT,583,583,2025-12-02 11:00,2026-01-01 00:00,2025-12-02 10:00,aero_1m,2025-12-31 23:59,aero_1m,2025-12-02 11:00,2026-01-01 00:00,active,False,True,0,0,0,0,0.02139,,,v1 CLOSES_1H x Binance Vision 1h volume (2026-10-03) + Aerospike kline_1m_opt (phut v>0)
RNDRUSDT,770,770,2023-02-03 03:00,2024-07-30 06:00,2023-02-03 02:30,aero_1m,2024-07-16 08:59,aero_1m,2023-02-03 03:00,2024-07-16 09:00,renamed_to:RENDERUSDT,True,True,333,0,0,0,0.01301,,Render migration 1:1 (2024-07) | heuristic: RNDRUSDT->RENDERUSDT dt=+10.1d ratio=1.041,v1 CLOSES_1H x Binance Vision 1h volume (2026-10-03) + Aerospike kline_1m_opt (phut v>0)
RONINUSDT,232,232,2024-02-06 05:00,2026-01-01 00:00,2024-02-06 04:30,aero_1m,2025-12-31 23:59,aero_1m,2024-02-06 05:00,2026-01-01 00:00,active,False,True,0,0,0,0,0.00965,,,v1 CLOSES_1H x Binance Vision 1h volume (2026-10-03) + Aerospike kline_1m_opt (phut v>0)
ROSEUSDT,114,114,2021-12-31 04:00,2026-01-01 00:00,2021-12-31 03:30,aero_1m,2025-12-31 23:59,aero_1m,2021-12-31 04:00,2026-01-01 00:00,active,False,False,0,0,0,0,0.01197,,,v1 CLOSES_1H x Binance Vision 1h volume (2026-10-03) + Aerospike kline_1m_opt (phut v>0)
RPLUSDT,283,283,2024-09-09 13:00,2026-01-01 00:00,2024-09-09 12:30,aero_1m,2025-12-31 23:59,aero_1m,2024-09-09 13:00,2026-01-01 00:00,active,False,True,0,0,0,0,0.01292,,,v1 CLOSES_1H x Binance Vision 1h volume (2026-10-03) + Aerospike kline_1m_opt (phut v>0)
RSRUSDT,48,48,2021-01-01 01:00,2026-01-01 00:00,,"left_censored(<=2021-01-01 00:00, truoc dau du lieu)",2025-12-31 23:59,aero_1m,2021-01-01 01:00,2026-01-01 00:00,active,False,False,0,0,0,0,0.0148,,,v1 CLOSES_1H x Binance Vision 1h volume (2026-10-03) + Aerospike kline_1m_opt (phut v>0)
RUNEUSDT,43,43,2021-01-01 01:00,2026-01-01 00:00,,"left_censored(<=2021-01-01 00:00, truoc dau du lieu)",2025-12-31 23:59,aero_1m,2021-01-01 01:00,2026-01-01 00:00,active,False,False,0,0,0,0,0.01396,,,v1 CLOSES_1H x Binance Vision 1h volume (2026-10-03) + Aerospike kline_1m_opt (phut v>0)
RVNUSDT,79,79,2021-02-23 08:00,2026-01-01 00:00,2021-02-23 07:00,aero_1m,2025-12-31 23:59,aero_1m,2021-02-23 08:00,2026-01-01 00:00,active,False,False,0,0,0,0,0.01297,,,v1 CLOSES_1H x Binance Vision 1h volume (2026-10-03) + Aerospike kline_1m_opt (phut v>0)
RVVUSDT,559,559,2025-10-18 14:00,2026-01-01 00:00,2025-10-18 13:30,aero_1m,2025-12-31 23:59,aero_1m,2025-10-18 14:00,2026-01-01 00:00,active,False,True,0,0,0,0,0.03389,,,v1 CLOSES_1H x Binance Vision 1h volume (2026-10-03) + Aerospike kline_1m_opt (phut v>0)
SAFEUSDT,304,304,2024-10-25 13:00,2026-01-01 00:00,2024-10-25 12:30,aero_1m,2025-12-31 23:58,aero_1m,2024-10-25 13:00,2026-01-01 00:00,active,False,True,0,0,0,0,0.01237,,,v1 CLOSES_1H x Binance Vision 1h volume (2026-10-03) + Aerospike kline_1m_opt (phut v>0)
SAGAUSDT,251,251,2024-04-09 11:00,2026-01-01 00:00,2024-04-09 10:30,aero_1m,2025-12-31 23:59,aero_1m,2024-04-09 11:00,2026-01-01 00:00,active,False,True,0,0,0,0,0.01511,,,v1 CLOSES_1H x Binance Vision 1h volume (2026-10-03) + Aerospike kline_1m_opt (phut v>0)
SAHARAUSDT,468,468,2025-06-26 13:00,2026-01-01 00:00,2025-06-26 12:00,aero_1m,2025-12-31 23:59,aero_1m,2025-06-26 13:00,2026-01-01 00:00,active,False,True,0,0,0,0,0.0149,,,v1 CLOSES_1H x Binance Vision 1h volume (2026-10-03) + Aerospike kline_1m_opt (phut v>0)
SANDUSDT,74,74,2021-01-25 08:00,2026-01-01 00:00,2021-01-25 07:00,aero_1m,2025-12-31 23:59,aero_1m,2021-01-25 08:00,2026-01-01 00:00,active,False,False,0,0,0,0,0.01392,,,v1 CLOSES_1H x Binance Vision 1h volume (2026-10-03) + Aerospike kline_1m_opt (phut v>0)
SANTOSUSDT,305,305,2024-10-28 15:00,2026-01-01 00:00,2024-10-28 14:00,aero_1m,2025-12-31 23:59,aero_1m,2024-10-28 15:00,2026-01-01 00:00,active,False,True,0,0,0,0,0.01093,,,v1 CLOSES_1H x Binance Vision 1h volume (2026-10-03) + Aerospike kline_1m_opt (phut v>0)
SAPIENUSDT,501,501,2025-08-20 18:00,2026-01-01 00:00,2025-08-20 17:30,aero_1m,2025-12-31 23:59,aero_1m,2025-08-20 18:00,2026-01-01 00:00,active,False,True,0,0,0,0,0.03028,,,v1 CLOSES_1H x Binance Vision 1h volume (2026-10-03) + Aerospike kline_1m_opt (phut v>0)
SCRTUSDT,323,323,2024-11-21 12:00,2026-01-01 00:00,2024-11-21 11:30,aero_1m,2025-12-31 23:59,aero_1m,2024-11-21 12:00,2026-01-01 00:00,active,False,True,0,0,0,0,0.014,,,v1 CLOSES_1H x Binance Vision 1h volume (2026-10-03) + Aerospike kline_1m_opt (phut v>0)
SCRUSDT,301,301,2024-10-22 11:00,2026-01-01 00:00,2024-10-22 10:00,aero_1m,2025-12-31 23:59,aero_1m,2024-10-22 11:00,2026-01-01 00:00,active,False,True,0,0,0,0,0.01431,,,v1 CLOSES_1H x Binance Vision 1h volume (2026-10-03) + Aerospike kline_1m_opt (phut v>0)
SCUSDT,784,784,2021-04-12 08:00,2024-04-11 12:00,2021-04-12 07:00,aero_1m,2022-06-17 08:59,aero_1m,2021-04-12 08:00,2022-06-17 09:00,delisted,True,False,15939,0,0,0,0.01696,,,v1 CLOSES_1H x Binance Vision 1h volume (2026-10-03) + Aerospike kline_1m_opt (phut v>0)
SEIUSDT,182,182,2023-08-17 03:00,2026-01-01 00:00,2023-08-17 02:30,aero_1m,2025-12-31 23:59,aero_1m,2023-08-17 03:00,2026-01-01 00:00,active,False,True,0,0,0,0,0.01295,,,v1 CLOSES_1H x Binance Vision 1h volume (2026-10-03) + Aerospike kline_1m_opt (phut v>0)
SENTUSDT,580,580,2025-11-14 13:00,2026-01-01 00:00,2025-11-14 12:45,aero_1m,2025-12-31 23:59,aero_1m,2025-11-14 13:00,2026-01-01 00:00,active,False,True,0,0,0,0,0.02396,,,v1 CLOSES_1H x Binance Vision 1h volume (2026-10-03) + Aerospike kline_1m_opt (phut v>0)
SFPUSDT,80,80,2021-02-24 08:00,2026-01-01 00:00,2021-02-24 07:00,aero_1m,2025-12-31 23:59,aero_1m,2021-02-24 08:00,2026-01-01 00:00,active,False,False,0,0,0,0,0.01263,,,v1 CLOSES_1H x Binance Vision 1h volume (2026-10-03) + Aerospike kline_1m_opt (phut v>0)
SHELLUSDT,383,383,2025-02-17 18:00,2026-01-01 00:00,2025-02-17 17:15,aero_1m,2025-12-31 23:59,aero_1m,2025-02-17 18:00,2026-01-01 00:00,active,False,True,0,0,0,0,0.01568,,,v1 CLOSES_1H x Binance Vision 1h volume (2026-10-03) + Aerospike kline_1m_opt (phut v>0)
SIGNUSDT,424,424,2025-04-28 12:00,2026-01-01 00:00,2025-04-28 11:00,aero_1m,2025-12-31 23:58,aero_1m,2025-04-28 12:00,2026-01-01 00:00,active,False,True,0,0,0,0,0.01377,,,v1 CLOSES_1H x Binance Vision 1h volume (2026-10-03) + Aerospike kline_1m_opt (phut v>0)
SIRENUSDT,397,397,2025-03-22 10:00,2026-01-01 00:00,2025-03-22 09:00,aero_1m,2025-12-31 23:59,aero_1m,2025-03-22 10:00,2026-01-01 00:00,active,False,True,0,0,0,0,0.01797,,,v1 CLOSES_1H x Binance Vision 1h volume (2026-10-03) + Aerospike kline_1m_opt (phut v>0)
SKATEUSDT,455,455,2025-06-09 11:00,2026-01-01 00:00,2025-06-09 10:30,aero_1m,2025-12-10 09:00,aero_1m,2025-06-09 11:00,2025-12-10 10:00,delisted,True,True,518,0,0,0,0.02317,,,v1 CLOSES_1H x Binance Vision 1h volume (2026-10-03) + Aerospike kline_1m_opt (phut v>0)
SKLUSDT,50,50,2021-01-01 01:00,2026-01-01 00:00,,"left_censored(<=2021-01-01 00:00, truoc dau du lieu)",2025-12-31 23:59,aero_1m,2021-01-01 01:00,2026-01-01 00:00,active,False,False,0,0,0,0,0.01517,,,v1 CLOSES_1H x Binance Vision 1h volume (2026-10-03) + Aerospike kline_1m_opt (phut v>0)
SKYAIUSDT,439,439,2025-05-13 10:00,2026-01-01 00:00,2025-05-13 09:45,aero_1m,2025-12-31 23:59,aero_1m,2025-05-13 10:00,2026-01-01 00:00,active,False,True,0,0,0,0,0.02212,,,v1 CLOSES_1H x Binance Vision 1h volume (2026-10-03) + Aerospike kline_1m_opt (phut v>0)
SKYUSDT,516,516,2025-09-09 08:00,2026-01-01 00:00,2025-09-09 07:00,aero_1m,2025-12-31 23:59,aero_1m,2025-09-09 08:00,2026-01-01 00:00,renamed_from:MKRUSDT,False,False,0,0,0,0,0.00973,,Maker->Sky 1:24000 (2025-09) | heuristic: MKRUSDT->SKYUSDT dt=+1.0d ratio=4.657e-05 (ratio lech),v1 CLOSES_1H x Binance Vision 1h volume (2026-10-03) + Aerospike kline_1m_opt (phut v>0)
SLERFUSDT,322,322,2024-11-21 12:00,2026-01-01 00:00,2024-11-21 11:30,aero_1m,2025-10-20 09:00,aero_1m,2024-11-21 12:00,2025-10-20 10:00,delisted,True,True,1742,0,0,0,0.01997,,,v1 CLOSES_1H x Binance Vision 1h volume (2026-10-03) + Aerospike kline_1m_opt (phut v>0)
SNXUSDT,32,32,2021-01-01 01:00,2026-01-01 00:00,,"left_censored(<=2021-01-01 00:00, truoc dau du lieu)",2025-12-31 23:59,aero_1m,2021-01-01 01:00,2026-01-01 00:00,active,False,False,0,0,0,0,0.01397,,,v1 CLOSES_1H x Binance Vision 1h volume (2026-10-03) + Aerospike kline_1m_opt (phut v>0)
SOLUSDT,49,49,2021-01-01 01:00,2026-01-01 00:00,,"left_censored(<=2021-01-01 00:00, truoc dau du lieu)",2025-12-31 23:59,aero_1m,2021-01-01 01:00,2026-01-01 00:00,active,False,False,0,0,0,0,0.01295,,,v1 CLOSES_1H x Binance Vision 1h volume (2026-10-03) + Aerospike kline_1m_opt (phut v>0)
SOLVUSDT,366,366,2025-01-17 13:00,2026-01-01 00:00,2025-01-17 12:15,aero_1m,2025-12-31 23:59,aero_1m,2025-01-17 13:00,2026-01-01 00:00,active,False,True,0,0,0,0,0.01595,,,v1 CLOSES_1H x Binance Vision 1h volume (2026-10-03) + Aerospike kline_1m_opt (phut v>0)
SOMIUSDT,504,504,2025-08-25 10:00,2026-01-01 00:00,2025-08-25 09:30,aero_1m,2025-12-31 23:59,aero_1m,2025-08-25 10:00,2026-01-01 00:00,active,False,True,0,0,0,0,0.02412,,,v1 CLOSES_1H x Binance Vision 1h volume (2026-10-03) + Aerospike kline_1m_opt (phut v>0)
SONICUSDT,362,362,2025-01-08 08:00,2026-01-01 00:00,2025-01-08 07:01,aero_1m,2025-12-31 23:59,aero_1m,2025-01-08 08:00,2026-01-01 00:00,active,False,True,0,0,0,0,0.01201,,,v1 CLOSES_1H x Binance Vision 1h volume (2026-10-03) + Aerospike kline_1m_opt (phut v>0)
SOONUSDT,444,444,2025-05-23 09:00,2026-01-01 00:00,2025-05-23 08:30,aero_1m,2025-12-31 23:59,aero_1m,2025-05-23 09:00,2026-01-01 00:00,active,False,True,0,0,0,0,0.02587,,,v1 CLOSES_1H x Binance Vision 1h volume (2026-10-03) + Aerospike kline_1m_opt (phut v>0)
SOPHUSDT,447,447,2025-05-28 14:00,2026-01-01 00:00,2025-05-28 13:00,aero_1m,2025-12-31 23:59,aero_1m,2025-05-28 14:00,2026-01-01 00:00,active,False,True,0,0,0,0,0.01283,,,v1 CLOSES_1H x Binance Vision 1h volume (2026-10-03) + Aerospike kline_1m_opt (phut v>0)
SPELLUSDT,127,127,2022-09-06 13:00,2026-01-01 00:00,2022-09-06 12:00,aero_1m,2025-12-31 23:59,aero_1m,2022-09-06 13:00,2026-01-01 00:00,active,False,True,0,0,0,0,0.01181,,,v1 CLOSES_1H x Binance Vision 1h volume (2026-10-03) + Aerospike kline_1m_opt (phut v>0)
SPKUSDT,461,461,2025-06-17 10:00,2026-01-01 00:00,2025-06-17 09:00,aero_1m,2025-12-31 23:59,aero_1m,2025-06-17 10:00,2026-01-01 00:00,active,False,True,0,0,0,0,0.01756,,,v1 CLOSES_1H x Binance Vision 1h volume (2026-10-03) + Aerospike kline_1m_opt (phut v>0)
SPXUSDT,337,337,2024-12-10 13:00,2026-01-01 00:00,2024-12-10 12:45,aero_1m,2025-12-31 23:59,aero_1m,2024-12-10 13:00,2026-01-01 00:00,active,False,True,0,0,0,0,0.0192,,,v1 CLOSES_1H x Binance Vision 1h volume (2026-10-03) + Aerospike kline_1m_opt (phut v>0)
SQDUSDT,459,459,2025-06-11 13:00,2026-01-01 00:00,2025-06-11 12:45,aero_1m,2025-12-31 23:59,aero_1m,2025-06-11 13:00,2026-01-01 00:00,active,False,True,0,0,0,0,0.02192,,,v1 CLOSES_1H x Binance Vision 1h volume (2026-10-03) + Aerospike kline_1m_opt (phut v>0)
SRMUSDT,762,762,2021-01-01 01:00,2024-05-28 07:00,,"left_censored(<=2021-01-01 00:00, truoc dau du lieu)",2022-11-15 04:30,aero_1m,2021-01-01 01:00,2022-11-15 05:00,delisted,True,False,13442,0,0,0,0.01742,,,v1 CLOSES_1H x Binance Vision 1h volume (2026-10-03) + Aerospike kline_1m_opt (phut v>0)
SSVUSDT,149,149,2023-02-24 13:00,2026-01-01 00:00,2023-02-24 12:00,aero_1m,2025-12-31 23:59,aero_1m,2023-02-24 13:00,2026-01-01 00:00,active,False,True,0,0,0,0,0.01314,,,v1 CLOSES_1H x Binance Vision 1h volume (2026-10-03) + Aerospike kline_1m_opt (phut v>0)
STABLEUSDT,573,573,2025-11-06 13:00,2026-01-01 00:00,2025-11-06 12:00,aero_1m,2025-12-31 23:59,aero_1m,2025-11-06 13:00,2026-01-01 00:00,active,False,True,0,0,0,0,0.03079,,,v1 CLOSES_1H x Binance Vision 1h volume (2026-10-03) + Aerospike kline_1m_opt (phut v>0)
STBLUSDT,523,523,2025-09-17 06:00,2026-01-01 00:00,2025-09-17 05:45,aero_1m,2025-12-31 23:59,aero_1m,2025-09-17 06:00,2026-01-01 00:00,active,False,True,0,0,0,0,0.02937,,,v1 CLOSES_1H x Binance Vision 1h volume (2026-10-03) + Aerospike kline_1m_opt (phut v>0)
STEEMUSDT,204,204,2023-11-08 15:00,2026-01-01 00:00,2023-11-08 14:30,aero_1m,2025-12-31 23:59,aero_1m,2023-11-08 15:00,2026-01-01 00:00,active,False,True,0,0,0,0,0.0102,,,v1 CLOSES_1H x Binance Vision 1h volume (2026-10-03) + Aerospike kline_1m_opt (phut v>0)
STGUSDT,126,126,2022-08-25 13:00,2026-01-01 00:00,2022-08-25 12:00,aero_1m,2025-12-31 23:58,aero_1m,2022-08-25 13:00,2026-01-01 00:00,active,False,True,0,0,0,0,0.01035,,,v1 CLOSES_1H x Binance Vision 1h volume (2026-10-03) + Aerospike kline_1m_opt (phut v>0)
STMXUSDT,89,89,2021-03-22 08:00,2026-01-01 00:00,2021-03-22 07:00,aero_1m,2025-02-21 09:00,aero_1m,2021-03-22 08:00,2025-02-21 10:00,delisted,True,False,7526,0,0,0,0.01386,,,v1 CLOSES_1H x Binance Vision 1h volume (2026-10-03) + Aerospike kline_1m_opt (phut v>0)
STORJUSDT,30,30,2021-01-01 01:00,2026-01-01 00:00,,"left_censored(<=2021-01-01 00:00, truoc dau du lieu)",2025-12-31 23:59,aero_1m,2021-01-01 01:00,2026-01-01 00:00,active,False,False,0,0,0,0,0.01385,,,v1 CLOSES_1H x Binance Vision 1h volume (2026-10-03) + Aerospike kline_1m_opt (phut v>0)
STOUSDT,412,412,2025-04-12 15:00,2026-01-01 00:00,2025-04-12 14:45,aero_1m,2025-12-31 23:59,aero_1m,2025-04-12 15:00,2026-01-01 00:00,active,False,True,0,0,0,0,0.01617,,,v1 CLOSES_1H x Binance Vision 1h volume (2026-10-03) + Aerospike kline_1m_opt (phut v>0)
STRAXUSDT,789,789,2023-10-11 03:00,2024-04-11 12:00,2023-10-11 02:30,aero_1m,2024-03-15 08:59,aero_1m,2023-10-11 03:00,2024-03-15 09:00,delisted,True,True,651,0,0,0,0.01459,,,v1 CLOSES_1H x Binance Vision 1h volume (2026-10-03) + Aerospike kline_1m_opt (phut v>0)
STRKUSDT,236,236,2024-02-20 18:00,2026-01-01 00:00,2024-02-20 17:00,aero_1m,2025-12-31 23:59,aero_1m,2024-02-20 18:00,2026-01-01 00:00,active,False,True,0,0,0,0,0.01343,,,v1 CLOSES_1H x Binance Vision 1h volume (2026-10-03) + Aerospike kline_1m_opt (phut v>0)
STXUSDT,146,146,2023-02-21 15:00,2026-01-01 00:00,2023-02-21 14:30,aero_1m,2025-12-31 23:59,aero_1m,2023-02-21 15:00,2026-01-01 00:00,active,False,True,0,0,0,0,0.01196,,,v1 CLOSES_1H x Binance Vision 1h volume (2026-10-03) + Aerospike kline_1m_opt (phut v>0)
SUIUSDT,165,165,2023-05-03 17:00,2026-01-01 00:00,2023-05-03 16:00,aero_1m,2025-12-31 23:59,aero_1m,2023-05-03 17:00,2026-01-01 00:00,active,False,True,0,0,0,0,0.01202,,,v1 CLOSES_1H x Binance Vision 1h volume (2026-10-03) + Aerospike kline_1m_opt (phut v>0)
SUNUSDT,273,273,2024-08-22 14:00,2026-01-01 00:00,2024-08-22 13:05,aero_1m,2025-12-31 23:59,aero_1m,2024-08-22 14:00,2026-01-01 00:00,active,False,True,0,0,0,0,0.00958,,,v1 CLOSES_1H x Binance Vision 1h volume (2026-10-03) + Aerospike kline_1m_opt (phut v>0)
SUPERUSDT,212,212,2023-11-26 14:00,2026-01-01 00:00,2023-11-26 13:00,aero_1m,2025-12-31 23:59,aero_1m,2023-11-26 14:00,2026-01-01 00:00,active,False,True,0,0,0,0,0.0143,,,v1 CLOSES_1H x Binance Vision 1h volume (2026-10-03) + Aerospike kline_1m_opt (phut v>0)
SUSDT,365,365,2025-01-16 11:00,2026-01-01 00:00,2025-01-16 10:00,aero_1m,2025-12-31 23:59,aero_1m,2025-01-16 11:00,2026-01-01 00:00,renamed_from:FTMUSDT,False,False,0,0,0,0,0.01263,,Fantom->Sonic 1:1 (2025-01) | heuristic: FTMUSDT->SUSDT dt=+10.0d ratio=1.023,v1 CLOSES_1H x Binance Vision 1h volume (2026-10-03) + Aerospike kline_1m_opt (phut v>0)
SUSHIUSDT,5,5,2021-01-01 01:00,2026-01-01 00:00,,"left_censored(<=2021-01-01 00:00, truoc dau du lieu)",2025-12-31 23:59,aero_1m,2021-01-01 01:00,2026-01-01 00:00,active,False,False,0,0,0,0,0.01475,,,v1 CLOSES_1H x Binance Vision 1h volume (2026-10-03) + Aerospike kline_1m_opt (phut v>0)
SWARMSUSDT,361,361,2025-01-07 13:00,2026-01-01 00:00,2025-01-07 12:15,aero_1m,2025-12-31 23:59,aero_1m,2025-01-07 13:00,2026-01-01 00:00,active,False,True,0,0,0,0,0.02289,,,v1 CLOSES_1H x Binance Vision 1h volume (2026-10-03) + Aerospike kline_1m_opt (phut v>0)
SWELLUSDT,314,314,2024-11-08 17:00,2026-01-01 00:00,2024-11-08 16:00,aero_1m,2025-11-28 08:59,aero_1m,2024-11-08 17:00,2025-11-28 09:00,delisted,True,True,807,0,0,0,0.01715,,,v1 CLOSES_1H x Binance Vision 1h volume (2026-10-03) + Aerospike kline_1m_opt (phut v>0)
SXPUSDT,61,61,2021-01-01 01:00,2026-01-01 00:00,,"left_censored(<=2021-01-01 00:00, truoc dau du lieu)",2025-12-05 09:00,aero_1m,2021-01-01 01:00,2025-12-05 10:00,delisted,True,False,638,0,0,0,0.01295,,,v1 CLOSES_1H x Binance Vision 1h volume (2026-10-03) + Aerospike kline_1m_opt (phut v>0)
SXTUSDT,429,429,2025-05-02 09:00,2026-01-01 00:00,2025-05-02 08:30,aero_1m,2025-12-31 23:59,aero_1m,2025-05-02 09:00,2026-01-01 00:00,active,False,True,0,0,0,0,0.0162,,,v1 CLOSES_1H x Binance Vision 1h volume (2026-10-03) + Aerospike kline_1m_opt (phut v>0)
SYNUSDT,267,267,2024-08-16 13:00,2026-01-01 00:00,2024-08-16 12:30,aero_1m,2025-12-31 23:59,aero_1m,2024-08-16 13:00,2026-01-01 00:00,active,False,True,0,0,0,0,0.0142,,,v1 CLOSES_1H x Binance Vision 1h volume (2026-10-03) + Aerospike kline_1m_opt (phut v>0)
SYRUPUSDT,434,434,2025-05-07 09:00,2026-01-01 00:00,2025-05-07 08:30,aero_1m,2025-12-31 23:59,aero_1m,2025-05-07 09:00,2026-01-01 00:00,active,False,True,0,0,0,0,0.01353,,,v1 CLOSES_1H x Binance Vision 1h volume (2026-10-03) + Aerospike kline_1m_opt (phut v>0)
SYSUSDT,268,268,2024-08-19 13:00,2026-01-01 00:00,2024-08-19 12:30,aero_1m,2025-12-31 23:59,aero_1m,2024-08-19 13:00,2026-01-01 00:00,active,False,True,0,0,0,0,0.01224,,,v1 CLOSES_1H x Binance Vision 1h volume (2026-10-03) + Aerospike kline_1m_opt (phut v>0)
TACUSDT,479,479,2025-07-15 11:00,2026-01-01 00:00,2025-07-15 10:30,aero_1m,2025-12-31 23:59,aero_1m,2025-07-15 11:00,2026-01-01 00:00,active,False,True,0,0,0,0,0.0235,,,v1 CLOSES_1H x Binance Vision 1h volume (2026-10-03) + Aerospike kline_1m_opt (phut v>0)
TAGUSDT,483,483,2025-07-25 12:00,2026-01-01 00:00,2025-07-25 11:15,aero_1m,2025-12-31 23:59,aero_1m,2025-07-25 12:00,2026-01-01 00:00,active,False,True,0,0,0,0,0.02163,,,v1 CLOSES_1H x Binance Vision 1h volume (2026-10-03) + Aerospike kline_1m_opt (phut v>0)
TAIKOUSDT,458,458,2025-06-11 13:00,2026-01-01 00:00,2025-06-11 12:30,aero_1m,2025-12-31 23:59,aero_1m,2025-06-11 13:00,2026-01-01 00:00,active,False,True,0,0,0,0,0.00892,,,v1 CLOSES_1H x Binance Vision 1h volume (2026-10-03) + Aerospike kline_1m_opt (phut v>0)
TAKEUSDT,512,512,2025-09-03 12:00,2026-01-01 00:00,2025-09-03 11:15,aero_1m,2025-12-31 23:59,aero_1m,2025-09-03 12:00,2026-01-01 00:00,active,False,True,0,0,0,0,0.02591,,,v1 CLOSES_1H x Binance Vision 1h volume (2026-10-03) + Aerospike kline_1m_opt (phut v>0)
TANSSIUSDT,473,473,2025-07-09 12:00,2026-01-01 00:00,2025-07-09 11:30,aero_1m,2025-12-31 23:59,aero_1m,2025-07-09 12:00,2026-01-01 00:00,active,False,True,0,0,0,0,0.0212,,,v1 CLOSES_1H x Binance Vision 1h volume (2026-10-03) + Aerospike kline_1m_opt (phut v>0)
TAOUSDT,252,252,2024-04-11 15:00,2026-01-01 00:00,2024-04-11 14:30,aero_1m,2025-12-31 23:59,aero_1m,2024-04-11 15:00,2026-01-01 00:00,active,False,True,0,0,0,0,0.0128,,,v1 CLOSES_1H x Binance Vision 1h volume (2026-10-03) + Aerospike kline_1m_opt (phut v>0)
TAUSDT,481,481,2025-07-21 08:00,2026-01-01 00:00,2025-07-21 07:30,aero_1m,2025-12-31 23:59,aero_1m,2025-07-21 08:00,2026-01-01 00:00,active,False,True,0,0,0,0,0.03292,,,v1 CLOSES_1H x Binance Vision 1h volume (2026-10-03) + Aerospike kline_1m_opt (phut v>0)
THETAUSDT,40,40,2021-01-01 01:00,2026-01-01 00:00,,"left_censored(<=2021-01-01 00:00, truoc dau du lieu)",2025-12-31 23:59,aero_1m,2021-01-01 01:00,2026-01-01 00:00,active,False,False,0,0,0,0,0.01268,,,v1 CLOSES_1H x Binance Vision 1h volume (2026-10-03) + Aerospike kline_1m_opt (phut v>0)
THEUSDT,326,326,2024-11-27 13:00,2026-01-01 00:00,2024-11-27 12:15,aero_1m,2025-12-31 23:59,aero_1m,2024-11-27 13:00,2026-01-01 00:00,active,False,True,0,0,0,0,0.01573,,,v1 CLOSES_1H x Binance Vision 1h volume (2026-10-03) + Aerospike kline_1m_opt (phut v>0)
TIAUSDT,198,198,2023-10-31 19:00,2026-01-01 00:00,2023-10-31 18:00,aero_1m,2025-12-31 23:59,aero_1m,2023-10-31 19:00,2026-01-01 00:00,active,False,True,0,0,0,0,0.01391,,,v1 CLOSES_1H x Binance Vision 1h volume (2026-10-03) + Aerospike kline_1m_opt (phut v>0)
TLMUSDT,159,159,2023-03-30 13:00,2026-01-01 00:00,2021-07-16 03:00,vision_1h(open gio),2025-12-31 23:59,aero_1m,2023-03-30 13:00,2026-01-01 00:00,relist,False,False,0,0,0,0,0.01158,v1 THIEU dau doi: Vision co gio that tu 2021-07-16 04:00 (v1 tu 2023-03-30 13:00) -> first_ts v1 khong phai listing,gap khong giao dich Vision 2022-06-09 09:00..2023-03-30 13:00 (7060h),v1 CLOSES_1H x Binance Vision 1h volume (2026-10-03) + Aerospike kline_1m_opt (phut v>0)
TNSRUSDT,250,250,2024-04-08 18:00,2026-01-01 00:00,2024-04-08 17:00,aero_1m,2025-12-31 23:59,aero_1m,2024-04-08 18:00,2026-01-01 00:00,active,False,True,0,0,0,0,0.01689,,,v1 CLOSES_1H x Binance Vision 1h volume (2026-10-03) + Aerospike kline_1m_opt (phut v>0)
TOKENUSDT,202,202,2023-11-03 16:00,2026-01-01 00:00,2023-11-03 15:00,aero_1m,2025-12-05 09:29,aero_1m,2023-11-03 16:00,2025-12-05 10:00,delisted,True,True,638,0,0,0,0.01603,,,v1 CLOSES_1H x Binance Vision 1h volume (2026-10-03) + Aerospike kline_1m_opt (phut v>0)
TOMOUSDT,769,769,2021-01-01 01:00,2024-05-28 07:00,,"left_censored(<=2021-01-01 00:00, truoc dau du lieu)",2023-11-14 08:59,aero_1m,2021-01-01 01:00,2023-11-14 09:00,renamed_to:VICUSDT,True,False,4702,0,0,0,0.01494,"rename da biet nhung ma moi niem yet ngoai cua so [-3d,+14d]: TOMOUSDT->VICUSDT dt=+484.4d ratio=0.32 (ratio lech)",TomoChain->Viction 1:1 (2023-12) | heuristic: TOMOUSDT->VICUSDT dt=+484.4d ratio=0.32 (ratio lech),v1 CLOSES_1H x Binance Vision 1h volume (2026-10-03) + Aerospike kline_1m_opt (phut v>0)
TONUSDT,240,240,2024-03-01 13:00,2026-01-01 00:00,2024-03-01 12:31,aero_1m,2025-12-31 23:59,aero_1m,2024-03-01 13:00,2026-01-01 00:00,active,False,True,0,0,0,0,0.00912,,,v1 CLOSES_1H x Binance Vision 1h volume (2026-10-03) + Aerospike kline_1m_opt (phut v>0)
TOSHIUSDT,522,522,2025-09-17 06:00,2026-01-01 00:00,2025-09-17 05:30,aero_1m,2025-12-31 23:59,aero_1m,2025-09-17 06:00,2026-01-01 00:00,active,False,True,0,0,0,0,0.01551,,,v1 CLOSES_1H x Binance Vision 1h volume (2026-10-03) + Aerospike kline_1m_opt (phut v>0)
TOWNSUSDT,490,490,2025-08-05 15:00,2026-01-01 00:00,2025-08-05 14:30,aero_1m,2025-12-31 23:59,aero_1m,2025-08-05 15:00,2026-01-01 00:00,active,False,True,0,0,0,0,0.01602,,,v1 CLOSES_1H x Binance Vision 1h volume (2026-10-03) + Aerospike kline_1m_opt (phut v>0)
TRADOORUSDT,528,528,2025-09-19 13:00,2026-01-01 00:00,2025-09-19 12:30,aero_1m,2025-12-31 23:59,aero_1m,2025-09-19 13:00,2026-01-01 00:00,active,False,True,0,0,0,0,0.04154,,,v1 CLOSES_1H x Binance Vision 1h volume (2026-10-03) + Aerospike kline_1m_opt (phut v>0)
TRBUSDT,67,67,2021-01-01 01:00,2026-01-01 00:00,,"left_censored(<=2021-01-01 00:00, truoc dau du lieu)",2025-12-31 23:59,aero_1m,2021-01-01 01:00,2026-01-01 00:00,active,False,False,0,0,0,0,0.01644,,,v1 CLOSES_1H x Binance Vision 1h volume (2026-10-03) + Aerospike kline_1m_opt (phut v>0)
TREEUSDT,486,486,2025-07-29 15:00,2026-01-01 00:00,2025-07-29 14:00,aero_1m,2025-12-31 23:59,aero_1m,2025-07-29 15:00,2026-01-01 00:00,active,False,True,0,0,0,0,0.01687,,,v1 CLOSES_1H x Binance Vision 1h volume (2026-10-03) + Aerospike kline_1m_opt (phut v>0)
TROYUSDT,306,306,2024-10-31 14:00,2026-01-01 00:00,2024-10-31 13:00,aero_1m,2025-04-14 09:01,aero_1m,2024-10-31 14:00,2025-04-14 10:00,delisted,True,True,6278,0,0,0,0.02473,,,v1 CLOSES_1H x Binance Vision 1h volume (2026-10-03) + Aerospike kline_1m_opt (phut v>0)
TRUMPUSDT,369,369,2025-01-18 14:00,2026-01-01 00:00,2025-01-18 13:00,aero_1m,2025-12-31 23:59,aero_1m,2025-01-18 14:00,2026-01-01 00:00,active,False,True,0,0,0,0,0.01559,,,v1 CLOSES_1H x Binance Vision 1h volume (2026-10-03) + Aerospike kline_1m_opt (phut v>0)
TRUSTUSDT,571,571,2025-11-05 10:00,2026-01-01 00:00,2025-11-05 09:30,aero_1m,2025-12-31 23:59,aero_1m,2025-11-05 10:00,2026-01-01 00:00,active,False,True,0,0,0,0,0.03522,,,v1 CLOSES_1H x Binance Vision 1h volume (2026-10-03) + Aerospike kline_1m_opt (phut v>0)
TRUTHUSDT,542,542,2025-10-01 13:00,2026-01-01 00:00,2025-10-01 12:01,aero_1m,2025-12-31 23:59,aero_1m,2025-10-01 13:00,2026-01-01 00:00,active,False,True,0,0,0,0,0.03718,,,v1 CLOSES_1H x Binance Vision 1h volume (2026-10-03) + Aerospike kline_1m_opt (phut v>0)
TRUUSDT,152,152,2023-03-07 13:00,2026-01-01 00:00,2023-03-07 12:00,aero_1m,2025-12-31 23:59,aero_1m,2023-03-07 13:00,2026-01-01 00:00,active,False,True,0,0,0,0,0.01365,,,v1 CLOSES_1H x Binance Vision 1h volume (2026-10-03) + Aerospike kline_1m_opt (phut v>0)
TRXUSDT,29,29,2021-01-01 01:00,2026-01-01 00:00,,"left_censored(<=2021-01-01 00:00, truoc dau du lieu)",2025-12-31 23:59,aero_1m,2021-01-01 01:00,2026-01-01 00:00,active,False,False,0,0,0,0,0.00817,,,v1 CLOSES_1H x Binance Vision 1h volume (2026-10-03) + Aerospike kline_1m_opt (phut v>0)
TSTUSDT,377,377,2025-02-09 14:00,2026-01-01 00:00,2025-02-09 13:00,aero_1m,2025-12-31 23:59,aero_1m,2025-02-09 14:00,2026-01-01 00:00,active,False,True,0,0,0,0,0.02011,,,v1 CLOSES_1H x Binance Vision 1h volume (2026-10-03) + Aerospike kline_1m_opt (phut v>0)
TURBOUSDT,257,257,2024-05-30 16:00,2026-01-01 00:00,2024-05-30 15:30,aero_1m,2025-12-31 23:59,aero_1m,2024-05-30 16:00,2026-01-01 00:00,active,False,True,0,0,0,0,0.01668,,,v1 CLOSES_1H x Binance Vision 1h volume (2026-10-03) + Aerospike kline_1m_opt (phut v>0)
TURTLEUSDT,562,562,2025-10-22 16:00,2026-01-01 00:00,2025-10-22 15:00,aero_1m,2025-12-31 23:59,aero_1m,2025-10-22 16:00,2026-01-01 00:00,active,False,True,0,0,0,0,0.01804,,,v1 CLOSES_1H x Binance Vision 1h volume (2026-10-03) + Aerospike kline_1m_opt (phut v>0)
TUSDT,138,138,2023-02-01 14:00,2026-01-01 00:00,2023-02-01 13:00,aero_1m,2025-12-31 23:59,aero_1m,2023-02-01 14:00,2026-01-01 00:00,active,False,True,0,0,0,0,0.01033,"rename da biet nhung ma moi niem yet ngoai cua so [-3d,+14d]: KEEPUSDT->TUSDT dt=+351.5d ratio=0.07941 (ratio lech) | rename da biet nhung ma moi niem yet ngoai cua so [-3d,+14d]: NUUSDT->TUSDT dt=+351.5d ratio=0.09077 | Threshold T (merge NU+KEEP 2022) — futures T niem yet 2023-02, cach ~1 nam -> giu listing",heuristic: KEEPUSDT->TUSDT dt=+351.5d ratio=0.07941 (ratio lech) | heuristic: NUUSDT->TUSDT dt=+351.5d ratio=0.09077,v1 CLOSES_1H x Binance Vision 1h volume (2026-10-03) + Aerospike kline_1m_opt (phut v>0)
TUTUSDT,391,391,2025-03-20 10:00,2026-01-01 00:00,2025-03-20 09:00,aero_1m,2025-12-31 23:59,aero_1m,2025-03-20 10:00,2026-01-01 00:00,active,False,True,0,0,0,0,0.02277,,,v1 CLOSES_1H x Binance Vision 1h volume (2026-10-03) + Aerospike kline_1m_opt (phut v>0)
TWTUSDT,201,201,2023-11-03 15:00,2026-01-01 00:00,2023-11-03 14:30,aero_1m,2025-12-31 23:59,aero_1m,2023-11-03 15:00,2026-01-01 00:00,active,False,True,0,0,0,0,0.00965,,,v1 CLOSES_1H x Binance Vision 1h volume (2026-10-03) + Aerospike kline_1m_opt (phut v>0)
UAIUSDT,572,572,2025-11-06 12:00,2026-01-01 00:00,2025-11-06 11:30,aero_1m,2025-12-31 23:59,aero_1m,2025-11-06 12:00,2026-01-01 00:00,active,False,True,0,0,0,0,0.04196,,,v1 CLOSES_1H x Binance Vision 1h volume (2026-10-03) + Aerospike kline_1m_opt (phut v>0)
UBUSDT,520,520,2025-09-12 11:00,2026-01-01 00:00,2025-09-12 10:30,aero_1m,2025-12-31 23:59,aero_1m,2025-09-12 11:00,2026-01-01 00:00,active,False,True,0,0,0,0,0.02342,,,v1 CLOSES_1H x Binance Vision 1h volume (2026-10-03) + Aerospike kline_1m_opt (phut v>0)
UMAUSDT,168,168,2023-05-10 13:00,2026-01-01 00:00,2023-05-10 12:30,aero_1m,2025-12-31 23:59,aero_1m,2023-05-10 13:00,2026-01-01 00:00,active,False,True,0,0,0,0,0.01248,,,v1 CLOSES_1H x Binance Vision 1h volume (2026-10-03) + Aerospike kline_1m_opt (phut v>0)
UNFIUSDT,77,77,2021-02-19 08:00,2026-01-01 00:00,2021-02-19 07:00,aero_1m,2024-10-30 09:00,aero_1m,2021-02-19 08:00,2024-10-30 10:00,delisted,True,False,10262,0,0,0,0.01888,,,v1 CLOSES_1H x Binance Vision 1h volume (2026-10-03) + Aerospike kline_1m_opt (phut v>0)
UNIUSDT,42,42,2021-01-01 01:00,2026-01-01 00:00,,"left_censored(<=2021-01-01 00:00, truoc dau du lieu)",2025-12-31 23:59,aero_1m,2021-01-01 01:00,2026-01-01 00:00,active,False,False,0,0,0,0,0.01215,,,v1 CLOSES_1H x Binance Vision 1h volume (2026-10-03) + Aerospike kline_1m_opt (phut v>0)
USDCUSDT,664,664,2023-04-05 00:00,2023-04-05 00:00,2023-03-12 17:00,vision_1h(open gio),2025-12-31 23:59,vision_1h(phut cuoi gio),2023-04-05 00:00,2023-04-05 00:00,stable/fiat-like,False,False,0,0,0,0,,v1 THIEU dau doi: Vision co gio that tu 2023-03-12 18:00 (v1 tu 2023-04-05 00:00) -> first_ts v1 khong phai listing | v1 THIEU cuoi doi: Vision co gio that toi 2026-01-01 00:00 (v1 toi 2023-04-05 00:00),stablecoin,v1 CLOSES_1H x Binance Vision 1h volume (2026-10-03) + Aerospike kline_1m_opt (phut v>0)
USELESSUSDT,498,498,2025-08-15 13:00,2026-01-01 00:00,2025-08-15 12:15,aero_1m,2025-12-31 23:59,aero_1m,2025-08-15 13:00,2026-01-01 00:00,active,False,True,0,0,0,0,0.02397,,,v1 CLOSES_1H x Binance Vision 1h volume (2026-10-03) + Aerospike kline_1m_opt (phut v>0)
USTCUSDT,213,213,2023-11-27 13:00,2026-01-01 00:00,2023-11-27 12:30,aero_1m,2025-12-31 23:59,aero_1m,2023-11-27 13:00,2026-01-01 00:00,relist,False,False,0,0,0,0,0.01447,,UST cu (Terra) niem yet lai ten moi,v1 CLOSES_1H x Binance Vision 1h volume (2026-10-03) + Aerospike kline_1m_opt (phut v>0)
USUALUSDT,346,346,2024-12-18 14:00,2026-01-01 00:00,2024-12-18 13:00,aero_1m,2025-12-31 23:59,aero_1m,2024-12-18 14:00,2026-01-01 00:00,active,False,True,0,0,0,0,0.01638,,,v1 CLOSES_1H x Binance Vision 1h volume (2026-10-03) + Aerospike kline_1m_opt (phut v>0)
USUSDT,588,588,2025-12-12 11:00,2026-01-01 00:00,2025-12-12 10:45,aero_1m,2025-12-31 23:59,aero_1m,2025-12-12 11:00,2026-01-01 00:00,active,False,True,0,0,0,0,0.02667,,,v1 CLOSES_1H x Binance Vision 1h volume (2026-10-03) + Aerospike kline_1m_opt (phut v>0)
UXLINKUSDT,286,286,2024-09-15 16:00,2026-01-01 00:00,2024-09-15 15:00,aero_1m,2025-09-26 09:01,aero_1m,2024-09-15 16:00,2025-09-26 10:00,delisted,True,True,2318,0,0,0,0.01903,"ung vien rename heuristic (gia 1:1 +-5%, khong co trong danh sach da biet): UXLINKUSDT->HANAUSDT dt=+0.1d ratio=1.022 | ung vien rename heuristic (gia 1:1 +-5%, khong co trong danh sach da biet): MATICUSDT->UXLINKUSDT dt=+11.3d ratio=1.018",,v1 CLOSES_1H x Binance Vision 1h volume (2026-10-03) + Aerospike kline_1m_opt (phut v>0)
VANAUSDT,343,343,2024-12-16 14:00,2026-01-01 00:00,2024-12-16 13:30,aero_1m,2025-12-31 23:59,aero_1m,2024-12-16 14:00,2026-01-01 00:00,active,False,True,0,0,0,0,0.014,,,v1 CLOSES_1H x Binance Vision 1h volume (2026-10-03) + Aerospike kline_1m_opt (phut v>0)
VANRYUSDT,245,245,2024-03-13 18:00,2026-01-01 00:00,2024-03-13 17:30,aero_1m,2025-12-31 23:59,aero_1m,2024-03-13 18:00,2026-01-01 00:00,active,False,True,0,0,0,0,0.01386,,,v1 CLOSES_1H x Binance Vision 1h volume (2026-10-03) + Aerospike kline_1m_opt (phut v>0)
VELODROMEUSDT,341,341,2024-12-13 17:00,2026-01-01 00:00,2024-12-13 16:15,aero_1m,2025-12-31 23:59,aero_1m,2024-12-13 17:00,2026-01-01 00:00,active,False,True,0,0,0,0,0.01281,,,v1 CLOSES_1H x Binance Vision 1h volume (2026-10-03) + Aerospike kline_1m_opt (phut v>0)
VELVETUSDT,478,478,2025-07-15 10:00,2026-01-01 00:00,2025-07-15 09:15,aero_1m,2025-12-31 23:59,aero_1m,2025-07-15 10:00,2026-01-01 00:00,active,False,True,0,0,0,0,0.0223,,,v1 CLOSES_1H x Binance Vision 1h volume (2026-10-03) + Aerospike kline_1m_opt (phut v>0)
VETUSDT,66,66,2021-01-01 01:00,2026-01-01 00:00,,"left_censored(<=2021-01-01 00:00, truoc dau du lieu)",2025-12-31 23:59,aero_1m,2021-01-01 01:00,2026-01-01 00:00,active,False,False,0,0,0,0,0.01212,,,v1 CLOSES_1H x Binance Vision 1h volume (2026-10-03) + Aerospike kline_1m_opt (phut v>0)
VFYUSDT,540,540,2025-09-30 13:00,2026-01-01 00:00,2025-09-30 12:00,aero_1m,2025-12-31 23:59,aero_1m,2025-09-30 13:00,2026-01-01 00:00,active,False,True,0,0,0,0,0.02871,,,v1 CLOSES_1H x Binance Vision 1h volume (2026-10-03) + Aerospike kline_1m_opt (phut v>0)
VICUSDT,386,386,2025-03-12 18:00,2026-01-01 00:00,2025-03-12 17:00,aero_1m,2025-12-31 23:59,aero_1m,2025-03-12 18:00,2026-01-01 00:00,active,False,True,0,0,0,0,0.01243,"rename da biet nhung ma moi niem yet ngoai cua so [-3d,+14d]: TOMOUSDT->VICUSDT dt=+484.4d ratio=0.32 (ratio lech) | Viction (TOMO doi ten 2023-12) — futures VIC niem yet 2025-03, cach ~16 thang -> giu listing",heuristic: TOMOUSDT->VICUSDT dt=+484.4d ratio=0.32 (ratio lech),v1 CLOSES_1H x Binance Vision 1h volume (2026-10-03) + Aerospike kline_1m_opt (phut v>0)
VIDTUSDT,274,274,2024-08-23 10:00,2026-01-01 00:00,2024-08-23 09:30,aero_1m,2025-04-14 09:01,aero_1m,2024-08-23 10:00,2025-04-14 10:00,delisted,True,True,6278,0,0,0,0.02385,,,v1 CLOSES_1H x Binance Vision 1h volume (2026-10-03) + Aerospike kline_1m_opt (phut v>0)
VINEUSDT,373,373,2025-01-24 11:00,2026-01-01 00:00,2025-01-24 10:00,aero_1m,2025-12-31 23:59,aero_1m,2025-01-24 11:00,2026-01-01 00:00,active,False,True,0,0,0,0,0.02486,,,v1 CLOSES_1H x Binance Vision 1h volume (2026-10-03) + Aerospike kline_1m_opt (phut v>0)
VIRTUALUSDT,336,336,2024-12-10 13:00,2026-01-01 00:00,2024-12-10 12:30,aero_1m,2025-12-31 23:59,aero_1m,2024-12-10 13:00,2026-01-01 00:00,active,False,True,0,0,0,0,0.01681,,,v1 CLOSES_1H x Binance Vision 1h volume (2026-10-03) + Aerospike kline_1m_opt (phut v>0)
VOXELUSDT,269,269,2024-08-20 11:00,2026-01-01 00:00,2024-08-20 10:30,aero_1m,2025-12-10 08:59,aero_1m,2024-08-20 11:00,2025-12-10 09:00,delisted,True,True,519,0,0,0,0.01647,,,v1 CLOSES_1H x Binance Vision 1h volume (2026-10-03) + Aerospike kline_1m_opt (phut v>0)
VTHOUSDT,371,371,2025-01-22 10:00,2026-01-01 00:00,2025-01-22 09:30,aero_1m,2025-12-31 23:59,aero_1m,2025-01-22 10:00,2026-01-01 00:00,active,False,True,0,0,0,0,0.01151,,,v1 CLOSES_1H x Binance Vision 1h volume (2026-10-03) + Aerospike kline_1m_opt (phut v>0)
VVVUSDT,375,375,2025-01-29 09:00,2026-01-01 00:00,2025-01-29 08:15,aero_1m,2025-12-31 23:59,aero_1m,2025-01-29 09:00,2026-01-01 00:00,active,False,True,0,0,0,0,0.01616,,,v1 CLOSES_1H x Binance Vision 1h volume (2026-10-03) + Aerospike kline_1m_opt (phut v>0)
WALUSDT,403,403,2025-03-27 16:00,2026-01-01 00:00,2025-03-27 15:30,aero_1m,2025-12-31 23:59,aero_1m,2025-03-27 16:00,2026-01-01 00:00,active,False,True,0,0,0,0,0.01285,,,v1 CLOSES_1H x Binance Vision 1h volume (2026-10-03) + Aerospike kline_1m_opt (phut v>0)
WAVESUSDT,781,781,2021-01-01 01:00,2024-06-11 09:00,,"left_censored(<=2021-01-01 00:00, truoc dau du lieu)",2024-06-11 08:59,aero_1m,2021-01-01 01:00,2024-06-11 09:00,delisted,True,False,0,0,0,0,0.01437,,,v1 CLOSES_1H x Binance Vision 1h volume (2026-10-03) + Aerospike kline_1m_opt (phut v>0)
WAXPUSDT,192,192,2023-10-18 15:00,2026-01-01 00:00,2023-10-18 14:45,aero_1m,2025-12-31 23:59,aero_1m,2023-10-18 15:00,2026-01-01 00:00,active,False,True,0,0,0,0,0.00993,,,v1 CLOSES_1H x Binance Vision 1h volume (2026-10-03) + Aerospike kline_1m_opt (phut v>0)
WCTUSDT,415,415,2025-04-15 12:00,2026-01-01 00:00,2025-04-15 11:00,aero_1m,2025-12-31 23:59,aero_1m,2025-04-15 12:00,2026-01-01 00:00,active,False,True,0,0,0,0,0.01633,,,v1 CLOSES_1H x Binance Vision 1h volume (2026-10-03) + Aerospike kline_1m_opt (phut v>0)
WETUSDT,585,585,2025-12-10 08:00,2026-01-01 00:00,2025-12-10 07:00,aero_1m,2025-12-31 23:59,aero_1m,2025-12-10 08:00,2026-01-01 00:00,active,False,True,0,0,0,0,0.02524,,,v1 CLOSES_1H x Binance Vision 1h volume (2026-10-03) + Aerospike kline_1m_opt (phut v>0)
WIFUSDT,226,226,2024-01-18 15:00,2026-01-01 00:00,2024-01-18 14:15,aero_1m,2025-12-31 23:59,aero_1m,2024-01-18 15:00,2026-01-01 00:00,active,False,True,0,0,0,0,0.01798,,,v1 CLOSES_1H x Binance Vision 1h volume (2026-10-03) + Aerospike kline_1m_opt (phut v>0)
WLDUSDT,174,174,2023-07-24 13:00,2026-01-01 00:00,2023-07-24 12:00,aero_1m,2025-12-31 23:59,aero_1m,2023-07-24 13:00,2026-01-01 00:00,active,False,True,0,0,0,0,0.01427,,,v1 CLOSES_1H x Binance Vision 1h volume (2026-10-03) + Aerospike kline_1m_opt (phut v>0)
WLFIUSDT,503,503,2025-08-23 09:00,2026-01-01 00:00,2025-08-23 08:30,aero_1m,2025-12-31 23:59,aero_1m,2025-08-23 09:00,2026-01-01 00:00,active,False,True,0,0,0,0,0.01639,,,v1 CLOSES_1H x Binance Vision 1h volume (2026-10-03) + Aerospike kline_1m_opt (phut v>0)
WOOUSDT,121,121,2022-04-08 04:00,2026-01-01 00:00,2022-04-08 03:30,aero_1m,2025-12-31 23:59,aero_1m,2022-04-08 04:00,2026-01-01 00:00,active,False,True,0,0,0,0,0.01232,,,v1 CLOSES_1H x Binance Vision 1h volume (2026-10-03) + Aerospike kline_1m_opt (phut v>0)
WUSDT,249,249,2024-04-03 16:00,2026-01-01 00:00,2024-04-03 15:30,aero_1m,2025-12-31 23:59,aero_1m,2024-04-03 16:00,2026-01-01 00:00,active,False,True,0,0,0,0,0.0137,,,v1 CLOSES_1H x Binance Vision 1h volume (2026-10-03) + Aerospike kline_1m_opt (phut v>0)
XAIUSDT,224,224,2024-01-09 15:00,2026-01-01 00:00,2024-01-09 14:00,aero_1m,2025-12-31 23:59,aero_1m,2024-01-09 15:00,2026-01-01 00:00,active,False,True,0,0,0,0,0.01447,,,v1 CLOSES_1H x Binance Vision 1h volume (2026-10-03) + Aerospike kline_1m_opt (phut v>0)
XANUSDT,537,537,2025-09-29 11:00,2026-01-01 00:00,2025-09-29 10:30,aero_1m,2025-12-31 23:59,aero_1m,2025-09-29 11:00,2026-01-01 00:00,active,False,True,0,0,0,0,0.02358,,,v1 CLOSES_1H x Binance Vision 1h volume (2026-10-03) + Aerospike kline_1m_opt (phut v>0)
XAUUSDT,587,587,2025-12-11 09:00,2026-01-01 00:00,2025-12-11 08:05,aero_1m,2025-12-31 23:58,aero_1m,2025-12-11 09:00,2026-01-01 00:00,index,False,False,0,0,0,0,0.0021,,commodity gold (TradFi perp),v1 CLOSES_1H x Binance Vision 1h volume (2026-10-03) + Aerospike kline_1m_opt (phut v>0)
XCNUSDT,411,411,2025-04-11 16:00,2026-01-01 00:00,2025-04-11 15:30,aero_1m,2025-11-21 08:59,aero_1m,2025-04-11 16:00,2025-11-21 09:00,delisted,True,True,975,0,0,0,0.01233,,,v1 CLOSES_1H x Binance Vision 1h volume (2026-10-03) + Aerospike kline_1m_opt (phut v>0)
XEMUSDT,81,81,2021-03-03 08:00,2026-01-01 00:00,2021-03-03 07:00,aero_1m,2024-12-09 09:00,aero_1m,2021-03-03 08:00,2024-12-09 10:00,delisted,True,False,9302,0,0,0,0.01197,"ung vien rename heuristic (gia 1:1 +-5%, khong co trong danh sach da biet): XEMUSDT->PENGUUSDT dt=+8.3d ratio=0.9556",,v1 CLOSES_1H x Binance Vision 1h volume (2026-10-03) + Aerospike kline_1m_opt (phut v>0)
XLMUSDT,34,34,2021-01-01 01:00,2026-01-01 00:00,,"left_censored(<=2021-01-01 00:00, truoc dau du lieu)",2025-12-31 23:59,aero_1m,2021-01-01 01:00,2026-01-01 00:00,active,False,False,0,0,0,0,0.01135,,,v1 CLOSES_1H x Binance Vision 1h volume (2026-10-03) + Aerospike kline_1m_opt (phut v>0)
XMRUSDT,20,20,2021-01-01 01:00,2026-01-01 00:00,,"left_censored(<=2021-01-01 00:00, truoc dau du lieu)",2025-12-31 23:59,aero_1m,2021-01-01 01:00,2026-01-01 00:00,active,False,False,0,0,0,0,0.0096,,,v1 CLOSES_1H x Binance Vision 1h volume (2026-10-03) + Aerospike kline_1m_opt (phut v>0)
XNYUSDT,497,497,2025-08-13 12:00,2026-01-01 00:00,2025-08-13 11:45,aero_1m,2025-12-31 23:59,aero_1m,2025-08-13 12:00,2026-01-01 00:00,active,False,True,0,0,0,0,0.03384,,,v1 CLOSES_1H x Binance Vision 1h volume (2026-10-03) + Aerospike kline_1m_opt (phut v>0)
XPINUSDT,519,519,2025-09-12 09:00,2026-01-01 00:00,2025-09-12 08:00,aero_1m,2025-12-31 23:59,aero_1m,2025-09-12 09:00,2026-01-01 00:00,active,False,True,0,0,0,0,0.03175,,,v1 CLOSES_1H x Binance Vision 1h volume (2026-10-03) + Aerospike kline_1m_opt (phut v>0)
XPLUSDT,502,502,2025-08-22 10:00,2026-01-01 00:00,2025-08-22 09:30,aero_1m,2025-12-31 23:59,aero_1m,2025-08-22 10:00,2026-01-01 00:00,active,False,True,0,0,0,0,0.02167,,,v1 CLOSES_1H x Binance Vision 1h volume (2026-10-03) + Aerospike kline_1m_opt (phut v>0)
XRPUSDT,58,58,2021-01-01 01:00,2026-01-01 00:00,,"left_censored(<=2021-01-01 00:00, truoc dau du lieu)",2025-12-31 23:59,aero_1m,2021-01-01 01:00,2026-01-01 00:00,active,False,False,0,0,0,0,0.01086,,,v1 CLOSES_1H x Binance Vision 1h volume (2026-10-03) + Aerospike kline_1m_opt (phut v>0)
XTZUSDT,17,17,2021-01-01 01:00,2026-01-01 00:00,,"left_censored(<=2021-01-01 00:00, truoc dau du lieu)",2025-12-31 23:59,aero_1m,2021-01-01 01:00,2026-01-01 00:00,active,False,False,0,0,0,0,0.01153,,,v1 CLOSES_1H x Binance Vision 1h volume (2026-10-03) + Aerospike kline_1m_opt (phut v>0)
XVGUSDT,173,173,2023-07-05 13:00,2026-01-01 00:00,2023-07-05 12:00,aero_1m,2025-12-31 23:59,aero_1m,2023-07-05 13:00,2026-01-01 00:00,active,False,True,0,0,0,0,0.01455,,,v1 CLOSES_1H x Binance Vision 1h volume (2026-10-03) + Aerospike kline_1m_opt (phut v>0)
XVSUSDT,162,162,2023-04-13 03:00,2026-01-01 00:00,2023-04-13 02:30,aero_1m,2025-12-31 23:59,aero_1m,2023-04-13 03:00,2026-01-01 00:00,active,False,True,0,0,0,0,0.01108,,,v1 CLOSES_1H x Binance Vision 1h volume (2026-10-03) + Aerospike kline_1m_opt (phut v>0)
YALAUSDT,494,494,2025-08-07 17:00,2026-01-01 00:00,2025-08-07 16:30,aero_1m,2025-12-31 23:59,aero_1m,2025-08-07 17:00,2026-01-01 00:00,active,False,True,0,0,0,0,0.02382,,,v1 CLOSES_1H x Binance Vision 1h volume (2026-10-03) + Aerospike kline_1m_opt (phut v>0)
YBUSDT,550,550,2025-10-10 15:00,2026-01-01 00:00,2025-10-10 14:45,aero_1m,2025-12-31 23:59,aero_1m,2025-10-10 15:00,2026-01-01 00:00,active,False,True,0,0,0,0,0.0241,,,v1 CLOSES_1H x Binance Vision 1h volume (2026-10-03) + Aerospike kline_1m_opt (phut v>0)
YFIIUSDT,773,773,2021-01-01 01:00,2022-04-12 09:00,,"left_censored(<=2021-01-01 00:00, truoc dau du lieu)",2022-04-12 09:59,vision_1h(phut cuoi gio),2021-01-01 01:00,2022-04-12 09:00,delisted,True,False,0,0,0,0,0.01519,,,v1 CLOSES_1H x Binance Vision 1h volume (2026-10-03) + Aerospike kline_1m_opt (phut v>0)
YFIUSDT,21,21,2021-01-01 01:00,2026-01-01 00:00,,"left_censored(<=2021-01-01 00:00, truoc dau du lieu)",2025-12-31 23:57,aero_1m,2021-01-01 01:00,2026-01-01 00:00,active,False,False,0,0,0,0,0.01131,,,v1 CLOSES_1H x Binance Vision 1h volume (2026-10-03) + Aerospike kline_1m_opt (phut v>0)
YGGUSDT,178,178,2023-08-05 04:00,2026-01-01 00:00,2023-08-05 03:30,aero_1m,2025-12-31 23:59,aero_1m,2023-08-05 04:00,2026-01-01 00:00,active,False,True,0,0,0,0,0.01426,,,v1 CLOSES_1H x Binance Vision 1h volume (2026-10-03) + Aerospike kline_1m_opt (phut v>0)
ZBTUSDT,556,556,2025-10-17 12:00,2026-01-01 00:00,2025-10-17 11:30,aero_1m,2025-12-31 23:59,aero_1m,2025-10-17 12:00,2026-01-01 00:00,active,False,True,0,0,0,0,0.01929,,,v1 CLOSES_1H x Binance Vision 1h volume (2026-10-03) + Aerospike kline_1m_opt (phut v>0)
ZECUSDT,22,22,2021-01-01 01:00,2026-01-01 00:00,,"left_censored(<=2021-01-01 00:00, truoc dau du lieu)",2025-12-31 23:59,aero_1m,2021-01-01 01:00,2026-01-01 00:00,active,False,False,0,0,0,0,0.01295,,,v1 CLOSES_1H x Binance Vision 1h volume (2026-10-03) + Aerospike kline_1m_opt (phut v>0)
ZENUSDT,11,11,2021-01-01 01:00,2026-01-01 00:00,,"left_censored(<=2021-01-01 00:00, truoc dau du lieu)",2025-12-31 23:59,aero_1m,2021-01-01 01:00,2026-01-01 00:00,active,False,False,0,0,0,0,0.01444,,,v1 CLOSES_1H x Binance Vision 1h volume (2026-10-03) + Aerospike kline_1m_opt (phut v>0)
ZEREBROUSDT,357,357,2025-01-02 15:00,2026-01-01 00:00,2025-01-02 14:00,aero_1m,2025-12-31 23:59,aero_1m,2025-01-02 15:00,2026-01-01 00:00,active,False,True,0,0,0,0,0.0238,,,v1 CLOSES_1H x Binance Vision 1h volume (2026-10-03) + Aerospike kline_1m_opt (phut v>0)
ZETAUSDT,231,231,2024-02-02 09:00,2026-01-01 00:00,2024-02-02 08:30,aero_1m,2025-12-31 23:59,aero_1m,2024-02-02 09:00,2026-01-01 00:00,active,False,True,0,0,0,0,0.01335,,,v1 CLOSES_1H x Binance Vision 1h volume (2026-10-03) + Aerospike kline_1m_opt (phut v>0)
ZILUSDT,68,68,2021-01-01 01:00,2026-01-01 00:00,,"left_censored(<=2021-01-01 00:00, truoc dau du lieu)",2025-12-31 23:59,aero_1m,2021-01-01 01:00,2026-01-01 00:00,active,False,False,0,0,0,0,0.01209,,,v1 CLOSES_1H x Binance Vision 1h volume (2026-10-03) + Aerospike kline_1m_opt (phut v>0)
ZKCUSDT,521,521,2025-09-15 15:00,2026-01-01 00:00,2025-09-15 14:00,aero_1m,2025-12-31 23:59,aero_1m,2025-09-15 15:00,2026-01-01 00:00,active,False,True,0,0,0,0,0.01877,,,v1 CLOSES_1H x Binance Vision 1h volume (2026-10-03) + Aerospike kline_1m_opt (phut v>0)
ZKJUSDT,438,438,2025-05-13 10:00,2026-01-01 00:00,2025-05-13 09:30,aero_1m,2025-12-31 23:59,aero_1m,2025-05-13 10:00,2026-01-01 00:00,active,False,True,0,0,0,0,0.02685,,,v1 CLOSES_1H x Binance Vision 1h volume (2026-10-03) + Aerospike kline_1m_opt (phut v>0)
ZKPUSDT,591,591,2025-12-21 11:00,2026-01-01 00:00,2025-12-21 10:00,aero_1m,2025-12-31 23:59,aero_1m,2025-12-21 11:00,2026-01-01 00:00,active,False,True,0,0,0,0,0.03735,,,v1 CLOSES_1H x Binance Vision 1h volume (2026-10-03) + Aerospike kline_1m_opt (phut v>0)
ZKUSDT,259,259,2024-06-17 12:00,2026-01-01 00:00,2024-06-17 11:07,aero_1m,2025-12-31 23:59,aero_1m,2024-06-17 12:00,2026-01-01 00:00,active,False,True,0,0,0,0,0.01395,,,v1 CLOSES_1H x Binance Vision 1h volume (2026-10-03) + Aerospike kline_1m_opt (phut v>0)
ZORAUSDT,482,482,2025-07-25 12:00,2026-01-01 00:00,2025-07-25 11:00,aero_1m,2025-12-31 23:59,aero_1m,2025-07-25 12:00,2026-01-01 00:00,active,False,True,0,0,0,0,0.02104,,,v1 CLOSES_1H x Binance Vision 1h volume (2026-10-03) + Aerospike kline_1m_opt (phut v>0)
ZRCUSDT,484,484,2025-07-29 10:00,2026-01-01 00:00,2025-07-29 09:45,aero_1m,2025-12-31 23:59,aero_1m,2025-07-29 10:00,2026-01-01 00:00,active,False,True,0,0,0,0,0.0133,,,v1 CLOSES_1H x Binance Vision 1h volume (2026-10-03) + Aerospike kline_1m_opt (phut v>0)
ZROUSDT,262,262,2024-06-20 15:00,2026-01-01 00:00,2024-06-20 14:30,aero_1m,2025-12-31 23:59,aero_1m,2024-06-20 15:00,2026-01-01 00:00,active,False,True,0,0,0,0,0.01298,,,v1 CLOSES_1H x Binance Vision 1h volume (2026-10-03) + Aerospike kline_1m_opt (phut v>0)
ZRXUSDT,9,9,2021-01-01 01:00,2026-01-01 00:00,,"left_censored(<=2021-01-01 00:00, truoc dau du lieu)",2025-12-31 23:59,aero_1m,2021-01-01 01:00,2026-01-01 00:00,active,False,False,0,0,0,0,0.0132,,,v1 CLOSES_1H x Binance Vision 1h volume (2026-10-03) + Aerospike kline_1m_opt (phut v>0)
币安人生USDT,560,560,2025-10-20 12:00,2025-12-30 00:00,2025-10-20 11:00,aero_1m,2025-12-31 23:59,vision_1h(phut cuoi gio),2025-10-20 12:00,2025-12-30 00:00,active,False,True,0,0,0,0,0.04906,v1 THIEU cuoi doi: Vision co gio that toi 2026-01-01 00:00 (v1 toi 2025-12-30 00:00),,v1 CLOSES_1H x Binance Vision 1h volume (2026-10-03) + Aerospike kline_1m_opt (phut v>0)
